collected_at,flight,origin,arr_scheduled,arr_actual,delay_min,status
2026-05-16 1:59,U21868,Prague [PRG],2026-05-16 0:05,,,PRéVU
2026-05-16 1:59,V73842,Malaga [AGP],2026-05-16 23:55,,,EN ROUTE
2026-05-16 1:59,V72135,Barcelone [BCN],2026-05-16 23:15,,,EN ROUTE
2026-05-16 1:59,U21808,Marseille [MRS],2026-05-16 23:05,2026-05-16 22:47,-18,EN ROUTE
2026-05-16 1:59,PPFJA,Teterboro [TEB],2026-05-16 22:58,2026-05-16 0:29,91,EN ROUTE
2026-05-16 1:59,U21836,Nice [NCE],2026-05-16 22:50,,,PRéVU
2026-05-16 1:59,TU628,Tunis [TUN],2026-05-16 22:50,2026-05-16 22:48,-2,EN ROUTE
2026-05-16 1:59,SK6782,Amsterdam [AMS],2026-05-16 22:45,2026-05-16 22:50,5,EN ROUTE
2026-05-16 1:59,MU1573,Amsterdam [AMS],2026-05-16 22:45,2026-05-16 22:50,5,EN ROUTE
2026-05-16 1:59,KQ1319,Amsterdam [AMS],2026-05-16 22:45,2026-05-16 22:50,5,EN ROUTE
2026-05-16 1:59,G35512,Amsterdam [AMS],2026-05-16 22:45,2026-05-16 22:50,5,EN ROUTE
2026-05-16 1:59,AF5193,Amsterdam [AMS],2026-05-16 22:45,2026-05-16 22:50,5,EN ROUTE
2026-05-16 1:59,KL1447,Amsterdam [AMS],2026-05-16 22:45,2026-05-16 22:50,5,EN ROUTE
2026-05-16 1:59,V72405,Ajaccio [AJA],2026-05-16 22:20,2026-05-16 22:11,-9,EN ROUTE
2026-05-16 1:59,QR3547,Barcelone [BCN],2026-05-16 22:15,2026-05-16 22:24,9,EN ROUTE
2026-05-16 1:59,QR3524,Barcelone [BCN],2026-05-16 22:15,,,PRéVU
2026-05-16 1:59,LA5758,Barcelone [BCN],2026-05-16 22:15,,,PRéVU
2026-05-16 1:59,LL5269,Barcelone [BCN],2026-05-16 22:15,2026-05-16 22:24,9,EN ROUTE
2026-05-16 1:59,IB5439,Barcelone [BCN],2026-05-16 22:15,2026-05-16 22:24,9,EN ROUTE
2026-05-16 1:59,QR3516,Barcelone [BCN],2026-05-16 22:15,2026-05-16 22:24,9,EN ROUTE
2026-05-16 1:59,VY2914,Barcelone [BCN],2026-05-16 22:15,2026-05-16 22:24,9,EN ROUTE
2026-05-16 1:59,AM5794,Paris [CDG],2026-05-16 22:00,2026-05-16 22:16,16,EN ROUTE
2026-05-16 1:59,AY6303,Paris [CDG],2026-05-16 22:00,2026-05-16 22:16,16,EN ROUTE
2026-05-16 1:59,MK9010,Paris [CDG],2026-05-16 22:00,2026-05-16 22:16,16,EN ROUTE
2026-05-16 1:59,MU1733,Paris [CDG],2026-05-16 22:00,2026-05-16 22:16,16,EN ROUTE
2026-05-16 1:59,SK9730,Paris [CDG],2026-05-16 22:00,2026-05-16 22:16,16,EN ROUTE
2026-05-16 1:59,BT5613,Paris [CDG],2026-05-16 22:00,2026-05-16 22:16,16,EN ROUTE
2026-05-16 1:59,AF7440,Paris [CDG],2026-05-16 22:00,2026-05-16 22:16,16,EN ROUTE
2026-05-16 1:59,U22375,Luton [LTN],2026-05-16 21:55,,,PRéVU
2026-05-16 1:59,BJ718,Tunis [TUN],2026-05-16 21:55,2026-05-16 21:53,-2,EN ROUTE
2026-05-16 1:59,U21824,Lille [LIL],2026-05-16 21:35,,,PRéVU
2026-05-16 1:59,U24311,Lyon [LYS],2026-05-16 21:20,,,PRéVU
2026-05-16 1:59,QR5938,Londres [LGW],2026-05-16 21:20,,,PRéVU
2026-05-16 1:59,BA2572,Londres [LGW],2026-05-16 21:20,,,PRéVU
2026-05-16 1:59,V72611,Strasbourg [SXB],2026-05-16 21:20,2026-05-16 22:26,66,EN ROUTE
2026-05-16 1:59,U28385,Londres [LGW],2026-05-16 21:10,,,EN ROUTE
2026-05-16 1:59,ARL707A,Paris [LBG],2026-05-16 20:55,,,PRéVU
2026-05-16 1:59,U21391,Genève [GVA],2026-05-16 20:55,,,PRéVU
2026-05-16 1:59,D83632,Copenhague [CPH],2026-05-16 20:50,,,PRéVU
2026-05-16 1:59,U21930,Rome [FCO],2026-05-16 19:40,,,PRéVU
2026-05-16 2:26,U21868,Prague [PRG],2026-05-16 0:05,,,PRéVU
2026-05-16 2:26,V73842,Malaga [AGP],2026-05-16 23:55,,,EN ROUTE
2026-05-16 2:26,V72135,Barcelone [BCN],2026-05-16 23:15,,,EN ROUTE
2026-05-16 2:26,U21808,Marseille [MRS],2026-05-16 23:05,2026-05-16 22:47,-18,EN ROUTE
2026-05-16 2:26,PPFJA,Teterboro [TEB],2026-05-16 22:58,2026-05-16 0:29,91,EN ROUTE
2026-05-16 2:26,U21836,Nice [NCE],2026-05-16 22:50,,,PRéVU
2026-05-16 2:26,TU628,Tunis [TUN],2026-05-16 22:50,2026-05-16 22:48,-2,EN ROUTE
2026-05-16 2:26,SK6782,Amsterdam [AMS],2026-05-16 22:45,2026-05-16 22:50,5,EN ROUTE
2026-05-16 2:26,MU1573,Amsterdam [AMS],2026-05-16 22:45,2026-05-16 22:50,5,EN ROUTE
2026-05-16 2:26,KQ1319,Amsterdam [AMS],2026-05-16 22:45,2026-05-16 22:50,5,EN ROUTE
2026-05-16 2:26,G35512,Amsterdam [AMS],2026-05-16 22:45,2026-05-16 22:50,5,EN ROUTE
2026-05-16 2:26,AF5193,Amsterdam [AMS],2026-05-16 22:45,2026-05-16 22:50,5,EN ROUTE
2026-05-16 2:26,KL1447,Amsterdam [AMS],2026-05-16 22:45,2026-05-16 22:50,5,EN ROUTE
2026-05-16 2:26,V72405,Ajaccio [AJA],2026-05-16 22:20,2026-05-16 22:11,-9,EN ROUTE
2026-05-16 2:26,QR3547,Barcelone [BCN],2026-05-16 22:15,2026-05-16 22:24,9,EN ROUTE
2026-05-16 2:26,QR3524,Barcelone [BCN],2026-05-16 22:15,,,PRéVU
2026-05-16 2:26,LA5758,Barcelone [BCN],2026-05-16 22:15,,,PRéVU
2026-05-16 2:26,LL5269,Barcelone [BCN],2026-05-16 22:15,2026-05-16 22:24,9,EN ROUTE
2026-05-16 2:26,IB5439,Barcelone [BCN],2026-05-16 22:15,2026-05-16 22:24,9,EN ROUTE
2026-05-16 2:26,QR3516,Barcelone [BCN],2026-05-16 22:15,2026-05-16 22:24,9,EN ROUTE
2026-05-16 2:26,VY2914,Barcelone [BCN],2026-05-16 22:15,2026-05-16 22:24,9,EN ROUTE
2026-05-16 2:26,AM5794,Paris [CDG],2026-05-16 22:00,2026-05-16 22:16,16,EN ROUTE
2026-05-16 2:26,AY6303,Paris [CDG],2026-05-16 22:00,2026-05-16 22:16,16,EN ROUTE
2026-05-16 2:26,MK9010,Paris [CDG],2026-05-16 22:00,2026-05-16 22:16,16,EN ROUTE
2026-05-16 2:26,MU1733,Paris [CDG],2026-05-16 22:00,2026-05-16 22:16,16,EN ROUTE
2026-05-16 2:26,SK9730,Paris [CDG],2026-05-16 22:00,2026-05-16 22:16,16,EN ROUTE
2026-05-16 2:26,BT5613,Paris [CDG],2026-05-16 22:00,2026-05-16 22:16,16,EN ROUTE
2026-05-16 2:26,AF7440,Paris [CDG],2026-05-16 22:00,2026-05-16 22:16,16,EN ROUTE
2026-05-16 2:26,U22375,Luton [LTN],2026-05-16 21:55,,,PRéVU
2026-05-16 2:26,BJ718,Tunis [TUN],2026-05-16 21:55,2026-05-16 21:53,-2,EN ROUTE
2026-05-16 2:26,U21824,Lille [LIL],2026-05-16 21:35,,,PRéVU
2026-05-16 2:26,U24311,Lyon [LYS],2026-05-16 21:20,,,PRéVU
2026-05-16 2:26,QR5938,Londres [LGW],2026-05-16 21:20,,,PRéVU
2026-05-16 2:26,BA2572,Londres [LGW],2026-05-16 21:20,,,PRéVU
2026-05-16 2:26,V72611,Strasbourg [SXB],2026-05-16 21:20,2026-05-16 22:26,66,EN ROUTE
2026-05-16 2:26,U28385,Londres [LGW],2026-05-16 21:10,,,EN ROUTE
2026-05-16 2:26,ARL707A,Paris [LBG],2026-05-16 20:55,,,PRéVU
2026-05-16 2:26,U21391,Genève [GVA],2026-05-16 20:55,,,PRéVU
2026-05-16 2:26,D83632,Copenhague [CPH],2026-05-16 20:50,,,PRéVU
2026-05-16 2:26,U21930,Rome [FCO],2026-05-16 19:40,,,PRéVU
2026-05-16 2:56,U21868,Prague [PRG],2026-05-16 0:05,,,PRéVU
2026-05-16 2:56,V73842,Malaga [AGP],2026-05-16 23:55,,,EN ROUTE
2026-05-16 2:56,V72135,Barcelone [BCN],2026-05-16 23:15,,,EN ROUTE
2026-05-16 2:56,U21808,Marseille [MRS],2026-05-16 23:05,2026-05-16 22:47,-18,EN ROUTE
2026-05-16 2:56,PPFJA,Teterboro [TEB],2026-05-16 22:58,2026-05-16 0:29,91,EN ROUTE
2026-05-16 2:56,U21836,Nice [NCE],2026-05-16 22:50,,,PRéVU
2026-05-16 2:56,TU628,Tunis [TUN],2026-05-16 22:50,2026-05-16 22:48,-2,EN ROUTE
2026-05-16 2:56,SK6782,Amsterdam [AMS],2026-05-16 22:45,2026-05-16 22:50,5,EN ROUTE
2026-05-16 2:56,MU1573,Amsterdam [AMS],2026-05-16 22:45,2026-05-16 22:50,5,EN ROUTE
2026-05-16 2:56,KQ1319,Amsterdam [AMS],2026-05-16 22:45,2026-05-16 22:50,5,EN ROUTE
2026-05-16 2:56,G35512,Amsterdam [AMS],2026-05-16 22:45,2026-05-16 22:50,5,EN ROUTE
2026-05-16 2:56,AF5193,Amsterdam [AMS],2026-05-16 22:45,2026-05-16 22:50,5,EN ROUTE
2026-05-16 2:56,KL1447,Amsterdam [AMS],2026-05-16 22:45,2026-05-16 22:50,5,EN ROUTE
2026-05-16 2:56,V72405,Ajaccio [AJA],2026-05-16 22:20,2026-05-16 22:11,-9,EN ROUTE
2026-05-16 2:56,QR3547,Barcelone [BCN],2026-05-16 22:15,2026-05-16 22:24,9,EN ROUTE
2026-05-16 2:56,QR3524,Barcelone [BCN],2026-05-16 22:15,,,PRéVU
2026-05-16 2:56,LA5758,Barcelone [BCN],2026-05-16 22:15,,,PRéVU
2026-05-16 2:56,LL5269,Barcelone [BCN],2026-05-16 22:15,2026-05-16 22:24,9,EN ROUTE
2026-05-16 2:56,IB5439,Barcelone [BCN],2026-05-16 22:15,2026-05-16 22:24,9,EN ROUTE
2026-05-16 2:56,QR3516,Barcelone [BCN],2026-05-16 22:15,2026-05-16 22:24,9,EN ROUTE
2026-05-16 2:56,VY2914,Barcelone [BCN],2026-05-16 22:15,2026-05-16 22:24,9,EN ROUTE
2026-05-16 2:56,AM5794,Paris [CDG],2026-05-16 22:00,2026-05-16 22:16,16,EN ROUTE
2026-05-16 2:56,AY6303,Paris [CDG],2026-05-16 22:00,2026-05-16 22:16,16,EN ROUTE
2026-05-16 2:56,MK9010,Paris [CDG],2026-05-16 22:00,2026-05-16 22:16,16,EN ROUTE
2026-05-16 2:56,MU1733,Paris [CDG],2026-05-16 22:00,2026-05-16 22:16,16,EN ROUTE
2026-05-16 2:56,SK9730,Paris [CDG],2026-05-16 22:00,2026-05-16 22:16,16,EN ROUTE
2026-05-16 2:56,BT5613,Paris [CDG],2026-05-16 22:00,2026-05-16 22:16,16,EN ROUTE
2026-05-16 2:56,AF7440,Paris [CDG],2026-05-16 22:00,2026-05-16 22:16,16,EN ROUTE
2026-05-16 2:56,U22375,Luton [LTN],2026-05-16 21:55,,,PRéVU
2026-05-16 2:56,BJ718,Tunis [TUN],2026-05-16 21:55,2026-05-16 21:53,-2,EN ROUTE
2026-05-16 2:56,U21824,Lille [LIL],2026-05-16 21:35,,,PRéVU
2026-05-16 2:56,U24311,Lyon [LYS],2026-05-16 21:20,,,PRéVU
2026-05-16 2:56,QR5938,Londres [LGW],2026-05-16 21:20,,,PRéVU
2026-05-16 2:56,BA2572,Londres [LGW],2026-05-16 21:20,,,PRéVU
2026-05-16 2:56,V72611,Strasbourg [SXB],2026-05-16 21:20,2026-05-16 22:26,66,EN ROUTE
2026-05-16 2:56,U28385,Londres [LGW],2026-05-16 21:10,,,EN ROUTE
2026-05-16 2:56,ARL707A,Paris [LBG],2026-05-16 20:55,,,PRéVU
2026-05-16 2:56,U21391,Genève [GVA],2026-05-16 20:55,,,PRéVU
2026-05-16 2:56,D83632,Copenhague [CPH],2026-05-16 20:50,,,PRéVU
2026-05-16 2:56,U21930,Rome [FCO],2026-05-16 19:40,,,PRéVU
2026-05-16 3:26,OYO10,Bourges [BOU],2026-05-16 3:50,,,PRéVU
2026-05-16 3:56,OYO10,Bourges [BOU],2026-05-16 3:50,,,PRéVU
2026-05-16 4:26,OYO10,Bourges [BOU],2026-05-16 3:50,,,PRéVU
2026-05-16 4:26,U21868,Prague [PRG],2026-05-16 0:05,,,PRéVU
2026-05-16 4:26,V73842,Malaga [AGP],2026-05-16 23:55,,,EN ROUTE
2026-05-16 4:26,V72135,Barcelone [BCN],2026-05-16 23:15,,,EN ROUTE
2026-05-16 4:26,U21808,Marseille [MRS],2026-05-16 23:05,2026-05-16 22:47,-18,EN ROUTE
2026-05-16 4:26,PPFJA,Teterboro [TEB],2026-05-16 22:58,2026-05-16 0:29,91,EN ROUTE
2026-05-16 4:26,U21836,Nice [NCE],2026-05-16 22:50,,,PRéVU
2026-05-16 4:26,TU628,Tunis [TUN],2026-05-16 22:50,2026-05-16 22:48,-2,EN ROUTE
2026-05-16 4:26,SK6782,Amsterdam [AMS],2026-05-16 22:45,2026-05-16 22:50,5,EN ROUTE
2026-05-16 4:26,MU1573,Amsterdam [AMS],2026-05-16 22:45,2026-05-16 22:50,5,EN ROUTE
2026-05-16 4:26,KQ1319,Amsterdam [AMS],2026-05-16 22:45,2026-05-16 22:50,5,EN ROUTE
2026-05-16 4:26,G35512,Amsterdam [AMS],2026-05-16 22:45,2026-05-16 22:50,5,EN ROUTE
2026-05-16 4:26,AF5193,Amsterdam [AMS],2026-05-16 22:45,2026-05-16 22:50,5,EN ROUTE
2026-05-16 4:26,KL1447,Amsterdam [AMS],2026-05-16 22:45,2026-05-16 22:50,5,EN ROUTE
2026-05-16 4:26,V72405,Ajaccio [AJA],2026-05-16 22:20,2026-05-16 22:11,-9,EN ROUTE
2026-05-16 4:26,QR3547,Barcelone [BCN],2026-05-16 22:15,2026-05-16 22:24,9,EN ROUTE
2026-05-16 4:26,QR3524,Barcelone [BCN],2026-05-16 22:15,,,PRéVU
2026-05-16 4:26,LA5758,Barcelone [BCN],2026-05-16 22:15,,,PRéVU
2026-05-16 4:26,LL5269,Barcelone [BCN],2026-05-16 22:15,2026-05-16 22:24,9,EN ROUTE
2026-05-16 4:26,IB5439,Barcelone [BCN],2026-05-16 22:15,2026-05-16 22:24,9,EN ROUTE
2026-05-16 4:26,QR3516,Barcelone [BCN],2026-05-16 22:15,2026-05-16 22:24,9,EN ROUTE
2026-05-16 4:26,VY2914,Barcelone [BCN],2026-05-16 22:15,2026-05-16 22:24,9,EN ROUTE
2026-05-16 4:26,AM5794,Paris [CDG],2026-05-16 22:00,2026-05-16 22:16,16,EN ROUTE
2026-05-16 4:26,AY6303,Paris [CDG],2026-05-16 22:00,2026-05-16 22:16,16,EN ROUTE
2026-05-16 4:26,MK9010,Paris [CDG],2026-05-16 22:00,2026-05-16 22:16,16,EN ROUTE
2026-05-16 4:26,MU1733,Paris [CDG],2026-05-16 22:00,2026-05-16 22:16,16,EN ROUTE
2026-05-16 4:26,SK9730,Paris [CDG],2026-05-16 22:00,2026-05-16 22:16,16,EN ROUTE
2026-05-16 4:26,BT5613,Paris [CDG],2026-05-16 22:00,2026-05-16 22:16,16,EN ROUTE
2026-05-16 4:26,AF7440,Paris [CDG],2026-05-16 22:00,2026-05-16 22:16,16,EN ROUTE
2026-05-16 4:26,U22375,Luton [LTN],2026-05-16 21:55,,,PRéVU
2026-05-16 4:26,BJ718,Tunis [TUN],2026-05-16 21:55,2026-05-16 21:53,-2,EN ROUTE
2026-05-16 4:26,U21824,Lille [LIL],2026-05-16 21:35,,,PRéVU
2026-05-16 4:26,U24311,Lyon [LYS],2026-05-16 21:20,,,PRéVU
2026-05-16 4:26,QR5938,Londres [LGW],2026-05-16 21:20,,,PRéVU
2026-05-16 4:26,BA2572,Londres [LGW],2026-05-16 21:20,,,PRéVU
2026-05-16 4:26,V72611,Strasbourg [SXB],2026-05-16 21:20,2026-05-16 22:26,66,EN ROUTE
2026-05-16 4:26,U28385,Londres [LGW],2026-05-16 21:10,,,EN ROUTE
2026-05-16 4:26,ARL707A,Paris [LBG],2026-05-16 20:55,,,PRéVU
2026-05-16 4:26,U21391,Genève [GVA],2026-05-16 20:55,,,PRéVU
2026-05-16 4:26,D83632,Copenhague [CPH],2026-05-16 20:50,,,PRéVU
2026-05-16 4:56,OYO10,Bourges [BOU],2026-05-16 3:50,,,PRéVU
2026-05-16 4:56,U21868,Prague [PRG],2026-05-16 0:05,,,PRéVU
2026-05-16 4:56,V73842,Malaga [AGP],2026-05-16 23:55,,,EN ROUTE
2026-05-16 4:56,V72135,Barcelone [BCN],2026-05-16 23:15,,,EN ROUTE
2026-05-16 4:56,U21808,Marseille [MRS],2026-05-16 23:05,2026-05-16 22:47,-18,EN ROUTE
2026-05-16 4:56,PPFJA,Teterboro [TEB],2026-05-16 22:58,2026-05-16 0:29,91,EN ROUTE
2026-05-16 4:56,U21836,Nice [NCE],2026-05-16 22:50,,,PRéVU
2026-05-16 4:56,TU628,Tunis [TUN],2026-05-16 22:50,2026-05-16 22:48,-2,EN ROUTE
2026-05-16 4:56,SK6782,Amsterdam [AMS],2026-05-16 22:45,2026-05-16 22:50,5,EN ROUTE
2026-05-16 4:56,MU1573,Amsterdam [AMS],2026-05-16 22:45,2026-05-16 22:50,5,EN ROUTE
2026-05-16 4:56,KQ1319,Amsterdam [AMS],2026-05-16 22:45,2026-05-16 22:50,5,EN ROUTE
2026-05-16 4:56,G35512,Amsterdam [AMS],2026-05-16 22:45,2026-05-16 22:50,5,EN ROUTE
2026-05-16 4:56,AF5193,Amsterdam [AMS],2026-05-16 22:45,2026-05-16 22:50,5,EN ROUTE
2026-05-16 4:56,KL1447,Amsterdam [AMS],2026-05-16 22:45,2026-05-16 22:50,5,EN ROUTE
2026-05-16 4:56,V72405,Ajaccio [AJA],2026-05-16 22:20,2026-05-16 22:11,-9,EN ROUTE
2026-05-16 4:56,QR3547,Barcelone [BCN],2026-05-16 22:15,2026-05-16 22:24,9,EN ROUTE
2026-05-16 4:56,QR3524,Barcelone [BCN],2026-05-16 22:15,,,PRéVU
2026-05-16 4:56,LA5758,Barcelone [BCN],2026-05-16 22:15,,,PRéVU
2026-05-16 4:56,LL5269,Barcelone [BCN],2026-05-16 22:15,2026-05-16 22:24,9,EN ROUTE
2026-05-16 4:56,IB5439,Barcelone [BCN],2026-05-16 22:15,2026-05-16 22:24,9,EN ROUTE
2026-05-16 4:56,QR3516,Barcelone [BCN],2026-05-16 22:15,2026-05-16 22:24,9,EN ROUTE
2026-05-16 4:56,VY2914,Barcelone [BCN],2026-05-16 22:15,2026-05-16 22:24,9,EN ROUTE
2026-05-16 4:56,AM5794,Paris [CDG],2026-05-16 22:00,2026-05-16 22:16,16,EN ROUTE
2026-05-16 4:56,AY6303,Paris [CDG],2026-05-16 22:00,2026-05-16 22:16,16,EN ROUTE
2026-05-16 4:56,MK9010,Paris [CDG],2026-05-16 22:00,2026-05-16 22:16,16,EN ROUTE
2026-05-16 4:56,MU1733,Paris [CDG],2026-05-16 22:00,2026-05-16 22:16,16,EN ROUTE
2026-05-16 4:56,SK9730,Paris [CDG],2026-05-16 22:00,2026-05-16 22:16,16,EN ROUTE
2026-05-16 4:56,BT5613,Paris [CDG],2026-05-16 22:00,2026-05-16 22:16,16,EN ROUTE
2026-05-16 4:56,AF7440,Paris [CDG],2026-05-16 22:00,2026-05-16 22:16,16,EN ROUTE
2026-05-16 4:56,U22375,Luton [LTN],2026-05-16 21:55,,,PRéVU
2026-05-16 4:56,BJ718,Tunis [TUN],2026-05-16 21:55,2026-05-16 21:53,-2,EN ROUTE
2026-05-16 4:56,U21824,Lille [LIL],2026-05-16 21:35,,,PRéVU
2026-05-16 4:56,U24311,Lyon [LYS],2026-05-16 21:20,,,PRéVU
2026-05-16 4:56,QR5938,Londres [LGW],2026-05-16 21:20,,,PRéVU
2026-05-16 4:56,BA2572,Londres [LGW],2026-05-16 21:20,,,PRéVU
2026-05-16 4:56,V72611,Strasbourg [SXB],2026-05-16 21:20,2026-05-16 22:26,66,EN ROUTE
2026-05-16 4:56,U28385,Londres [LGW],2026-05-16 21:10,,,EN ROUTE
2026-05-16 4:56,ARL707A,Paris [LBG],2026-05-16 20:55,,,PRéVU
2026-05-16 4:56,U21391,Genève [GVA],2026-05-16 20:55,,,PRéVU
2026-05-16 4:56,D83632,Copenhague [CPH],2026-05-16 20:50,,,PRéVU
2026-05-16 5:26,OYO10,Bourges [BOU],2026-05-16 3:50,,,PRéVU
2026-05-16 5:26,U21868,Prague [PRG],2026-05-16 0:05,,,PRéVU
2026-05-16 5:26,V73842,Malaga [AGP],2026-05-16 23:55,,,EN ROUTE
2026-05-16 5:26,V72135,Barcelone [BCN],2026-05-16 23:15,,,EN ROUTE
2026-05-16 5:26,U21808,Marseille [MRS],2026-05-16 23:05,2026-05-16 22:47,-18,EN ROUTE
2026-05-16 5:26,PPFJA,Teterboro [TEB],2026-05-16 22:58,2026-05-16 0:29,91,EN ROUTE
2026-05-16 5:26,U21836,Nice [NCE],2026-05-16 22:50,,,PRéVU
2026-05-16 5:26,TU628,Tunis [TUN],2026-05-16 22:50,2026-05-16 22:48,-2,EN ROUTE
2026-05-16 5:26,SK6782,Amsterdam [AMS],2026-05-16 22:45,2026-05-16 22:50,5,EN ROUTE
2026-05-16 5:26,MU1573,Amsterdam [AMS],2026-05-16 22:45,2026-05-16 22:50,5,EN ROUTE
2026-05-16 5:26,KQ1319,Amsterdam [AMS],2026-05-16 22:45,2026-05-16 22:50,5,EN ROUTE
2026-05-16 5:26,G35512,Amsterdam [AMS],2026-05-16 22:45,2026-05-16 22:50,5,EN ROUTE
2026-05-16 5:26,AF5193,Amsterdam [AMS],2026-05-16 22:45,2026-05-16 22:50,5,EN ROUTE
2026-05-16 5:26,KL1447,Amsterdam [AMS],2026-05-16 22:45,2026-05-16 22:50,5,EN ROUTE
2026-05-16 5:26,V72405,Ajaccio [AJA],2026-05-16 22:20,2026-05-16 22:11,-9,EN ROUTE
2026-05-16 5:26,QR3547,Barcelone [BCN],2026-05-16 22:15,2026-05-16 22:24,9,EN ROUTE
2026-05-16 5:26,QR3524,Barcelone [BCN],2026-05-16 22:15,,,PRéVU
2026-05-16 5:26,LA5758,Barcelone [BCN],2026-05-16 22:15,,,PRéVU
2026-05-16 5:26,LL5269,Barcelone [BCN],2026-05-16 22:15,2026-05-16 22:24,9,EN ROUTE
2026-05-16 5:26,IB5439,Barcelone [BCN],2026-05-16 22:15,2026-05-16 22:24,9,EN ROUTE
2026-05-16 5:26,QR3516,Barcelone [BCN],2026-05-16 22:15,2026-05-16 22:24,9,EN ROUTE
2026-05-16 5:26,VY2914,Barcelone [BCN],2026-05-16 22:15,2026-05-16 22:24,9,EN ROUTE
2026-05-16 5:26,AM5794,Paris [CDG],2026-05-16 22:00,2026-05-16 22:16,16,EN ROUTE
2026-05-16 5:26,AY6303,Paris [CDG],2026-05-16 22:00,2026-05-16 22:16,16,EN ROUTE
2026-05-16 5:26,MK9010,Paris [CDG],2026-05-16 22:00,2026-05-16 22:16,16,EN ROUTE
2026-05-16 5:26,MU1733,Paris [CDG],2026-05-16 22:00,2026-05-16 22:16,16,EN ROUTE
2026-05-16 5:26,SK9730,Paris [CDG],2026-05-16 22:00,2026-05-16 22:16,16,EN ROUTE
2026-05-16 5:26,BT5613,Paris [CDG],2026-05-16 22:00,2026-05-16 22:16,16,EN ROUTE
2026-05-16 5:26,AF7440,Paris [CDG],2026-05-16 22:00,2026-05-16 22:16,16,EN ROUTE
2026-05-16 5:26,U22375,Luton [LTN],2026-05-16 21:55,,,PRéVU
2026-05-16 5:26,BJ718,Tunis [TUN],2026-05-16 21:55,2026-05-16 21:53,-2,EN ROUTE
2026-05-16 5:26,U21824,Lille [LIL],2026-05-16 21:35,,,PRéVU
2026-05-16 5:26,U24311,Lyon [LYS],2026-05-16 21:20,,,PRéVU
2026-05-16 5:26,QR5938,Londres [LGW],2026-05-16 21:20,,,PRéVU
2026-05-16 5:26,BA2572,Londres [LGW],2026-05-16 21:20,,,PRéVU
2026-05-16 5:26,V72611,Strasbourg [SXB],2026-05-16 21:20,2026-05-16 22:26,66,EN ROUTE
2026-05-16 5:26,U28385,Londres [LGW],2026-05-16 21:10,,,EN ROUTE
2026-05-16 5:26,ARL707A,Paris [LBG],2026-05-16 20:55,,,PRéVU
2026-05-16 5:26,U21391,Genève [GVA],2026-05-16 20:55,,,PRéVU
2026-05-16 5:26,D83632,Copenhague [CPH],2026-05-16 20:50,,,PRéVU
2026-05-16 5:56,OYO10,Bourges [BOU],2026-05-16 3:50,,,PRéVU
2026-05-16 5:56,U21868,Prague [PRG],2026-05-16 0:05,,,PRéVU
2026-05-16 5:56,V73842,Malaga [AGP],2026-05-16 23:55,,,EN ROUTE
2026-05-16 5:56,V72135,Barcelone [BCN],2026-05-16 23:15,,,EN ROUTE
2026-05-16 5:56,U21808,Marseille [MRS],2026-05-16 23:05,2026-05-16 22:47,-18,EN ROUTE
2026-05-16 5:56,PPFJA,Teterboro [TEB],2026-05-16 22:58,2026-05-16 0:29,91,EN ROUTE
2026-05-16 5:56,U21836,Nice [NCE],2026-05-16 22:50,,,PRéVU
2026-05-16 5:56,TU628,Tunis [TUN],2026-05-16 22:50,2026-05-16 22:48,-2,EN ROUTE
2026-05-16 5:56,SK6782,Amsterdam [AMS],2026-05-16 22:45,2026-05-16 22:50,5,EN ROUTE
2026-05-16 5:56,MU1573,Amsterdam [AMS],2026-05-16 22:45,2026-05-16 22:50,5,EN ROUTE
2026-05-16 5:56,KQ1319,Amsterdam [AMS],2026-05-16 22:45,2026-05-16 22:50,5,EN ROUTE
2026-05-16 5:56,G35512,Amsterdam [AMS],2026-05-16 22:45,2026-05-16 22:50,5,EN ROUTE
2026-05-16 5:56,AF5193,Amsterdam [AMS],2026-05-16 22:45,2026-05-16 22:50,5,EN ROUTE
2026-05-16 5:56,KL1447,Amsterdam [AMS],2026-05-16 22:45,2026-05-16 22:50,5,EN ROUTE
2026-05-16 5:56,V72405,Ajaccio [AJA],2026-05-16 22:20,2026-05-16 22:11,-9,EN ROUTE
2026-05-16 5:56,QR3547,Barcelone [BCN],2026-05-16 22:15,2026-05-16 22:24,9,EN ROUTE
2026-05-16 5:56,QR3524,Barcelone [BCN],2026-05-16 22:15,,,PRéVU
2026-05-16 5:56,LA5758,Barcelone [BCN],2026-05-16 22:15,,,PRéVU
2026-05-16 5:56,LL5269,Barcelone [BCN],2026-05-16 22:15,2026-05-16 22:24,9,EN ROUTE
2026-05-16 5:56,IB5439,Barcelone [BCN],2026-05-16 22:15,2026-05-16 22:24,9,EN ROUTE
2026-05-16 5:56,QR3516,Barcelone [BCN],2026-05-16 22:15,2026-05-16 22:24,9,EN ROUTE
2026-05-16 5:56,VY2914,Barcelone [BCN],2026-05-16 22:15,2026-05-16 22:24,9,EN ROUTE
2026-05-16 5:56,AM5794,Paris [CDG],2026-05-16 22:00,2026-05-16 22:16,16,EN ROUTE
2026-05-16 5:56,AY6303,Paris [CDG],2026-05-16 22:00,2026-05-16 22:16,16,EN ROUTE
2026-05-16 5:56,MK9010,Paris [CDG],2026-05-16 22:00,2026-05-16 22:16,16,EN ROUTE
2026-05-16 5:56,MU1733,Paris [CDG],2026-05-16 22:00,2026-05-16 22:16,16,EN ROUTE
2026-05-16 5:56,SK9730,Paris [CDG],2026-05-16 22:00,2026-05-16 22:16,16,EN ROUTE
2026-05-16 5:56,BT5613,Paris [CDG],2026-05-16 22:00,2026-05-16 22:16,16,EN ROUTE
2026-05-16 5:56,AF7440,Paris [CDG],2026-05-16 22:00,2026-05-16 22:16,16,EN ROUTE
2026-05-16 5:56,U22375,Luton [LTN],2026-05-16 21:55,,,PRéVU
2026-05-16 5:56,BJ718,Tunis [TUN],2026-05-16 21:55,2026-05-16 21:53,-2,EN ROUTE
2026-05-16 5:56,U21824,Lille [LIL],2026-05-16 21:35,,,PRéVU
2026-05-16 5:56,U24311,Lyon [LYS],2026-05-16 21:20,,,PRéVU
2026-05-16 5:56,QR5938,Londres [LGW],2026-05-16 21:20,,,PRéVU
2026-05-16 5:56,BA2572,Londres [LGW],2026-05-16 21:20,,,PRéVU
2026-05-16 5:56,V72611,Strasbourg [SXB],2026-05-16 21:20,2026-05-16 22:26,66,EN ROUTE
2026-05-16 5:56,U28385,Londres [LGW],2026-05-16 21:10,,,EN ROUTE
2026-05-16 5:56,ARL707A,Paris [LBG],2026-05-16 20:55,,,PRéVU
2026-05-16 5:56,U21391,Genève [GVA],2026-05-16 20:55,,,PRéVU
2026-05-16 5:56,D83632,Copenhague [CPH],2026-05-16 20:50,,,PRéVU
2026-05-16 6:26,OYO10,Bourges [BOU],2026-05-16 3:50,,,PRéVU
2026-05-16 6:26,U21868,Prague [PRG],2026-05-16 0:05,,,PRéVU
2026-05-16 6:26,V73842,Malaga [AGP],2026-05-16 23:55,,,EN ROUTE
2026-05-16 6:26,V72135,Barcelone [BCN],2026-05-16 23:15,,,EN ROUTE
2026-05-16 6:26,U21808,Marseille [MRS],2026-05-16 23:05,2026-05-16 22:47,-18,EN ROUTE
2026-05-16 6:26,PPFJA,Teterboro [TEB],2026-05-16 22:58,2026-05-16 0:29,91,EN ROUTE
2026-05-16 6:26,U21836,Nice [NCE],2026-05-16 22:50,,,PRéVU
2026-05-16 6:26,TU628,Tunis [TUN],2026-05-16 22:50,2026-05-16 22:48,-2,EN ROUTE
2026-05-16 6:26,SK6782,Amsterdam [AMS],2026-05-16 22:45,2026-05-16 22:50,5,EN ROUTE
2026-05-16 6:26,MU1573,Amsterdam [AMS],2026-05-16 22:45,2026-05-16 22:50,5,EN ROUTE
2026-05-16 6:26,KQ1319,Amsterdam [AMS],2026-05-16 22:45,2026-05-16 22:50,5,EN ROUTE
2026-05-16 6:26,G35512,Amsterdam [AMS],2026-05-16 22:45,2026-05-16 22:50,5,EN ROUTE
2026-05-16 6:26,AF5193,Amsterdam [AMS],2026-05-16 22:45,2026-05-16 22:50,5,EN ROUTE
2026-05-16 6:26,KL1447,Amsterdam [AMS],2026-05-16 22:45,2026-05-16 22:50,5,EN ROUTE
2026-05-16 6:26,V72405,Ajaccio [AJA],2026-05-16 22:20,2026-05-16 22:11,-9,EN ROUTE
2026-05-16 6:26,QR3547,Barcelone [BCN],2026-05-16 22:15,2026-05-16 22:24,9,EN ROUTE
2026-05-16 6:26,QR3524,Barcelone [BCN],2026-05-16 22:15,,,PRéVU
2026-05-16 6:26,LA5758,Barcelone [BCN],2026-05-16 22:15,,,PRéVU
2026-05-16 6:26,LL5269,Barcelone [BCN],2026-05-16 22:15,2026-05-16 22:24,9,EN ROUTE
2026-05-16 6:26,IB5439,Barcelone [BCN],2026-05-16 22:15,2026-05-16 22:24,9,EN ROUTE
2026-05-16 6:26,QR3516,Barcelone [BCN],2026-05-16 22:15,2026-05-16 22:24,9,EN ROUTE
2026-05-16 6:26,VY2914,Barcelone [BCN],2026-05-16 22:15,2026-05-16 22:24,9,EN ROUTE
2026-05-16 6:26,AM5794,Paris [CDG],2026-05-16 22:00,2026-05-16 22:16,16,EN ROUTE
2026-05-16 6:26,AY6303,Paris [CDG],2026-05-16 22:00,2026-05-16 22:16,16,EN ROUTE
2026-05-16 6:26,MK9010,Paris [CDG],2026-05-16 22:00,2026-05-16 22:16,16,EN ROUTE
2026-05-16 6:26,MU1733,Paris [CDG],2026-05-16 22:00,2026-05-16 22:16,16,EN ROUTE
2026-05-16 6:26,SK9730,Paris [CDG],2026-05-16 22:00,2026-05-16 22:16,16,EN ROUTE
2026-05-16 6:26,BT5613,Paris [CDG],2026-05-16 22:00,2026-05-16 22:16,16,EN ROUTE
2026-05-16 6:26,AF7440,Paris [CDG],2026-05-16 22:00,2026-05-16 22:16,16,EN ROUTE
2026-05-16 6:26,U22375,Luton [LTN],2026-05-16 21:55,,,PRéVU
2026-05-16 6:26,BJ718,Tunis [TUN],2026-05-16 21:55,2026-05-16 21:53,-2,EN ROUTE
2026-05-16 6:26,U21824,Lille [LIL],2026-05-16 21:35,,,PRéVU
2026-05-16 6:26,U24311,Lyon [LYS],2026-05-16 21:20,,,PRéVU
2026-05-16 6:26,QR5938,Londres [LGW],2026-05-16 21:20,,,PRéVU
2026-05-16 6:26,BA2572,Londres [LGW],2026-05-16 21:20,,,PRéVU
2026-05-16 6:26,V72611,Strasbourg [SXB],2026-05-16 21:20,2026-05-16 22:26,66,EN ROUTE
2026-05-16 6:26,U28385,Londres [LGW],2026-05-16 21:10,,,EN ROUTE
2026-05-16 6:26,ARL707A,Paris [LBG],2026-05-16 20:55,,,PRéVU
2026-05-16 6:26,U21391,Genève [GVA],2026-05-16 20:55,,,PRéVU
2026-05-16 6:26,D83632,Copenhague [CPH],2026-05-16 20:50,,,PRéVU
2026-05-16 6:56,OYO10,Bourges [BOU],2026-05-16 3:50,,,PRéVU
2026-05-16 6:56,U21868,Prague [PRG],2026-05-16 0:05,,,PRéVU
2026-05-16 6:56,V73842,Malaga [AGP],2026-05-16 23:55,,,EN ROUTE
2026-05-16 6:56,V72135,Barcelone [BCN],2026-05-16 23:15,,,EN ROUTE
2026-05-16 6:56,U21808,Marseille [MRS],2026-05-16 23:05,2026-05-16 22:47,-18,EN ROUTE
2026-05-16 6:56,PPFJA,Teterboro [TEB],2026-05-16 22:58,2026-05-16 0:29,91,EN ROUTE
2026-05-16 6:56,U21836,Nice [NCE],2026-05-16 22:50,,,PRéVU
2026-05-16 6:56,TU628,Tunis [TUN],2026-05-16 22:50,2026-05-16 22:48,-2,EN ROUTE
2026-05-16 6:56,SK6782,Amsterdam [AMS],2026-05-16 22:45,2026-05-16 22:50,5,EN ROUTE
2026-05-16 6:56,MU1573,Amsterdam [AMS],2026-05-16 22:45,2026-05-16 22:50,5,EN ROUTE
2026-05-16 6:56,KQ1319,Amsterdam [AMS],2026-05-16 22:45,2026-05-16 22:50,5,EN ROUTE
2026-05-16 6:56,G35512,Amsterdam [AMS],2026-05-16 22:45,2026-05-16 22:50,5,EN ROUTE
2026-05-16 6:56,AF5193,Amsterdam [AMS],2026-05-16 22:45,2026-05-16 22:50,5,EN ROUTE
2026-05-16 6:56,KL1447,Amsterdam [AMS],2026-05-16 22:45,2026-05-16 22:50,5,EN ROUTE
2026-05-16 6:56,V72405,Ajaccio [AJA],2026-05-16 22:20,2026-05-16 22:11,-9,EN ROUTE
2026-05-16 6:56,QR3547,Barcelone [BCN],2026-05-16 22:15,2026-05-16 22:24,9,EN ROUTE
2026-05-16 6:56,QR3524,Barcelone [BCN],2026-05-16 22:15,,,PRéVU
2026-05-16 6:56,LA5758,Barcelone [BCN],2026-05-16 22:15,,,PRéVU
2026-05-16 6:56,LL5269,Barcelone [BCN],2026-05-16 22:15,2026-05-16 22:24,9,EN ROUTE
2026-05-16 6:56,IB5439,Barcelone [BCN],2026-05-16 22:15,2026-05-16 22:24,9,EN ROUTE
2026-05-16 6:56,QR3516,Barcelone [BCN],2026-05-16 22:15,2026-05-16 22:24,9,EN ROUTE
2026-05-16 6:56,VY2914,Barcelone [BCN],2026-05-16 22:15,2026-05-16 22:24,9,EN ROUTE
2026-05-16 6:56,AM5794,Paris [CDG],2026-05-16 22:00,2026-05-16 22:16,16,EN ROUTE
2026-05-16 6:56,AY6303,Paris [CDG],2026-05-16 22:00,2026-05-16 22:16,16,EN ROUTE
2026-05-16 6:56,MK9010,Paris [CDG],2026-05-16 22:00,2026-05-16 22:16,16,EN ROUTE
2026-05-16 6:56,MU1733,Paris [CDG],2026-05-16 22:00,2026-05-16 22:16,16,EN ROUTE
2026-05-16 6:56,SK9730,Paris [CDG],2026-05-16 22:00,2026-05-16 22:16,16,EN ROUTE
2026-05-16 6:56,BT5613,Paris [CDG],2026-05-16 22:00,2026-05-16 22:16,16,EN ROUTE
2026-05-16 6:56,AF7440,Paris [CDG],2026-05-16 22:00,2026-05-16 22:16,16,EN ROUTE
2026-05-16 6:56,U22375,Luton [LTN],2026-05-16 21:55,,,PRéVU
2026-05-16 6:56,BJ718,Tunis [TUN],2026-05-16 21:55,2026-05-16 21:53,-2,EN ROUTE
2026-05-16 6:56,U21824,Lille [LIL],2026-05-16 21:35,,,PRéVU
2026-05-16 6:56,U24311,Lyon [LYS],2026-05-16 21:20,,,PRéVU
2026-05-16 6:56,QR5938,Londres [LGW],2026-05-16 21:20,,,PRéVU
2026-05-16 6:56,BA2572,Londres [LGW],2026-05-16 21:20,,,PRéVU
2026-05-16 6:56,V72611,Strasbourg [SXB],2026-05-16 21:20,2026-05-16 22:26,66,EN ROUTE
2026-05-16 6:56,U28385,Londres [LGW],2026-05-16 21:10,,,EN ROUTE
2026-05-16 6:56,ARL707A,Paris [LBG],2026-05-16 20:55,,,PRéVU
2026-05-16 6:56,U21391,Genève [GVA],2026-05-16 20:55,,,PRéVU
2026-05-16 6:56,D83632,Copenhague [CPH],2026-05-16 20:50,,,PRéVU
2026-05-16 7:26,U21387,Genève [GVA],2026-05-16 7:40,,,PRéVU
2026-05-16 7:56,U21387,Genève [GVA],2026-05-16 7:40,,,PRéVU
2026-05-16 8:26,W46769,Venise [VCE],2026-05-16 8:10,,,PRéVU
2026-05-16 8:26,W46199,Rome [FCO],2026-05-16 8:15,,,PRéVU
2026-05-16 8:26,IB1199,Madrid [MAD],2026-05-16 8:35,,,PRéVU
2026-05-16 8:26,AA8621,Madrid [MAD],2026-05-16 8:35,,,PRéVU
2026-05-16 8:26,QR7248,Madrid [MAD],2026-05-16 8:35,,,PRéVU
2026-05-16 8:26,VY5510,Madrid [MAD],2026-05-16 8:35,,,PRéVU
2026-05-16 8:26,EC1816,Lyon [LYS],2026-05-16 8:55,,,PRéVU
2026-05-16 8:26,U21816,Lyon [LYS],2026-05-16 8:55,,,PRéVU
2026-05-16 8:56,W46769,Venise [VCE],2026-05-16 8:10,,,PRéVU
2026-05-16 8:56,W46199,Rome [FCO],2026-05-16 8:15,,,PRéVU
2026-05-16 8:56,IB1199,Madrid [MAD],2026-05-16 8:35,,,PRéVU
2026-05-16 8:56,AA8621,Madrid [MAD],2026-05-16 8:35,,,PRéVU
2026-05-16 8:56,QR7248,Madrid [MAD],2026-05-16 8:35,,,PRéVU
2026-05-16 8:56,VY5510,Madrid [MAD],2026-05-16 8:35,,,PRéVU
2026-05-16 8:56,EC1816,Lyon [LYS],2026-05-16 8:55,,,PRéVU
2026-05-16 8:56,U21816,Lyon [LYS],2026-05-16 8:55,,,PRéVU
2026-05-16 9:26,AF7430,Paris [CDG],2026-05-16 9:00,,,PRéVU
2026-05-16 9:26,AM5985,Paris [CDG],2026-05-16 9:00,,,PRéVU
2026-05-16 9:26,DL8382,Paris [CDG],2026-05-16 9:00,,,PRéVU
2026-05-16 9:26,U28383,Londres [LGW],2026-05-16 9:25,,,PRéVU
2026-05-16 9:26,V72447,Napoli [NAP],2026-05-16 9:25,,,PRéVU
2026-05-16 9:26,BA2570,Londres [LGW],2026-05-16 9:30,,,PRéVU
2026-05-16 9:26,QR6242,Londres [LGW],2026-05-16 9:30,,,PRéVU
2026-05-16 9:26,V72605,Ajaccio [AJA],2026-05-16 9:35,,,PRéVU
2026-05-16 9:26,V72441,Calvi [CLY],2026-05-16 9:50,,,PRéVU
2026-05-16 9:26,LH1070,Francfort [FRA],2026-05-16 9:50,,,PRéVU
2026-05-16 9:26,LX3606,Francfort [FRA],2026-05-16 9:50,,,PRéVU
2026-05-16 9:26,U21826,Nice [NCE],2026-05-16 9:55,,,PRéVU
2026-05-16 9:56,AF7430,Paris [CDG],2026-05-16 9:00,,,PRéVU
2026-05-16 9:56,AM5985,Paris [CDG],2026-05-16 9:00,,,PRéVU
2026-05-16 9:56,DL8382,Paris [CDG],2026-05-16 9:00,,,PRéVU
2026-05-16 9:56,U28383,Londres [LGW],2026-05-16 9:25,,,PRéVU
2026-05-16 9:56,V72447,Napoli [NAP],2026-05-16 9:25,,,PRéVU
2026-05-16 9:56,BA2570,Londres [LGW],2026-05-16 9:30,,,PRéVU
2026-05-16 9:56,QR6242,Londres [LGW],2026-05-16 9:30,,,PRéVU
2026-05-16 9:56,V72605,Ajaccio [AJA],2026-05-16 9:35,,,PRéVU
2026-05-16 9:56,V72441,Calvi [CLY],2026-05-16 9:50,,,PRéVU
2026-05-16 9:56,LH1070,Francfort [FRA],2026-05-16 9:50,,,PRéVU
2026-05-16 9:56,LX3606,Francfort [FRA],2026-05-16 9:50,,,PRéVU
2026-05-16 9:56,U21826,Nice [NCE],2026-05-16 9:55,,,PRéVU
2026-05-16 10:26,EI502,Dublin [DUB],2026-05-16 10:05,,,PRéVU
2026-05-16 10:26,VL2258,Munich [MUC],2026-05-16 10:05,,,PRéVU
2026-05-16 10:26,AA8017,Dublin [DUB],2026-05-16 10:05,,,PRéVU
2026-05-16 10:26,LH4200,Munich [MUC],2026-05-16 10:05,,,PRéVU
2026-05-16 10:26,GAC989B,Dijon [DIJ],2026-05-16 10:14,,,PRéVU
2026-05-16 10:26,EVE4U,Paris [CDG],2026-05-16 10:36,,,PRéVU
2026-05-16 10:56,EI502,Dublin [DUB],2026-05-16 10:05,,,PRéVU
2026-05-16 10:56,VL2258,Munich [MUC],2026-05-16 10:05,,,PRéVU
2026-05-16 10:56,AA8017,Dublin [DUB],2026-05-16 10:05,,,PRéVU
2026-05-16 10:56,LH4200,Munich [MUC],2026-05-16 10:05,,,PRéVU
2026-05-16 10:56,GAC989B,Dijon [DIJ],2026-05-16 10:14,,,PRéVU
2026-05-16 10:56,EVE4U,Paris [CDG],2026-05-16 10:36,,,PRéVU
2026-05-16 11:26,AF7432,Paris [CDG],2026-05-16 11:00,2026-05-16 10:59,-1,EN ROUTE
2026-05-16 11:26,AM5722,Paris [CDG],2026-05-16 11:00,2026-05-16 10:59,-1,EN ROUTE
2026-05-16 11:26,BT5770,Paris [CDG],2026-05-16 11:00,,,PRéVU
2026-05-16 11:26,DL8381,Paris [CDG],2026-05-16 11:00,2026-05-16 10:59,-1,EN ROUTE
2026-05-16 11:26,MK9012,Paris [CDG],2026-05-16 11:00,2026-05-16 10:59,-1,EN ROUTE
2026-05-16 11:26,MU1537,Paris [CDG],2026-05-16 11:00,2026-05-16 10:59,-1,EN ROUTE
2026-05-16 11:26,SK9736,Paris [CDG],2026-05-16 11:00,2026-05-16 10:59,-1,EN ROUTE
2026-05-16 11:26,VN3238,Paris [CDG],2026-05-16 11:00,2026-05-16 10:59,-1,EN ROUTE
2026-05-16 11:26,DL8312,Paris [CDG],2026-05-16 11:00,2026-05-16 10:59,-1,EN ROUTE
2026-05-16 11:26,KL1441,Amsterdam [AMS],2026-05-16 11:05,2026-05-16 10:54,-11,EN ROUTE
2026-05-16 11:26,AF8287,Amsterdam [AMS],2026-05-16 11:05,2026-05-16 10:54,-11,EN ROUTE
2026-05-16 11:26,DL9624,Amsterdam [AMS],2026-05-16 11:05,2026-05-16 10:54,-11,EN ROUTE
2026-05-16 11:26,KQ1315,Amsterdam [AMS],2026-05-16 11:05,2026-05-16 10:54,-11,EN ROUTE
2026-05-16 11:26,MU1571,Amsterdam [AMS],2026-05-16 11:05,2026-05-16 10:54,-11,EN ROUTE
2026-05-16 11:26,SK6776,Amsterdam [AMS],2026-05-16 11:05,2026-05-16 10:54,-11,EN ROUTE
2026-05-16 11:26,AF7442,Paris [CDG],2026-05-16 11:25,2026-05-16 11:36,11,EN ROUTE
2026-05-16 11:26,AM5931,Paris [CDG],2026-05-16 11:25,2026-05-16 11:36,11,EN ROUTE
2026-05-16 11:26,BT5784,Paris [CDG],2026-05-16 11:25,2026-05-16 11:36,11,EN ROUTE
2026-05-16 11:26,DL8323,Paris [CDG],2026-05-16 11:25,2026-05-16 11:36,11,EN ROUTE
2026-05-16 11:26,SK9731,Paris [CDG],2026-05-16 11:25,2026-05-16 11:36,11,EN ROUTE
2026-05-16 11:26,DL8341,Paris [CDG],2026-05-16 11:25,2026-05-16 11:36,11,EN ROUTE
2026-05-16 11:26,AT792,Casablanca [CMN],2026-05-16 11:30,2026-05-16 11:38,8,EN ROUTE
2026-05-16 11:26,V72247,Dubrovnik [DBV],2026-05-16 11:35,2026-05-16 11:25,-10,EN ROUTE
2026-05-16 11:56,AF7432,Paris [CDG],2026-05-16 11:00,2026-05-16 10:59,-1,EN ROUTE
2026-05-16 11:56,AM5722,Paris [CDG],2026-05-16 11:00,2026-05-16 10:59,-1,EN ROUTE
2026-05-16 11:56,BT5770,Paris [CDG],2026-05-16 11:00,,,PRéVU
2026-05-16 11:56,DL8381,Paris [CDG],2026-05-16 11:00,2026-05-16 10:59,-1,EN ROUTE
2026-05-16 11:56,MK9012,Paris [CDG],2026-05-16 11:00,2026-05-16 10:59,-1,EN ROUTE
2026-05-16 11:56,MU1537,Paris [CDG],2026-05-16 11:00,2026-05-16 10:59,-1,EN ROUTE
2026-05-16 11:56,SK9736,Paris [CDG],2026-05-16 11:00,2026-05-16 10:59,-1,EN ROUTE
2026-05-16 11:56,VN3238,Paris [CDG],2026-05-16 11:00,2026-05-16 10:59,-1,EN ROUTE
2026-05-16 11:56,DL8312,Paris [CDG],2026-05-16 11:00,2026-05-16 10:59,-1,EN ROUTE
2026-05-16 11:56,KL1441,Amsterdam [AMS],2026-05-16 11:05,2026-05-16 10:54,-11,EN ROUTE
2026-05-16 11:56,AF8287,Amsterdam [AMS],2026-05-16 11:05,2026-05-16 10:54,-11,EN ROUTE
2026-05-16 11:56,DL9624,Amsterdam [AMS],2026-05-16 11:05,2026-05-16 10:54,-11,EN ROUTE
2026-05-16 11:56,KQ1315,Amsterdam [AMS],2026-05-16 11:05,2026-05-16 10:54,-11,EN ROUTE
2026-05-16 11:56,MU1571,Amsterdam [AMS],2026-05-16 11:05,2026-05-16 10:54,-11,EN ROUTE
2026-05-16 11:56,SK6776,Amsterdam [AMS],2026-05-16 11:05,2026-05-16 10:54,-11,EN ROUTE
2026-05-16 11:56,AF7442,Paris [CDG],2026-05-16 11:25,2026-05-16 11:36,11,EN ROUTE
2026-05-16 11:56,AM5931,Paris [CDG],2026-05-16 11:25,2026-05-16 11:36,11,EN ROUTE
2026-05-16 11:56,BT5784,Paris [CDG],2026-05-16 11:25,2026-05-16 11:36,11,EN ROUTE
2026-05-16 11:56,DL8323,Paris [CDG],2026-05-16 11:25,2026-05-16 11:36,11,EN ROUTE
2026-05-16 11:56,SK9731,Paris [CDG],2026-05-16 11:25,2026-05-16 11:36,11,EN ROUTE
2026-05-16 11:56,DL8341,Paris [CDG],2026-05-16 11:25,2026-05-16 11:36,11,EN ROUTE
2026-05-16 11:56,AT792,Casablanca [CMN],2026-05-16 11:30,2026-05-16 11:38,8,EN ROUTE
2026-05-16 11:56,V72247,Dubrovnik [DBV],2026-05-16 11:35,2026-05-16 11:25,-10,EN ROUTE
2026-05-16 12:26,U23961,Milan [MXP],2026-05-16 12:45,,,PRéVU
2026-05-16 12:26,EC3961,Milan [MXP],2026-05-16 12:45,,,PRéVU
2026-05-16 12:56,U23961,Milan [MXP],2026-05-16 12:45,,,PRéVU
2026-05-16 12:56,EC3961,Milan [MXP],2026-05-16 12:45,,,PRéVU
2026-05-16 13:26,AF7434,Paris [CDG],2026-05-16 13:15,,,PRéVU
2026-05-16 13:26,AM5793,Paris [CDG],2026-05-16 13:15,,,PRéVU
2026-05-16 13:26,AY6361,Paris [CDG],2026-05-16 13:15,,,PRéVU
2026-05-16 13:26,BT5619,Paris [CDG],2026-05-16 13:15,,,PRéVU
2026-05-16 13:26,DL8391,Paris [CDG],2026-05-16 13:15,,,PRéVU
2026-05-16 13:26,MK9016,Paris [CDG],2026-05-16 13:15,,,PRéVU
2026-05-16 13:26,SK9733,Paris [CDG],2026-05-16 13:15,,,PRéVU
2026-05-16 13:26,VN3240,Paris [CDG],2026-05-16 13:15,,,PRéVU
2026-05-16 13:26,WS5006,Paris [CDG],2026-05-16 13:15,,,PRéVU
2026-05-16 13:26,DL8317,Paris [CDG],2026-05-16 13:15,,,PRéVU
2026-05-16 13:26,DL8327,Paris [CDG],2026-05-16 13:15,,,PRéVU
2026-05-16 13:26,SK9731,Paris [CDG],2026-05-16 13:15,,,PRéVU
2026-05-16 13:26,U21834,Bastia [BIA],2026-05-16 13:20,,,PRéVU
2026-05-16 13:26,V72403,Bastia [BIA],2026-05-16 13:45,,,PRéVU
2026-05-16 13:56,AF7434,Paris [CDG],2026-05-16 13:15,,,PRéVU
2026-05-16 13:56,AM5793,Paris [CDG],2026-05-16 13:15,,,PRéVU
2026-05-16 13:56,AY6361,Paris [CDG],2026-05-16 13:15,,,PRéVU
2026-05-16 13:56,BT5619,Paris [CDG],2026-05-16 13:15,,,PRéVU
2026-05-16 13:56,DL8391,Paris [CDG],2026-05-16 13:15,,,PRéVU
2026-05-16 13:56,MK9016,Paris [CDG],2026-05-16 13:15,,,PRéVU
2026-05-16 13:56,SK9733,Paris [CDG],2026-05-16 13:15,,,PRéVU
2026-05-16 13:56,VN3240,Paris [CDG],2026-05-16 13:15,,,PRéVU
2026-05-16 13:56,WS5006,Paris [CDG],2026-05-16 13:15,,,PRéVU
2026-05-16 13:56,DL8317,Paris [CDG],2026-05-16 13:15,,,PRéVU
2026-05-16 13:56,DL8327,Paris [CDG],2026-05-16 13:15,,,PRéVU
2026-05-16 13:56,SK9731,Paris [CDG],2026-05-16 13:15,,,PRéVU
2026-05-16 13:56,U21834,Bastia [BIA],2026-05-16 13:20,,,PRéVU
2026-05-16 13:56,V72403,Bastia [BIA],2026-05-16 13:45,,,PRéVU
2026-05-16 14:26,LX552,Zurich [ZRH],2026-05-16 14:10,,,PRéVU
2026-05-16 14:26,V72433,Figari [FSC],2026-05-16 14:15,,,PRéVU
2026-05-16 14:26,U21880,Funchal [FNC],2026-05-16 14:25,,,PRéVU
2026-05-16 14:56,LX552,Zurich [ZRH],2026-05-16 14:10,,,PRéVU
2026-05-16 14:56,V72433,Figari [FSC],2026-05-16 14:15,,,PRéVU
2026-05-16 14:56,U21880,Funchal [FNC],2026-05-16 14:25,,,PRéVU
2026-05-16 15:26,U21884,Héraklion [HER],2026-05-16 15:10,,,PRéVU
2026-05-16 15:26,AF7444,Paris [CDG],2026-05-16 15:20,,,PRéVU
2026-05-16 15:26,AM5759,Paris [CDG],2026-05-16 15:20,,,PRéVU
2026-05-16 15:26,DL8342,Paris [CDG],2026-05-16 15:20,,,PRéVU
2026-05-16 15:26,SK9735,Paris [CDG],2026-05-16 15:20,,,PRéVU
2026-05-16 15:26,WS5004,Paris [CDG],2026-05-16 15:20,,,PRéVU
2026-05-16 15:26,U28385,Londres [LGW],2026-05-16 15:25,,,EN ROUTE
2026-05-16 15:26,EI818,Cork [ORK],2026-05-16 15:45,,,PRéVU
2026-05-16 15:56,U21884,Héraklion [HER],2026-05-16 15:10,,,PRéVU
2026-05-16 15:56,AF7444,Paris [CDG],2026-05-16 15:20,,,PRéVU
2026-05-16 15:56,AM5759,Paris [CDG],2026-05-16 15:20,,,PRéVU
2026-05-16 15:56,DL8342,Paris [CDG],2026-05-16 15:20,,,PRéVU
2026-05-16 15:56,SK9735,Paris [CDG],2026-05-16 15:20,,,PRéVU
2026-05-16 15:56,WS5004,Paris [CDG],2026-05-16 15:20,,,PRéVU
2026-05-16 15:56,U28385,Londres [LGW],2026-05-16 15:25,,,EN ROUTE
2026-05-16 15:56,EI818,Cork [ORK],2026-05-16 15:45,,,PRéVU
2026-05-16 16:26,KL1445,Amsterdam [AMS],2026-05-16 16:20,,,PRéVU
2026-05-16 16:26,AF8293,Amsterdam [AMS],2026-05-16 16:20,,,PRéVU
2026-05-16 16:26,DL9160,Amsterdam [AMS],2026-05-16 16:20,,,PRéVU
2026-05-16 16:26,KQ1317,Amsterdam [AMS],2026-05-16 16:20,,,PRéVU
2026-05-16 16:26,SK6780,Amsterdam [AMS],2026-05-16 16:20,,,PRéVU
2026-05-16 16:26,WS5212,Amsterdam [AMS],2026-05-16 16:20,,,PRéVU
2026-05-16 16:26,DL9161,Amsterdam [AMS],2026-05-16 16:20,,,PRéVU
2026-05-16 16:26,H5387,Cannes [CEQ],2026-05-16 16:20,,,PRéVU
2026-05-16 16:26,AH1190,Alger [ALG],2026-05-16 16:30,,,PRéVU
2026-05-16 16:26,VY2912,Barcelone [BCN],2026-05-16 16:55,,,PRéVU
2026-05-16 16:26,IB5437,Barcelone [BCN],2026-05-16 16:55,,,PRéVU
2026-05-16 16:26,LL5267,Barcelone [BCN],2026-05-16 16:55,,,PRéVU
2026-05-16 16:26,QR3556,Barcelone [BCN],2026-05-16 16:55,,,PRéVU
2026-05-16 16:26,LA5787,Barcelone [BCN],2026-05-16 16:55,,,PRéVU
2026-05-16 16:56,KL1445,Amsterdam [AMS],2026-05-16 16:20,,,PRéVU
2026-05-16 16:56,AF8293,Amsterdam [AMS],2026-05-16 16:20,,,PRéVU
2026-05-16 16:56,DL9160,Amsterdam [AMS],2026-05-16 16:20,,,PRéVU
2026-05-16 16:56,KQ1317,Amsterdam [AMS],2026-05-16 16:20,,,PRéVU
2026-05-16 16:56,SK6780,Amsterdam [AMS],2026-05-16 16:20,,,PRéVU
2026-05-16 16:56,WS5212,Amsterdam [AMS],2026-05-16 16:20,,,PRéVU
2026-05-16 16:56,DL9161,Amsterdam [AMS],2026-05-16 16:20,,,PRéVU
2026-05-16 16:56,H5387,Cannes [CEQ],2026-05-16 16:20,,,PRéVU
2026-05-16 16:56,AH1190,Alger [ALG],2026-05-16 16:30,,,PRéVU
2026-05-16 16:56,VY2912,Barcelone [BCN],2026-05-16 16:55,,,PRéVU
2026-05-16 16:56,IB5437,Barcelone [BCN],2026-05-16 16:55,,,PRéVU
2026-05-16 16:56,LL5267,Barcelone [BCN],2026-05-16 16:55,,,PRéVU
2026-05-16 16:56,QR3556,Barcelone [BCN],2026-05-16 16:55,,,PRéVU
2026-05-16 16:56,LA5787,Barcelone [BCN],2026-05-16 16:55,,,PRéVU
2026-05-16 17:26,IB1203,Madrid [MAD],2026-05-16 17:25,2026-05-16 17:11,-14,EN ROUTE
2026-05-16 17:26,AA8623,Madrid [MAD],2026-05-16 17:25,,,PRéVU
2026-05-16 17:26,CX1874,Madrid [MAD],2026-05-16 17:25,,,PRéVU
2026-05-16 17:26,LA1689,Madrid [MAD],2026-05-16 17:25,,,PRéVU
2026-05-16 17:26,QR5375,Madrid [MAD],2026-05-16 17:25,,,PRéVU
2026-05-16 17:26,VY5514,Madrid [MAD],2026-05-16 17:25,,,PRéVU
2026-05-16 17:26,VLJ996U,Er-Rachidia [ERH],2026-05-16 17:26,,,PRéVU
2026-05-16 17:26,V71346,Venise [VCE],2026-05-16 17:30,,,PRéVU
2026-05-16 17:26,V72663,Bari [BRI],2026-05-16 17:40,,,PRéVU
2026-05-16 17:26,TK1391,Istanbul [IST],2026-05-16 17:55,,,PRéVU
2026-05-16 17:56,IB1203,Madrid [MAD],2026-05-16 17:25,2026-05-16 17:11,-14,EN ROUTE
2026-05-16 17:56,AA8623,Madrid [MAD],2026-05-16 17:25,,,PRéVU
2026-05-16 17:56,CX1874,Madrid [MAD],2026-05-16 17:25,,,PRéVU
2026-05-16 17:56,LA1689,Madrid [MAD],2026-05-16 17:25,,,PRéVU
2026-05-16 17:56,QR5375,Madrid [MAD],2026-05-16 17:25,,,PRéVU
2026-05-16 17:56,VY5514,Madrid [MAD],2026-05-16 17:25,,,PRéVU
2026-05-16 17:56,VLJ996U,Er-Rachidia [ERH],2026-05-16 17:26,,,PRéVU
2026-05-16 17:56,V71346,Venise [VCE],2026-05-16 17:30,,,PRéVU
2026-05-16 17:56,V72663,Bari [BRI],2026-05-16 17:40,,,PRéVU
2026-05-16 17:56,TK1391,Istanbul [IST],2026-05-16 17:55,,,PRéVU
2026-05-16 18:26,JFA26L,Porto [OPO],2026-05-16 18:07,,,PRéVU
2026-05-16 18:26,AF7436,Paris [CDG],2026-05-16 18:10,,,PRéVU
2026-05-16 18:26,AM5854,Paris [CDG],2026-05-16 18:10,,,PRéVU
2026-05-16 18:26,AR7824,Paris [CDG],2026-05-16 18:10,,,PRéVU
2026-05-16 18:26,AY6327,Paris [CDG],2026-05-16 18:10,,,PRéVU
2026-05-16 18:26,DL8490,Paris [CDG],2026-05-16 18:10,,,PRéVU
2026-05-16 18:26,MK9018,Paris [CDG],2026-05-16 18:10,,,PRéVU
2026-05-16 18:26,MU1867,Paris [CDG],2026-05-16 18:10,,,PRéVU
2026-05-16 18:26,SK9732,Paris [CDG],2026-05-16 18:10,,,PRéVU
2026-05-16 18:26,WS5126,Paris [CDG],2026-05-16 18:10,,,PRéVU
2026-05-16 18:26,U21852,Santa Cruz de Ténérife [TFS],2026-05-16 18:25,,,PRéVU
2026-05-16 18:56,JFA26L,Porto [OPO],2026-05-16 18:07,,,PRéVU
2026-05-16 18:56,AF7436,Paris [CDG],2026-05-16 18:10,,,PRéVU
2026-05-16 18:56,AM5854,Paris [CDG],2026-05-16 18:10,,,PRéVU
2026-05-16 18:56,AR7824,Paris [CDG],2026-05-16 18:10,,,PRéVU
2026-05-16 18:56,AY6327,Paris [CDG],2026-05-16 18:10,,,PRéVU
2026-05-16 18:56,DL8490,Paris [CDG],2026-05-16 18:10,,,PRéVU
2026-05-16 18:56,MK9018,Paris [CDG],2026-05-16 18:10,,,PRéVU
2026-05-16 18:56,MU1867,Paris [CDG],2026-05-16 18:10,,,PRéVU
2026-05-16 18:56,SK9732,Paris [CDG],2026-05-16 18:10,,,PRéVU
2026-05-16 18:56,WS5126,Paris [CDG],2026-05-16 18:10,,,PRéVU
2026-05-16 18:56,U21852,Santa Cruz de Ténérife [TFS],2026-05-16 18:25,,,PRéVU
2026-05-16 19:26,U21906,Marrakech [RAK],2026-05-16 19:35,,,PRéVU
2026-05-16 19:56,U21906,Marrakech [RAK],2026-05-16 19:35,,,PRéVU
2026-05-16 20:26,V72443,Palma de Mallorca [PMI],2026-05-16 20:25,,,EN ROUTE
2026-05-16 20:26,BA2572,Londres [LGW],2026-05-16 20:35,,,PRéVU
2026-05-16 20:26,QR5938,Londres [LGW],2026-05-16 20:35,,,PRéVU
2026-05-16 20:56,V72443,Palma de Mallorca [PMI],2026-05-16 20:25,,,EN ROUTE
2026-05-16 20:56,BA2572,Londres [LGW],2026-05-16 20:35,,,PRéVU
2026-05-16 20:56,QR5938,Londres [LGW],2026-05-16 20:35,,,PRéVU
2026-05-16 21:26,U22423,Luton [LTN],2026-05-16 21:15,,,PRéVU
2026-05-16 21:26,U27605,Lisbonne [LIS],2026-05-16 21:20,,,PRéVU
2026-05-16 21:26,V72139,Sevilla [SVQ],2026-05-16 21:50,,,PRéVU
2026-05-16 21:56,U22423,Luton [LTN],2026-05-16 21:15,,,PRéVU
2026-05-16 21:56,U27605,Lisbonne [LIS],2026-05-16 21:20,,,PRéVU
2026-05-16 21:56,V72139,Sevilla [SVQ],2026-05-16 21:50,,,PRéVU
2026-05-16 22:26,AF7440,Paris [CDG],2026-05-16 22:00,,,PRéVU
2026-05-16 22:26,AM5794,Paris [CDG],2026-05-16 22:00,,,PRéVU
2026-05-16 22:26,AY6303,Paris [CDG],2026-05-16 22:00,,,PRéVU
2026-05-16 22:26,BT5613,Paris [CDG],2026-05-16 22:00,,,PRéVU
2026-05-16 22:26,MK9010,Paris [CDG],2026-05-16 22:00,,,PRéVU
2026-05-16 22:26,MU1733,Paris [CDG],2026-05-16 22:00,,,PRéVU
2026-05-16 22:26,SK9730,Paris [CDG],2026-05-16 22:00,,,PRéVU
2026-05-16 22:26,U26801,Porto [OPO],2026-05-16 22:05,,,PRéVU
2026-05-16 22:26,U21860,Arrecife [ACE],2026-05-16 22:25,2026-05-16 22:21,-4,EN ROUTE
2026-05-16 22:26,EC1860,Arrecife [ACE],2026-05-16 22:25,,,PRéVU
2026-05-16 22:26,U21934,Essaouira [ESU],2026-05-16 22:40,2026-05-16 23:49,69,EN ROUTE
2026-05-16 22:26,KL1447,Amsterdam [AMS],2026-05-16 22:45,2026-05-16 22:48,3,EN ROUTE
2026-05-16 22:26,AF5193,Amsterdam [AMS],2026-05-16 22:45,2026-05-16 22:48,3,EN ROUTE
2026-05-16 22:26,G35512,Amsterdam [AMS],2026-05-16 22:45,2026-05-16 22:48,3,EN ROUTE
2026-05-16 22:26,KQ1319,Amsterdam [AMS],2026-05-16 22:45,2026-05-16 22:48,3,EN ROUTE
2026-05-16 22:26,MU1573,Amsterdam [AMS],2026-05-16 22:45,2026-05-16 22:48,3,EN ROUTE
2026-05-16 22:26,SK6782,Amsterdam [AMS],2026-05-16 22:45,2026-05-16 22:48,3,EN ROUTE
2026-05-16 22:56,AF7440,Paris [CDG],2026-05-16 22:00,,,PRéVU
2026-05-16 22:56,AM5794,Paris [CDG],2026-05-16 22:00,,,PRéVU
2026-05-16 22:56,AY6303,Paris [CDG],2026-05-16 22:00,,,PRéVU
2026-05-16 22:56,BT5613,Paris [CDG],2026-05-16 22:00,,,PRéVU
2026-05-16 22:56,MK9010,Paris [CDG],2026-05-16 22:00,,,PRéVU
2026-05-16 22:56,MU1733,Paris [CDG],2026-05-16 22:00,,,PRéVU
2026-05-16 22:56,SK9730,Paris [CDG],2026-05-16 22:00,,,PRéVU
2026-05-16 22:56,U26801,Porto [OPO],2026-05-16 22:05,,,PRéVU
2026-05-16 22:56,U21860,Arrecife [ACE],2026-05-16 22:25,2026-05-16 22:21,-4,EN ROUTE
2026-05-16 22:56,EC1860,Arrecife [ACE],2026-05-16 22:25,,,PRéVU
2026-05-16 22:56,U21934,Essaouira [ESU],2026-05-16 22:40,2026-05-16 23:49,69,EN ROUTE
2026-05-16 22:56,KL1447,Amsterdam [AMS],2026-05-16 22:45,2026-05-16 22:48,3,EN ROUTE
2026-05-16 22:56,AF5193,Amsterdam [AMS],2026-05-16 22:45,2026-05-16 22:48,3,EN ROUTE
2026-05-16 22:56,G35512,Amsterdam [AMS],2026-05-16 22:45,2026-05-16 22:48,3,EN ROUTE
2026-05-16 22:56,KQ1319,Amsterdam [AMS],2026-05-16 22:45,2026-05-16 22:48,3,EN ROUTE
2026-05-16 22:56,MU1573,Amsterdam [AMS],2026-05-16 22:45,2026-05-16 22:48,3,EN ROUTE
2026-05-16 22:56,SK6782,Amsterdam [AMS],2026-05-16 22:45,2026-05-16 22:48,3,EN ROUTE
2026-05-16 23:26,VY2914,Barcelone [BCN],2026-05-16 23:05,2026-05-16 22:58,-7,EN ROUTE
2026-05-16 23:26,IB5439,Barcelone [BCN],2026-05-16 23:05,2026-05-16 22:58,-7,EN ROUTE
2026-05-16 23:26,LL5269,Barcelone [BCN],2026-05-16 23:05,2026-05-16 22:58,-7,EN ROUTE
2026-05-16 23:26,QR3516,Barcelone [BCN],2026-05-16 23:05,,,PRéVU
2026-05-16 23:26,QR3547,Barcelone [BCN],2026-05-16 23:05,2026-05-16 22:58,-7,EN ROUTE
2026-05-16 23:26,LA5758,Barcelone [BCN],2026-05-16 23:05,2026-05-16 22:58,-7,EN ROUTE
2026-05-16 23:26,QR3524,Barcelone [BCN],2026-05-16 23:05,2026-05-16 22:58,-7,EN ROUTE
2026-05-16 23:26,U21856,Palma de Mallorca [PMI],2026-05-16 23:20,2026-05-16 23:07,-13,EN ROUTE
2026-05-16 23:26,EC1856,Palma de Mallorca [PMI],2026-05-16 23:20,,,PRéVU
2026-05-16 23:26,V73842,Malaga [AGP],2026-05-16 23:55,2026-05-16 23:54,-1,EN ROUTE
2026-05-16 23:56,VY2914,Barcelone [BCN],2026-05-16 23:05,2026-05-16 22:58,-7,EN ROUTE
2026-05-16 23:56,IB5439,Barcelone [BCN],2026-05-16 23:05,2026-05-16 22:58,-7,EN ROUTE
2026-05-16 23:56,LL5269,Barcelone [BCN],2026-05-16 23:05,2026-05-16 22:58,-7,EN ROUTE
2026-05-16 23:56,QR3516,Barcelone [BCN],2026-05-16 23:05,,,PRéVU
2026-05-16 23:56,QR3547,Barcelone [BCN],2026-05-16 23:05,2026-05-16 22:58,-7,EN ROUTE
2026-05-16 23:56,LA5758,Barcelone [BCN],2026-05-16 23:05,2026-05-16 22:58,-7,EN ROUTE
2026-05-16 23:56,QR3524,Barcelone [BCN],2026-05-16 23:05,2026-05-16 22:58,-7,EN ROUTE
2026-05-16 23:56,U21856,Palma de Mallorca [PMI],2026-05-16 23:20,2026-05-16 23:07,-13,EN ROUTE
2026-05-16 23:56,EC1856,Palma de Mallorca [PMI],2026-05-16 23:20,,,PRéVU
2026-05-16 23:56,V73842,Malaga [AGP],2026-05-16 23:55,2026-05-16 23:54,-1,EN ROUTE
2026-05-17 0:26,V73842,Malaga [AGP],2026-05-17 23:55,2026-05-17 23:54,-1,EN ROUTE
2026-05-17 0:26,EC1856,Palma de Mallorca [PMI],2026-05-17 23:20,,,PRéVU
2026-05-17 0:26,U21856,Palma de Mallorca [PMI],2026-05-17 23:20,2026-05-17 23:07,-13,EN ROUTE
2026-05-17 0:26,QR3524,Barcelone [BCN],2026-05-17 23:05,2026-05-17 22:58,-7,EN ROUTE
2026-05-17 0:26,LA5758,Barcelone [BCN],2026-05-17 23:05,2026-05-17 22:58,-7,EN ROUTE
2026-05-17 0:26,QR3547,Barcelone [BCN],2026-05-17 23:05,2026-05-17 22:58,-7,EN ROUTE
2026-05-17 0:26,QR3516,Barcelone [BCN],2026-05-17 23:05,,,PRéVU
2026-05-17 0:26,LL5269,Barcelone [BCN],2026-05-17 23:05,2026-05-17 22:58,-7,EN ROUTE
2026-05-17 0:26,IB5439,Barcelone [BCN],2026-05-17 23:05,2026-05-17 22:58,-7,EN ROUTE
2026-05-17 0:26,VY2914,Barcelone [BCN],2026-05-17 23:05,2026-05-17 22:58,-7,EN ROUTE
2026-05-17 0:26,SK6782,Amsterdam [AMS],2026-05-17 22:45,2026-05-17 22:48,3,EN ROUTE
2026-05-17 0:26,MU1573,Amsterdam [AMS],2026-05-17 22:45,2026-05-17 22:48,3,EN ROUTE
2026-05-17 0:26,KQ1319,Amsterdam [AMS],2026-05-17 22:45,2026-05-17 22:48,3,EN ROUTE
2026-05-17 0:26,G35512,Amsterdam [AMS],2026-05-17 22:45,2026-05-17 22:48,3,EN ROUTE
2026-05-17 0:26,AF5193,Amsterdam [AMS],2026-05-17 22:45,2026-05-17 22:48,3,EN ROUTE
2026-05-17 0:26,KL1447,Amsterdam [AMS],2026-05-17 22:45,2026-05-17 22:48,3,EN ROUTE
2026-05-17 0:26,U21934,Essaouira [ESU],2026-05-17 22:40,2026-05-17 23:49,69,EN ROUTE
2026-05-17 0:26,EC1860,Arrecife [ACE],2026-05-17 22:25,,,PRéVU
2026-05-17 0:26,U21860,Arrecife [ACE],2026-05-17 22:25,2026-05-17 22:21,-4,EN ROUTE
2026-05-17 0:26,U26801,Porto [OPO],2026-05-17 22:05,,,PRéVU
2026-05-17 0:26,SK9730,Paris [CDG],2026-05-17 22:00,,,PRéVU
2026-05-17 0:26,MU1733,Paris [CDG],2026-05-17 22:00,,,PRéVU
2026-05-17 0:26,MK9010,Paris [CDG],2026-05-17 22:00,,,PRéVU
2026-05-17 0:26,BT5613,Paris [CDG],2026-05-17 22:00,,,PRéVU
2026-05-17 0:26,AY6303,Paris [CDG],2026-05-17 22:00,,,PRéVU
2026-05-17 0:26,AM5794,Paris [CDG],2026-05-17 22:00,,,PRéVU
2026-05-17 0:26,AF7440,Paris [CDG],2026-05-17 22:00,,,PRéVU
2026-05-17 0:26,V72139,Sevilla [SVQ],2026-05-17 21:50,,,PRéVU
2026-05-17 0:26,U27605,Lisbonne [LIS],2026-05-17 21:20,,,PRéVU
2026-05-17 0:26,U22423,Luton [LTN],2026-05-17 21:15,,,PRéVU
2026-05-17 0:26,QR5938,Londres [LGW],2026-05-17 20:35,,,PRéVU
2026-05-17 0:26,BA2572,Londres [LGW],2026-05-17 20:35,,,PRéVU
2026-05-17 0:26,V72443,Palma de Mallorca [PMI],2026-05-17 20:25,,,ARRIVéE
2026-05-17 0:26,U21906,Marrakech [RAK],2026-05-17 19:35,,,PRéVU
2026-05-17 0:26,U21852,Santa Cruz de Ténérife [TFS],2026-05-17 18:25,,,PRéVU
2026-05-17 0:26,WS5126,Paris [CDG],2026-05-17 18:10,,,PRéVU
2026-05-17 0:26,SK9732,Paris [CDG],2026-05-17 18:10,,,PRéVU
2026-05-17 0:26,MU1867,Paris [CDG],2026-05-17 18:10,,,PRéVU
2026-05-17 0:26,MK9018,Paris [CDG],2026-05-17 18:10,,,PRéVU
2026-05-17 0:26,DL8490,Paris [CDG],2026-05-17 18:10,,,PRéVU
2026-05-17 0:56,V73842,Malaga [AGP],2026-05-17 23:55,2026-05-17 23:54,-1,EN ROUTE
2026-05-17 0:56,EC1856,Palma de Mallorca [PMI],2026-05-17 23:20,,,PRéVU
2026-05-17 0:56,U21856,Palma de Mallorca [PMI],2026-05-17 23:20,2026-05-17 23:07,-13,EN ROUTE
2026-05-17 0:56,QR3524,Barcelone [BCN],2026-05-17 23:05,2026-05-17 22:58,-7,EN ROUTE
2026-05-17 0:56,LA5758,Barcelone [BCN],2026-05-17 23:05,2026-05-17 22:58,-7,EN ROUTE
2026-05-17 0:56,QR3547,Barcelone [BCN],2026-05-17 23:05,2026-05-17 22:58,-7,EN ROUTE
2026-05-17 0:56,QR3516,Barcelone [BCN],2026-05-17 23:05,,,PRéVU
2026-05-17 0:56,LL5269,Barcelone [BCN],2026-05-17 23:05,2026-05-17 22:58,-7,EN ROUTE
2026-05-17 0:56,IB5439,Barcelone [BCN],2026-05-17 23:05,2026-05-17 22:58,-7,EN ROUTE
2026-05-17 0:56,VY2914,Barcelone [BCN],2026-05-17 23:05,2026-05-17 22:58,-7,EN ROUTE
2026-05-17 0:56,SK6782,Amsterdam [AMS],2026-05-17 22:45,2026-05-17 22:48,3,EN ROUTE
2026-05-17 0:56,MU1573,Amsterdam [AMS],2026-05-17 22:45,2026-05-17 22:48,3,EN ROUTE
2026-05-17 0:56,KQ1319,Amsterdam [AMS],2026-05-17 22:45,2026-05-17 22:48,3,EN ROUTE
2026-05-17 0:56,G35512,Amsterdam [AMS],2026-05-17 22:45,2026-05-17 22:48,3,EN ROUTE
2026-05-17 0:56,AF5193,Amsterdam [AMS],2026-05-17 22:45,2026-05-17 22:48,3,EN ROUTE
2026-05-17 0:56,KL1447,Amsterdam [AMS],2026-05-17 22:45,2026-05-17 22:48,3,EN ROUTE
2026-05-17 0:56,U21934,Essaouira [ESU],2026-05-17 22:40,2026-05-17 23:49,69,EN ROUTE
2026-05-17 0:56,EC1860,Arrecife [ACE],2026-05-17 22:25,,,PRéVU
2026-05-17 0:56,U21860,Arrecife [ACE],2026-05-17 22:25,2026-05-17 22:21,-4,EN ROUTE
2026-05-17 0:56,U26801,Porto [OPO],2026-05-17 22:05,,,PRéVU
2026-05-17 0:56,SK9730,Paris [CDG],2026-05-17 22:00,,,PRéVU
2026-05-17 0:56,MU1733,Paris [CDG],2026-05-17 22:00,,,PRéVU
2026-05-17 0:56,MK9010,Paris [CDG],2026-05-17 22:00,,,PRéVU
2026-05-17 0:56,BT5613,Paris [CDG],2026-05-17 22:00,,,PRéVU
2026-05-17 0:56,AY6303,Paris [CDG],2026-05-17 22:00,,,PRéVU
2026-05-17 0:56,AM5794,Paris [CDG],2026-05-17 22:00,,,PRéVU
2026-05-17 0:56,AF7440,Paris [CDG],2026-05-17 22:00,,,PRéVU
2026-05-17 0:56,V72139,Sevilla [SVQ],2026-05-17 21:50,,,PRéVU
2026-05-17 0:56,U27605,Lisbonne [LIS],2026-05-17 21:20,,,PRéVU
2026-05-17 0:56,U22423,Luton [LTN],2026-05-17 21:15,,,PRéVU
2026-05-17 0:56,QR5938,Londres [LGW],2026-05-17 20:35,,,PRéVU
2026-05-17 0:56,BA2572,Londres [LGW],2026-05-17 20:35,,,PRéVU
2026-05-17 0:56,V72443,Palma de Mallorca [PMI],2026-05-17 20:25,,,ARRIVéE
2026-05-17 0:56,U21906,Marrakech [RAK],2026-05-17 19:35,,,PRéVU
2026-05-17 0:56,U21852,Santa Cruz de Ténérife [TFS],2026-05-17 18:25,,,PRéVU
2026-05-17 0:56,WS5126,Paris [CDG],2026-05-17 18:10,,,PRéVU
2026-05-17 0:56,SK9732,Paris [CDG],2026-05-17 18:10,,,PRéVU
2026-05-17 0:56,MU1867,Paris [CDG],2026-05-17 18:10,,,PRéVU
2026-05-17 0:56,MK9018,Paris [CDG],2026-05-17 18:10,,,PRéVU
2026-05-17 0:56,DL8490,Paris [CDG],2026-05-17 18:10,,,PRéVU
2026-05-17 1:26,U21864,Hurghada [HRG],2026-05-17 1:30,2026-05-17 1:25,-5,EN ROUTE
2026-05-17 1:56,U21864,Hurghada [HRG],2026-05-17 1:30,2026-05-17 1:25,-5,EN ROUTE
2026-05-17 2:26,V72609,Héraklion [HER],2026-05-17 2:30,,,PRéVU
2026-05-17 2:26,A33818,Héraklion [HER],2026-05-17 2:30,,,PRéVU
2026-05-17 2:56,V72609,Héraklion [HER],2026-05-17 2:30,,,PRéVU
2026-05-17 2:56,A33818,Héraklion [HER],2026-05-17 2:30,,,PRéVU
2026-05-17 3:26,A33818,Héraklion [HER],2026-05-17 2:30,,,PRéVU
2026-05-17 3:26,V72609,Héraklion [HER],2026-05-17 2:30,,,PRéVU
2026-05-17 3:26,U21864,Hurghada [HRG],2026-05-17 1:30,2026-05-17 1:25,-5,EN ROUTE
2026-05-17 3:26,V73842,Malaga [AGP],2026-05-17 23:55,2026-05-17 23:54,-1,EN ROUTE
2026-05-17 3:26,EC1856,Palma de Mallorca [PMI],2026-05-17 23:20,,,PRéVU
2026-05-17 3:26,U21856,Palma de Mallorca [PMI],2026-05-17 23:20,2026-05-17 23:07,-13,EN ROUTE
2026-05-17 3:26,QR3524,Barcelone [BCN],2026-05-17 23:05,2026-05-17 22:58,-7,EN ROUTE
2026-05-17 3:26,LA5758,Barcelone [BCN],2026-05-17 23:05,2026-05-17 22:58,-7,EN ROUTE
2026-05-17 3:26,QR3547,Barcelone [BCN],2026-05-17 23:05,2026-05-17 22:58,-7,EN ROUTE
2026-05-17 3:26,QR3516,Barcelone [BCN],2026-05-17 23:05,,,PRéVU
2026-05-17 3:26,LL5269,Barcelone [BCN],2026-05-17 23:05,2026-05-17 22:58,-7,EN ROUTE
2026-05-17 3:26,IB5439,Barcelone [BCN],2026-05-17 23:05,2026-05-17 22:58,-7,EN ROUTE
2026-05-17 3:26,VY2914,Barcelone [BCN],2026-05-17 23:05,2026-05-17 22:58,-7,EN ROUTE
2026-05-17 3:26,SK6782,Amsterdam [AMS],2026-05-17 22:45,2026-05-17 22:48,3,EN ROUTE
2026-05-17 3:26,MU1573,Amsterdam [AMS],2026-05-17 22:45,2026-05-17 22:48,3,EN ROUTE
2026-05-17 3:26,KQ1319,Amsterdam [AMS],2026-05-17 22:45,2026-05-17 22:48,3,EN ROUTE
2026-05-17 3:26,G35512,Amsterdam [AMS],2026-05-17 22:45,2026-05-17 22:48,3,EN ROUTE
2026-05-17 3:26,AF5193,Amsterdam [AMS],2026-05-17 22:45,2026-05-17 22:48,3,EN ROUTE
2026-05-17 3:26,KL1447,Amsterdam [AMS],2026-05-17 22:45,2026-05-17 22:48,3,EN ROUTE
2026-05-17 3:26,U21934,Essaouira [ESU],2026-05-17 22:40,2026-05-17 23:49,69,EN ROUTE
2026-05-17 3:26,EC1860,Arrecife [ACE],2026-05-17 22:25,,,PRéVU
2026-05-17 3:26,U21860,Arrecife [ACE],2026-05-17 22:25,2026-05-17 22:21,-4,EN ROUTE
2026-05-17 3:26,U26801,Porto [OPO],2026-05-17 22:05,,,PRéVU
2026-05-17 3:26,SK9730,Paris [CDG],2026-05-17 22:00,,,ARRIVéE
2026-05-17 3:26,MU1733,Paris [CDG],2026-05-17 22:00,,,ARRIVéE
2026-05-17 3:26,MK9010,Paris [CDG],2026-05-17 22:00,,,ARRIVéE
2026-05-17 3:26,BT5613,Paris [CDG],2026-05-17 22:00,,,ARRIVéE
2026-05-17 3:26,AY6303,Paris [CDG],2026-05-17 22:00,,,ARRIVéE
2026-05-17 3:26,AM5794,Paris [CDG],2026-05-17 22:00,,,ARRIVéE
2026-05-17 3:26,AF7440,Paris [CDG],2026-05-17 22:00,,,ARRIVéE
2026-05-17 3:26,V72139,Sevilla [SVQ],2026-05-17 21:50,,,PRéVU
2026-05-17 3:26,U27605,Lisbonne [LIS],2026-05-17 21:20,,,PRéVU
2026-05-17 3:26,U22423,Luton [LTN],2026-05-17 21:15,,,PRéVU
2026-05-17 3:26,QR5938,Londres [LGW],2026-05-17 20:35,,,PRéVU
2026-05-17 3:26,BA2572,Londres [LGW],2026-05-17 20:35,,,PRéVU
2026-05-17 3:26,V72443,Palma de Mallorca [PMI],2026-05-17 20:25,,,ARRIVéE
2026-05-17 3:26,U21906,Marrakech [RAK],2026-05-17 19:35,,,PRéVU
2026-05-17 3:26,U21852,Santa Cruz de Ténérife [TFS],2026-05-17 18:25,,,PRéVU
2026-05-17 3:26,WS5126,Paris [CDG],2026-05-17 18:10,,,PRéVU
2026-05-17 3:26,SK9732,Paris [CDG],2026-05-17 18:10,,,PRéVU
2026-05-17 3:56,A33818,Héraklion [HER],2026-05-17 2:30,,,PRéVU
2026-05-17 3:56,V72609,Héraklion [HER],2026-05-17 2:30,,,PRéVU
2026-05-17 3:56,U21864,Hurghada [HRG],2026-05-17 1:30,2026-05-17 1:25,-5,EN ROUTE
2026-05-17 3:56,V73842,Malaga [AGP],2026-05-17 23:55,2026-05-17 23:54,-1,EN ROUTE
2026-05-17 3:56,EC1856,Palma de Mallorca [PMI],2026-05-17 23:20,,,PRéVU
2026-05-17 3:56,U21856,Palma de Mallorca [PMI],2026-05-17 23:20,2026-05-17 23:07,-13,EN ROUTE
2026-05-17 3:56,QR3524,Barcelone [BCN],2026-05-17 23:05,2026-05-17 22:58,-7,EN ROUTE
2026-05-17 3:56,LA5758,Barcelone [BCN],2026-05-17 23:05,2026-05-17 22:58,-7,EN ROUTE
2026-05-17 3:56,QR3547,Barcelone [BCN],2026-05-17 23:05,2026-05-17 22:58,-7,EN ROUTE
2026-05-17 3:56,QR3516,Barcelone [BCN],2026-05-17 23:05,,,PRéVU
2026-05-17 3:56,LL5269,Barcelone [BCN],2026-05-17 23:05,2026-05-17 22:58,-7,EN ROUTE
2026-05-17 3:56,IB5439,Barcelone [BCN],2026-05-17 23:05,2026-05-17 22:58,-7,EN ROUTE
2026-05-17 3:56,VY2914,Barcelone [BCN],2026-05-17 23:05,2026-05-17 22:58,-7,EN ROUTE
2026-05-17 3:56,SK6782,Amsterdam [AMS],2026-05-17 22:45,2026-05-17 22:48,3,EN ROUTE
2026-05-17 3:56,MU1573,Amsterdam [AMS],2026-05-17 22:45,2026-05-17 22:48,3,EN ROUTE
2026-05-17 3:56,KQ1319,Amsterdam [AMS],2026-05-17 22:45,2026-05-17 22:48,3,EN ROUTE
2026-05-17 3:56,G35512,Amsterdam [AMS],2026-05-17 22:45,2026-05-17 22:48,3,EN ROUTE
2026-05-17 3:56,AF5193,Amsterdam [AMS],2026-05-17 22:45,2026-05-17 22:48,3,EN ROUTE
2026-05-17 3:56,KL1447,Amsterdam [AMS],2026-05-17 22:45,2026-05-17 22:48,3,EN ROUTE
2026-05-17 3:56,U21934,Essaouira [ESU],2026-05-17 22:40,2026-05-17 23:49,69,EN ROUTE
2026-05-17 3:56,EC1860,Arrecife [ACE],2026-05-17 22:25,,,PRéVU
2026-05-17 3:56,U21860,Arrecife [ACE],2026-05-17 22:25,2026-05-17 22:21,-4,EN ROUTE
2026-05-17 3:56,U26801,Porto [OPO],2026-05-17 22:05,,,PRéVU
2026-05-17 3:56,SK9730,Paris [CDG],2026-05-17 22:00,,,ARRIVéE
2026-05-17 3:56,MU1733,Paris [CDG],2026-05-17 22:00,,,ARRIVéE
2026-05-17 3:56,MK9010,Paris [CDG],2026-05-17 22:00,,,ARRIVéE
2026-05-17 3:56,BT5613,Paris [CDG],2026-05-17 22:00,,,ARRIVéE
2026-05-17 3:56,AY6303,Paris [CDG],2026-05-17 22:00,,,ARRIVéE
2026-05-17 3:56,AM5794,Paris [CDG],2026-05-17 22:00,,,ARRIVéE
2026-05-17 3:56,AF7440,Paris [CDG],2026-05-17 22:00,,,ARRIVéE
2026-05-17 3:56,V72139,Sevilla [SVQ],2026-05-17 21:50,,,PRéVU
2026-05-17 3:56,U27605,Lisbonne [LIS],2026-05-17 21:20,,,PRéVU
2026-05-17 3:56,U22423,Luton [LTN],2026-05-17 21:15,,,PRéVU
2026-05-17 3:56,QR5938,Londres [LGW],2026-05-17 20:35,,,PRéVU
2026-05-17 3:56,BA2572,Londres [LGW],2026-05-17 20:35,,,PRéVU
2026-05-17 3:56,V72443,Palma de Mallorca [PMI],2026-05-17 20:25,,,ARRIVéE
2026-05-17 3:56,U21906,Marrakech [RAK],2026-05-17 19:35,,,PRéVU
2026-05-17 3:56,U21852,Santa Cruz de Ténérife [TFS],2026-05-17 18:25,,,PRéVU
2026-05-17 3:56,WS5126,Paris [CDG],2026-05-17 18:10,,,PRéVU
2026-05-17 3:56,SK9732,Paris [CDG],2026-05-17 18:10,,,PRéVU
2026-05-17 4:26,A33818,Héraklion [HER],2026-05-17 2:30,,,PRéVU
2026-05-17 4:26,V72609,Héraklion [HER],2026-05-17 2:30,,,PRéVU
2026-05-17 4:26,U21864,Hurghada [HRG],2026-05-17 1:30,2026-05-17 1:25,-5,EN ROUTE
2026-05-17 4:26,V73842,Malaga [AGP],2026-05-17 23:55,2026-05-17 23:54,-1,EN ROUTE
2026-05-17 4:26,EC1856,Palma de Mallorca [PMI],2026-05-17 23:20,,,PRéVU
2026-05-17 4:26,U21856,Palma de Mallorca [PMI],2026-05-17 23:20,2026-05-17 23:07,-13,EN ROUTE
2026-05-17 4:26,QR3524,Barcelone [BCN],2026-05-17 23:05,2026-05-17 22:58,-7,EN ROUTE
2026-05-17 4:26,LA5758,Barcelone [BCN],2026-05-17 23:05,2026-05-17 22:58,-7,EN ROUTE
2026-05-17 4:26,QR3547,Barcelone [BCN],2026-05-17 23:05,2026-05-17 22:58,-7,EN ROUTE
2026-05-17 4:26,QR3516,Barcelone [BCN],2026-05-17 23:05,,,PRéVU
2026-05-17 4:26,LL5269,Barcelone [BCN],2026-05-17 23:05,2026-05-17 22:58,-7,EN ROUTE
2026-05-17 4:26,IB5439,Barcelone [BCN],2026-05-17 23:05,2026-05-17 22:58,-7,EN ROUTE
2026-05-17 4:26,VY2914,Barcelone [BCN],2026-05-17 23:05,2026-05-17 22:58,-7,EN ROUTE
2026-05-17 4:26,SK6782,Amsterdam [AMS],2026-05-17 22:45,2026-05-17 22:48,3,EN ROUTE
2026-05-17 4:26,MU1573,Amsterdam [AMS],2026-05-17 22:45,2026-05-17 22:48,3,EN ROUTE
2026-05-17 4:26,KQ1319,Amsterdam [AMS],2026-05-17 22:45,2026-05-17 22:48,3,EN ROUTE
2026-05-17 4:26,G35512,Amsterdam [AMS],2026-05-17 22:45,2026-05-17 22:48,3,EN ROUTE
2026-05-17 4:26,AF5193,Amsterdam [AMS],2026-05-17 22:45,2026-05-17 22:48,3,EN ROUTE
2026-05-17 4:26,KL1447,Amsterdam [AMS],2026-05-17 22:45,2026-05-17 22:48,3,EN ROUTE
2026-05-17 4:26,U21934,Essaouira [ESU],2026-05-17 22:40,2026-05-17 23:49,69,EN ROUTE
2026-05-17 4:26,EC1860,Arrecife [ACE],2026-05-17 22:25,,,PRéVU
2026-05-17 4:26,U21860,Arrecife [ACE],2026-05-17 22:25,2026-05-17 22:21,-4,EN ROUTE
2026-05-17 4:26,U26801,Porto [OPO],2026-05-17 22:05,,,PRéVU
2026-05-17 4:26,SK9730,Paris [CDG],2026-05-17 22:00,,,ARRIVéE
2026-05-17 4:26,MU1733,Paris [CDG],2026-05-17 22:00,,,ARRIVéE
2026-05-17 4:26,MK9010,Paris [CDG],2026-05-17 22:00,,,ARRIVéE
2026-05-17 4:26,BT5613,Paris [CDG],2026-05-17 22:00,,,ARRIVéE
2026-05-17 4:26,AY6303,Paris [CDG],2026-05-17 22:00,,,ARRIVéE
2026-05-17 4:26,AM5794,Paris [CDG],2026-05-17 22:00,,,ARRIVéE
2026-05-17 4:26,AF7440,Paris [CDG],2026-05-17 22:00,,,ARRIVéE
2026-05-17 4:26,V72139,Sevilla [SVQ],2026-05-17 21:50,,,PRéVU
2026-05-17 4:26,U27605,Lisbonne [LIS],2026-05-17 21:20,,,PRéVU
2026-05-17 4:26,U22423,Luton [LTN],2026-05-17 21:15,,,PRéVU
2026-05-17 4:26,QR5938,Londres [LGW],2026-05-17 20:35,,,PRéVU
2026-05-17 4:26,BA2572,Londres [LGW],2026-05-17 20:35,,,PRéVU
2026-05-17 4:26,V72443,Palma de Mallorca [PMI],2026-05-17 20:25,,,ARRIVéE
2026-05-17 4:26,U21906,Marrakech [RAK],2026-05-17 19:35,,,PRéVU
2026-05-17 4:26,U21852,Santa Cruz de Ténérife [TFS],2026-05-17 18:25,,,PRéVU
2026-05-17 4:26,WS5126,Paris [CDG],2026-05-17 18:10,,,PRéVU
2026-05-17 4:26,SK9732,Paris [CDG],2026-05-17 18:10,,,PRéVU
2026-05-17 4:56,A33818,Héraklion [HER],2026-05-17 2:30,,,PRéVU
2026-05-17 4:56,V72609,Héraklion [HER],2026-05-17 2:30,,,PRéVU
2026-05-17 4:56,U21864,Hurghada [HRG],2026-05-17 1:30,2026-05-17 1:25,-5,EN ROUTE
2026-05-17 4:56,V73842,Malaga [AGP],2026-05-17 23:55,2026-05-17 23:54,-1,EN ROUTE
2026-05-17 4:56,EC1856,Palma de Mallorca [PMI],2026-05-17 23:20,,,PRéVU
2026-05-17 4:56,U21856,Palma de Mallorca [PMI],2026-05-17 23:20,2026-05-17 23:07,-13,EN ROUTE
2026-05-17 4:56,QR3524,Barcelone [BCN],2026-05-17 23:05,2026-05-17 22:58,-7,EN ROUTE
2026-05-17 4:56,LA5758,Barcelone [BCN],2026-05-17 23:05,2026-05-17 22:58,-7,EN ROUTE
2026-05-17 4:56,QR3547,Barcelone [BCN],2026-05-17 23:05,2026-05-17 22:58,-7,EN ROUTE
2026-05-17 4:56,QR3516,Barcelone [BCN],2026-05-17 23:05,,,PRéVU
2026-05-17 4:56,LL5269,Barcelone [BCN],2026-05-17 23:05,2026-05-17 22:58,-7,EN ROUTE
2026-05-17 4:56,IB5439,Barcelone [BCN],2026-05-17 23:05,2026-05-17 22:58,-7,EN ROUTE
2026-05-17 4:56,VY2914,Barcelone [BCN],2026-05-17 23:05,2026-05-17 22:58,-7,EN ROUTE
2026-05-17 4:56,SK6782,Amsterdam [AMS],2026-05-17 22:45,2026-05-17 22:48,3,EN ROUTE
2026-05-17 4:56,MU1573,Amsterdam [AMS],2026-05-17 22:45,2026-05-17 22:48,3,EN ROUTE
2026-05-17 4:56,KQ1319,Amsterdam [AMS],2026-05-17 22:45,2026-05-17 22:48,3,EN ROUTE
2026-05-17 4:56,G35512,Amsterdam [AMS],2026-05-17 22:45,2026-05-17 22:48,3,EN ROUTE
2026-05-17 4:56,AF5193,Amsterdam [AMS],2026-05-17 22:45,2026-05-17 22:48,3,EN ROUTE
2026-05-17 4:56,KL1447,Amsterdam [AMS],2026-05-17 22:45,2026-05-17 22:48,3,EN ROUTE
2026-05-17 4:56,U21934,Essaouira [ESU],2026-05-17 22:40,2026-05-17 23:49,69,EN ROUTE
2026-05-17 4:56,EC1860,Arrecife [ACE],2026-05-17 22:25,,,PRéVU
2026-05-17 4:56,U21860,Arrecife [ACE],2026-05-17 22:25,2026-05-17 22:21,-4,EN ROUTE
2026-05-17 4:56,U26801,Porto [OPO],2026-05-17 22:05,,,PRéVU
2026-05-17 4:56,SK9730,Paris [CDG],2026-05-17 22:00,,,ARRIVéE
2026-05-17 4:56,MU1733,Paris [CDG],2026-05-17 22:00,,,ARRIVéE
2026-05-17 4:56,MK9010,Paris [CDG],2026-05-17 22:00,,,ARRIVéE
2026-05-17 4:56,BT5613,Paris [CDG],2026-05-17 22:00,,,ARRIVéE
2026-05-17 4:56,AY6303,Paris [CDG],2026-05-17 22:00,,,ARRIVéE
2026-05-17 4:56,AM5794,Paris [CDG],2026-05-17 22:00,,,ARRIVéE
2026-05-17 4:56,AF7440,Paris [CDG],2026-05-17 22:00,,,ARRIVéE
2026-05-17 4:56,V72139,Sevilla [SVQ],2026-05-17 21:50,,,PRéVU
2026-05-17 4:56,U27605,Lisbonne [LIS],2026-05-17 21:20,,,PRéVU
2026-05-17 4:56,U22423,Luton [LTN],2026-05-17 21:15,,,PRéVU
2026-05-17 4:56,QR5938,Londres [LGW],2026-05-17 20:35,,,PRéVU
2026-05-17 4:56,BA2572,Londres [LGW],2026-05-17 20:35,,,PRéVU
2026-05-17 4:56,V72443,Palma de Mallorca [PMI],2026-05-17 20:25,,,ARRIVéE
2026-05-17 4:56,U21906,Marrakech [RAK],2026-05-17 19:35,,,PRéVU
2026-05-17 4:56,U21852,Santa Cruz de Ténérife [TFS],2026-05-17 18:25,,,PRéVU
2026-05-17 4:56,WS5126,Paris [CDG],2026-05-17 18:10,,,PRéVU
2026-05-17 4:56,SK9732,Paris [CDG],2026-05-17 18:10,,,PRéVU
2026-05-17 5:26,A33818,Héraklion [HER],2026-05-17 2:30,,,PRéVU
2026-05-17 5:26,V72609,Héraklion [HER],2026-05-17 2:30,,,PRéVU
2026-05-17 5:26,U21864,Hurghada [HRG],2026-05-17 1:30,2026-05-17 1:25,-5,EN ROUTE
2026-05-17 5:26,V73842,Malaga [AGP],2026-05-17 23:55,2026-05-17 23:54,-1,EN ROUTE
2026-05-17 5:26,EC1856,Palma de Mallorca [PMI],2026-05-17 23:20,,,PRéVU
2026-05-17 5:26,U21856,Palma de Mallorca [PMI],2026-05-17 23:20,2026-05-17 23:07,-13,EN ROUTE
2026-05-17 5:26,QR3524,Barcelone [BCN],2026-05-17 23:05,2026-05-17 22:58,-7,EN ROUTE
2026-05-17 5:26,LA5758,Barcelone [BCN],2026-05-17 23:05,2026-05-17 22:58,-7,EN ROUTE
2026-05-17 5:26,QR3547,Barcelone [BCN],2026-05-17 23:05,2026-05-17 22:58,-7,EN ROUTE
2026-05-17 5:26,QR3516,Barcelone [BCN],2026-05-17 23:05,,,PRéVU
2026-05-17 5:26,LL5269,Barcelone [BCN],2026-05-17 23:05,2026-05-17 22:58,-7,EN ROUTE
2026-05-17 5:26,IB5439,Barcelone [BCN],2026-05-17 23:05,2026-05-17 22:58,-7,EN ROUTE
2026-05-17 5:26,VY2914,Barcelone [BCN],2026-05-17 23:05,2026-05-17 22:58,-7,EN ROUTE
2026-05-17 5:26,SK6782,Amsterdam [AMS],2026-05-17 22:45,2026-05-17 22:48,3,EN ROUTE
2026-05-17 5:26,MU1573,Amsterdam [AMS],2026-05-17 22:45,2026-05-17 22:48,3,EN ROUTE
2026-05-17 5:26,KQ1319,Amsterdam [AMS],2026-05-17 22:45,2026-05-17 22:48,3,EN ROUTE
2026-05-17 5:26,G35512,Amsterdam [AMS],2026-05-17 22:45,2026-05-17 22:48,3,EN ROUTE
2026-05-17 5:26,AF5193,Amsterdam [AMS],2026-05-17 22:45,2026-05-17 22:48,3,EN ROUTE
2026-05-17 5:26,KL1447,Amsterdam [AMS],2026-05-17 22:45,2026-05-17 22:48,3,EN ROUTE
2026-05-17 5:26,U21934,Essaouira [ESU],2026-05-17 22:40,2026-05-17 23:49,69,EN ROUTE
2026-05-17 5:26,EC1860,Arrecife [ACE],2026-05-17 22:25,,,PRéVU
2026-05-17 5:26,U21860,Arrecife [ACE],2026-05-17 22:25,2026-05-17 22:21,-4,EN ROUTE
2026-05-17 5:26,U26801,Porto [OPO],2026-05-17 22:05,,,PRéVU
2026-05-17 5:26,SK9730,Paris [CDG],2026-05-17 22:00,,,ARRIVéE
2026-05-17 5:26,MU1733,Paris [CDG],2026-05-17 22:00,,,ARRIVéE
2026-05-17 5:26,MK9010,Paris [CDG],2026-05-17 22:00,,,ARRIVéE
2026-05-17 5:26,BT5613,Paris [CDG],2026-05-17 22:00,,,ARRIVéE
2026-05-17 5:26,AY6303,Paris [CDG],2026-05-17 22:00,,,ARRIVéE
2026-05-17 5:26,AM5794,Paris [CDG],2026-05-17 22:00,,,ARRIVéE
2026-05-17 5:26,AF7440,Paris [CDG],2026-05-17 22:00,,,ARRIVéE
2026-05-17 5:26,V72139,Sevilla [SVQ],2026-05-17 21:50,,,PRéVU
2026-05-17 5:26,U27605,Lisbonne [LIS],2026-05-17 21:20,,,PRéVU
2026-05-17 5:26,U22423,Luton [LTN],2026-05-17 21:15,,,PRéVU
2026-05-17 5:26,QR5938,Londres [LGW],2026-05-17 20:35,,,PRéVU
2026-05-17 5:26,BA2572,Londres [LGW],2026-05-17 20:35,,,PRéVU
2026-05-17 5:26,V72443,Palma de Mallorca [PMI],2026-05-17 20:25,,,ARRIVéE
2026-05-17 5:26,U21906,Marrakech [RAK],2026-05-17 19:35,,,PRéVU
2026-05-17 5:26,U21852,Santa Cruz de Ténérife [TFS],2026-05-17 18:25,,,PRéVU
2026-05-17 5:26,WS5126,Paris [CDG],2026-05-17 18:10,,,PRéVU
2026-05-17 5:26,SK9732,Paris [CDG],2026-05-17 18:10,,,PRéVU
2026-05-17 5:56,A33818,Héraklion [HER],2026-05-17 2:30,,,PRéVU
2026-05-17 5:56,V72609,Héraklion [HER],2026-05-17 2:30,,,PRéVU
2026-05-17 5:56,U21864,Hurghada [HRG],2026-05-17 1:30,2026-05-17 1:25,-5,EN ROUTE
2026-05-17 5:56,V73842,Malaga [AGP],2026-05-17 23:55,2026-05-17 23:54,-1,EN ROUTE
2026-05-17 5:56,EC1856,Palma de Mallorca [PMI],2026-05-17 23:20,,,PRéVU
2026-05-17 5:56,U21856,Palma de Mallorca [PMI],2026-05-17 23:20,2026-05-17 23:07,-13,EN ROUTE
2026-05-17 5:56,QR3524,Barcelone [BCN],2026-05-17 23:05,2026-05-17 22:58,-7,EN ROUTE
2026-05-17 5:56,LA5758,Barcelone [BCN],2026-05-17 23:05,2026-05-17 22:58,-7,EN ROUTE
2026-05-17 5:56,QR3547,Barcelone [BCN],2026-05-17 23:05,2026-05-17 22:58,-7,EN ROUTE
2026-05-17 5:56,QR3516,Barcelone [BCN],2026-05-17 23:05,,,PRéVU
2026-05-17 5:56,LL5269,Barcelone [BCN],2026-05-17 23:05,2026-05-17 22:58,-7,EN ROUTE
2026-05-17 5:56,IB5439,Barcelone [BCN],2026-05-17 23:05,2026-05-17 22:58,-7,EN ROUTE
2026-05-17 5:56,VY2914,Barcelone [BCN],2026-05-17 23:05,2026-05-17 22:58,-7,EN ROUTE
2026-05-17 5:56,SK6782,Amsterdam [AMS],2026-05-17 22:45,2026-05-17 22:48,3,EN ROUTE
2026-05-17 5:56,MU1573,Amsterdam [AMS],2026-05-17 22:45,2026-05-17 22:48,3,EN ROUTE
2026-05-17 5:56,KQ1319,Amsterdam [AMS],2026-05-17 22:45,2026-05-17 22:48,3,EN ROUTE
2026-05-17 5:56,G35512,Amsterdam [AMS],2026-05-17 22:45,2026-05-17 22:48,3,EN ROUTE
2026-05-17 5:56,AF5193,Amsterdam [AMS],2026-05-17 22:45,2026-05-17 22:48,3,EN ROUTE
2026-05-17 5:56,KL1447,Amsterdam [AMS],2026-05-17 22:45,2026-05-17 22:48,3,EN ROUTE
2026-05-17 5:56,U21934,Essaouira [ESU],2026-05-17 22:40,2026-05-17 23:49,69,EN ROUTE
2026-05-17 5:56,EC1860,Arrecife [ACE],2026-05-17 22:25,,,PRéVU
2026-05-17 5:56,U21860,Arrecife [ACE],2026-05-17 22:25,2026-05-17 22:21,-4,EN ROUTE
2026-05-17 5:56,U26801,Porto [OPO],2026-05-17 22:05,,,PRéVU
2026-05-17 5:56,SK9730,Paris [CDG],2026-05-17 22:00,,,ARRIVéE
2026-05-17 5:56,MU1733,Paris [CDG],2026-05-17 22:00,,,ARRIVéE
2026-05-17 5:56,MK9010,Paris [CDG],2026-05-17 22:00,,,ARRIVéE
2026-05-17 5:56,BT5613,Paris [CDG],2026-05-17 22:00,,,ARRIVéE
2026-05-17 5:56,AY6303,Paris [CDG],2026-05-17 22:00,,,ARRIVéE
2026-05-17 5:56,AM5794,Paris [CDG],2026-05-17 22:00,,,ARRIVéE
2026-05-17 5:56,AF7440,Paris [CDG],2026-05-17 22:00,,,ARRIVéE
2026-05-17 5:56,V72139,Sevilla [SVQ],2026-05-17 21:50,,,PRéVU
2026-05-17 5:56,U27605,Lisbonne [LIS],2026-05-17 21:20,,,PRéVU
2026-05-17 5:56,U22423,Luton [LTN],2026-05-17 21:15,,,PRéVU
2026-05-17 5:56,QR5938,Londres [LGW],2026-05-17 20:35,,,PRéVU
2026-05-17 5:56,BA2572,Londres [LGW],2026-05-17 20:35,,,PRéVU
2026-05-17 5:56,V72443,Palma de Mallorca [PMI],2026-05-17 20:25,,,ARRIVéE
2026-05-17 5:56,U21906,Marrakech [RAK],2026-05-17 19:35,,,PRéVU
2026-05-17 5:56,U21852,Santa Cruz de Ténérife [TFS],2026-05-17 18:25,,,PRéVU
2026-05-17 5:56,WS5126,Paris [CDG],2026-05-17 18:10,,,PRéVU
2026-05-17 5:56,SK9732,Paris [CDG],2026-05-17 18:10,,,PRéVU
2026-05-17 6:26,A33818,Héraklion [HER],2026-05-17 2:30,,,PRéVU
2026-05-17 6:26,V72609,Héraklion [HER],2026-05-17 2:30,,,PRéVU
2026-05-17 6:26,U21864,Hurghada [HRG],2026-05-17 1:30,2026-05-17 1:25,-5,EN ROUTE
2026-05-17 6:26,V73842,Malaga [AGP],2026-05-17 23:55,2026-05-17 23:54,-1,EN ROUTE
2026-05-17 6:26,EC1856,Palma de Mallorca [PMI],2026-05-17 23:20,,,PRéVU
2026-05-17 6:26,U21856,Palma de Mallorca [PMI],2026-05-17 23:20,2026-05-17 23:07,-13,EN ROUTE
2026-05-17 6:26,QR3524,Barcelone [BCN],2026-05-17 23:05,2026-05-17 22:58,-7,EN ROUTE
2026-05-17 6:26,LA5758,Barcelone [BCN],2026-05-17 23:05,2026-05-17 22:58,-7,EN ROUTE
2026-05-17 6:26,QR3547,Barcelone [BCN],2026-05-17 23:05,2026-05-17 22:58,-7,EN ROUTE
2026-05-17 6:26,QR3516,Barcelone [BCN],2026-05-17 23:05,,,PRéVU
2026-05-17 6:26,LL5269,Barcelone [BCN],2026-05-17 23:05,2026-05-17 22:58,-7,EN ROUTE
2026-05-17 6:26,IB5439,Barcelone [BCN],2026-05-17 23:05,2026-05-17 22:58,-7,EN ROUTE
2026-05-17 6:26,VY2914,Barcelone [BCN],2026-05-17 23:05,2026-05-17 22:58,-7,EN ROUTE
2026-05-17 6:26,SK6782,Amsterdam [AMS],2026-05-17 22:45,2026-05-17 22:48,3,EN ROUTE
2026-05-17 6:26,MU1573,Amsterdam [AMS],2026-05-17 22:45,2026-05-17 22:48,3,EN ROUTE
2026-05-17 6:26,KQ1319,Amsterdam [AMS],2026-05-17 22:45,2026-05-17 22:48,3,EN ROUTE
2026-05-17 6:26,G35512,Amsterdam [AMS],2026-05-17 22:45,2026-05-17 22:48,3,EN ROUTE
2026-05-17 6:26,AF5193,Amsterdam [AMS],2026-05-17 22:45,2026-05-17 22:48,3,EN ROUTE
2026-05-17 6:26,KL1447,Amsterdam [AMS],2026-05-17 22:45,2026-05-17 22:48,3,EN ROUTE
2026-05-17 6:26,U21934,Essaouira [ESU],2026-05-17 22:40,2026-05-17 23:49,69,EN ROUTE
2026-05-17 6:26,EC1860,Arrecife [ACE],2026-05-17 22:25,,,PRéVU
2026-05-17 6:26,U21860,Arrecife [ACE],2026-05-17 22:25,2026-05-17 22:21,-4,EN ROUTE
2026-05-17 6:26,U26801,Porto [OPO],2026-05-17 22:05,,,PRéVU
2026-05-17 6:26,SK9730,Paris [CDG],2026-05-17 22:00,,,ARRIVéE
2026-05-17 6:26,MU1733,Paris [CDG],2026-05-17 22:00,,,ARRIVéE
2026-05-17 6:26,MK9010,Paris [CDG],2026-05-17 22:00,,,ARRIVéE
2026-05-17 6:26,BT5613,Paris [CDG],2026-05-17 22:00,,,ARRIVéE
2026-05-17 6:26,AY6303,Paris [CDG],2026-05-17 22:00,,,ARRIVéE
2026-05-17 6:26,AM5794,Paris [CDG],2026-05-17 22:00,,,ARRIVéE
2026-05-17 6:26,AF7440,Paris [CDG],2026-05-17 22:00,,,ARRIVéE
2026-05-17 6:26,V72139,Sevilla [SVQ],2026-05-17 21:50,,,PRéVU
2026-05-17 6:26,U27605,Lisbonne [LIS],2026-05-17 21:20,,,PRéVU
2026-05-17 6:26,U22423,Luton [LTN],2026-05-17 21:15,,,PRéVU
2026-05-17 6:26,QR5938,Londres [LGW],2026-05-17 20:35,,,PRéVU
2026-05-17 6:26,BA2572,Londres [LGW],2026-05-17 20:35,,,PRéVU
2026-05-17 6:26,V72443,Palma de Mallorca [PMI],2026-05-17 20:25,,,ARRIVéE
2026-05-17 6:26,U21906,Marrakech [RAK],2026-05-17 19:35,,,PRéVU
2026-05-17 6:26,U21852,Santa Cruz de Ténérife [TFS],2026-05-17 18:25,,,PRéVU
2026-05-17 6:26,WS5126,Paris [CDG],2026-05-17 18:10,,,PRéVU
2026-05-17 6:26,SK9732,Paris [CDG],2026-05-17 18:10,,,PRéVU
2026-05-17 6:56,A33818,Héraklion [HER],2026-05-17 2:30,,,PRéVU
2026-05-17 6:56,V72609,Héraklion [HER],2026-05-17 2:30,,,PRéVU
2026-05-17 6:56,U21864,Hurghada [HRG],2026-05-17 1:30,2026-05-17 1:25,-5,EN ROUTE
2026-05-17 6:56,V73842,Malaga [AGP],2026-05-17 23:55,2026-05-17 23:54,-1,EN ROUTE
2026-05-17 6:56,EC1856,Palma de Mallorca [PMI],2026-05-17 23:20,,,PRéVU
2026-05-17 6:56,U21856,Palma de Mallorca [PMI],2026-05-17 23:20,2026-05-17 23:07,-13,EN ROUTE
2026-05-17 6:56,QR3524,Barcelone [BCN],2026-05-17 23:05,2026-05-17 22:58,-7,EN ROUTE
2026-05-17 6:56,LA5758,Barcelone [BCN],2026-05-17 23:05,2026-05-17 22:58,-7,EN ROUTE
2026-05-17 6:56,QR3547,Barcelone [BCN],2026-05-17 23:05,2026-05-17 22:58,-7,EN ROUTE
2026-05-17 6:56,QR3516,Barcelone [BCN],2026-05-17 23:05,,,PRéVU
2026-05-17 6:56,LL5269,Barcelone [BCN],2026-05-17 23:05,2026-05-17 22:58,-7,EN ROUTE
2026-05-17 6:56,IB5439,Barcelone [BCN],2026-05-17 23:05,2026-05-17 22:58,-7,EN ROUTE
2026-05-17 6:56,VY2914,Barcelone [BCN],2026-05-17 23:05,2026-05-17 22:58,-7,EN ROUTE
2026-05-17 6:56,SK6782,Amsterdam [AMS],2026-05-17 22:45,2026-05-17 22:48,3,EN ROUTE
2026-05-17 6:56,MU1573,Amsterdam [AMS],2026-05-17 22:45,2026-05-17 22:48,3,EN ROUTE
2026-05-17 6:56,KQ1319,Amsterdam [AMS],2026-05-17 22:45,2026-05-17 22:48,3,EN ROUTE
2026-05-17 6:56,G35512,Amsterdam [AMS],2026-05-17 22:45,2026-05-17 22:48,3,EN ROUTE
2026-05-17 6:56,AF5193,Amsterdam [AMS],2026-05-17 22:45,2026-05-17 22:48,3,EN ROUTE
2026-05-17 6:56,KL1447,Amsterdam [AMS],2026-05-17 22:45,2026-05-17 22:48,3,EN ROUTE
2026-05-17 6:56,U21934,Essaouira [ESU],2026-05-17 22:40,2026-05-17 23:49,69,EN ROUTE
2026-05-17 6:56,EC1860,Arrecife [ACE],2026-05-17 22:25,,,PRéVU
2026-05-17 6:56,U21860,Arrecife [ACE],2026-05-17 22:25,2026-05-17 22:21,-4,EN ROUTE
2026-05-17 6:56,U26801,Porto [OPO],2026-05-17 22:05,,,PRéVU
2026-05-17 6:56,SK9730,Paris [CDG],2026-05-17 22:00,,,ARRIVéE
2026-05-17 6:56,MU1733,Paris [CDG],2026-05-17 22:00,,,ARRIVéE
2026-05-17 6:56,MK9010,Paris [CDG],2026-05-17 22:00,,,ARRIVéE
2026-05-17 6:56,BT5613,Paris [CDG],2026-05-17 22:00,,,ARRIVéE
2026-05-17 6:56,AY6303,Paris [CDG],2026-05-17 22:00,,,ARRIVéE
2026-05-17 6:56,AM5794,Paris [CDG],2026-05-17 22:00,,,ARRIVéE
2026-05-17 6:56,AF7440,Paris [CDG],2026-05-17 22:00,,,ARRIVéE
2026-05-17 6:56,V72139,Sevilla [SVQ],2026-05-17 21:50,,,PRéVU
2026-05-17 6:56,U27605,Lisbonne [LIS],2026-05-17 21:20,,,PRéVU
2026-05-17 6:56,U22423,Luton [LTN],2026-05-17 21:15,,,PRéVU
2026-05-17 6:56,QR5938,Londres [LGW],2026-05-17 20:35,,,PRéVU
2026-05-17 6:56,BA2572,Londres [LGW],2026-05-17 20:35,,,PRéVU
2026-05-17 6:56,V72443,Palma de Mallorca [PMI],2026-05-17 20:25,,,ARRIVéE
2026-05-17 6:56,U21906,Marrakech [RAK],2026-05-17 19:35,,,PRéVU
2026-05-17 6:56,U21852,Santa Cruz de Ténérife [TFS],2026-05-17 18:25,,,PRéVU
2026-05-17 6:56,WS5126,Paris [CDG],2026-05-17 18:10,,,PRéVU
2026-05-17 6:56,SK9732,Paris [CDG],2026-05-17 18:10,,,PRéVU
2026-05-17 7:26,A33818,Héraklion [HER],2026-05-17 2:30,,,PRéVU
2026-05-17 7:26,V72609,Héraklion [HER],2026-05-17 2:30,,,PRéVU
2026-05-17 7:26,U21864,Hurghada [HRG],2026-05-17 1:30,2026-05-17 1:25,-5,EN ROUTE
2026-05-17 7:26,V73842,Malaga [AGP],2026-05-17 23:55,2026-05-17 23:54,-1,EN ROUTE
2026-05-17 7:26,EC1856,Palma de Mallorca [PMI],2026-05-17 23:20,,,PRéVU
2026-05-17 7:26,U21856,Palma de Mallorca [PMI],2026-05-17 23:20,2026-05-17 23:07,-13,EN ROUTE
2026-05-17 7:26,QR3524,Barcelone [BCN],2026-05-17 23:05,2026-05-17 22:58,-7,EN ROUTE
2026-05-17 7:26,LA5758,Barcelone [BCN],2026-05-17 23:05,2026-05-17 22:58,-7,EN ROUTE
2026-05-17 7:26,QR3547,Barcelone [BCN],2026-05-17 23:05,2026-05-17 22:58,-7,EN ROUTE
2026-05-17 7:26,QR3516,Barcelone [BCN],2026-05-17 23:05,,,PRéVU
2026-05-17 7:26,LL5269,Barcelone [BCN],2026-05-17 23:05,2026-05-17 22:58,-7,EN ROUTE
2026-05-17 7:26,IB5439,Barcelone [BCN],2026-05-17 23:05,2026-05-17 22:58,-7,EN ROUTE
2026-05-17 7:26,VY2914,Barcelone [BCN],2026-05-17 23:05,2026-05-17 22:58,-7,EN ROUTE
2026-05-17 7:26,SK6782,Amsterdam [AMS],2026-05-17 22:45,2026-05-17 22:48,3,EN ROUTE
2026-05-17 7:26,MU1573,Amsterdam [AMS],2026-05-17 22:45,2026-05-17 22:48,3,EN ROUTE
2026-05-17 7:26,KQ1319,Amsterdam [AMS],2026-05-17 22:45,2026-05-17 22:48,3,EN ROUTE
2026-05-17 7:26,G35512,Amsterdam [AMS],2026-05-17 22:45,2026-05-17 22:48,3,EN ROUTE
2026-05-17 7:26,AF5193,Amsterdam [AMS],2026-05-17 22:45,2026-05-17 22:48,3,EN ROUTE
2026-05-17 7:26,KL1447,Amsterdam [AMS],2026-05-17 22:45,2026-05-17 22:48,3,EN ROUTE
2026-05-17 7:26,U21934,Essaouira [ESU],2026-05-17 22:40,2026-05-17 23:49,69,EN ROUTE
2026-05-17 7:26,EC1860,Arrecife [ACE],2026-05-17 22:25,,,PRéVU
2026-05-17 7:26,U21860,Arrecife [ACE],2026-05-17 22:25,2026-05-17 22:21,-4,EN ROUTE
2026-05-17 7:26,U26801,Porto [OPO],2026-05-17 22:05,,,PRéVU
2026-05-17 7:26,SK9730,Paris [CDG],2026-05-17 22:00,,,ARRIVéE
2026-05-17 7:26,MU1733,Paris [CDG],2026-05-17 22:00,,,ARRIVéE
2026-05-17 7:26,MK9010,Paris [CDG],2026-05-17 22:00,,,ARRIVéE
2026-05-17 7:26,BT5613,Paris [CDG],2026-05-17 22:00,,,ARRIVéE
2026-05-17 7:26,AY6303,Paris [CDG],2026-05-17 22:00,,,ARRIVéE
2026-05-17 7:26,AM5794,Paris [CDG],2026-05-17 22:00,,,ARRIVéE
2026-05-17 7:26,AF7440,Paris [CDG],2026-05-17 22:00,,,ARRIVéE
2026-05-17 7:26,V72139,Sevilla [SVQ],2026-05-17 21:50,,,PRéVU
2026-05-17 7:26,U27605,Lisbonne [LIS],2026-05-17 21:20,,,PRéVU
2026-05-17 7:26,U22423,Luton [LTN],2026-05-17 21:15,,,PRéVU
2026-05-17 7:26,QR5938,Londres [LGW],2026-05-17 20:35,,,PRéVU
2026-05-17 7:26,BA2572,Londres [LGW],2026-05-17 20:35,,,PRéVU
2026-05-17 7:26,V72443,Palma de Mallorca [PMI],2026-05-17 20:25,,,ARRIVéE
2026-05-17 7:26,U21906,Marrakech [RAK],2026-05-17 19:35,,,PRéVU
2026-05-17 7:26,U21852,Santa Cruz de Ténérife [TFS],2026-05-17 18:25,,,PRéVU
2026-05-17 7:26,WS5126,Paris [CDG],2026-05-17 18:10,,,PRéVU
2026-05-17 7:26,SK9732,Paris [CDG],2026-05-17 18:10,,,PRéVU
2026-05-17 7:56,A33818,Héraklion [HER],2026-05-17 2:30,,,PRéVU
2026-05-17 7:56,V72609,Héraklion [HER],2026-05-17 2:30,,,PRéVU
2026-05-17 7:56,U21864,Hurghada [HRG],2026-05-17 1:30,2026-05-17 1:25,-5,EN ROUTE
2026-05-17 7:56,V73842,Malaga [AGP],2026-05-17 23:55,2026-05-17 23:54,-1,EN ROUTE
2026-05-17 7:56,EC1856,Palma de Mallorca [PMI],2026-05-17 23:20,,,PRéVU
2026-05-17 7:56,U21856,Palma de Mallorca [PMI],2026-05-17 23:20,2026-05-17 23:07,-13,EN ROUTE
2026-05-17 7:56,QR3524,Barcelone [BCN],2026-05-17 23:05,2026-05-17 22:58,-7,EN ROUTE
2026-05-17 7:56,LA5758,Barcelone [BCN],2026-05-17 23:05,2026-05-17 22:58,-7,EN ROUTE
2026-05-17 7:56,QR3547,Barcelone [BCN],2026-05-17 23:05,2026-05-17 22:58,-7,EN ROUTE
2026-05-17 7:56,QR3516,Barcelone [BCN],2026-05-17 23:05,,,PRéVU
2026-05-17 7:56,LL5269,Barcelone [BCN],2026-05-17 23:05,2026-05-17 22:58,-7,EN ROUTE
2026-05-17 7:56,IB5439,Barcelone [BCN],2026-05-17 23:05,2026-05-17 22:58,-7,EN ROUTE
2026-05-17 7:56,VY2914,Barcelone [BCN],2026-05-17 23:05,2026-05-17 22:58,-7,EN ROUTE
2026-05-17 7:56,SK6782,Amsterdam [AMS],2026-05-17 22:45,2026-05-17 22:48,3,EN ROUTE
2026-05-17 7:56,MU1573,Amsterdam [AMS],2026-05-17 22:45,2026-05-17 22:48,3,EN ROUTE
2026-05-17 7:56,KQ1319,Amsterdam [AMS],2026-05-17 22:45,2026-05-17 22:48,3,EN ROUTE
2026-05-17 7:56,G35512,Amsterdam [AMS],2026-05-17 22:45,2026-05-17 22:48,3,EN ROUTE
2026-05-17 7:56,AF5193,Amsterdam [AMS],2026-05-17 22:45,2026-05-17 22:48,3,EN ROUTE
2026-05-17 7:56,KL1447,Amsterdam [AMS],2026-05-17 22:45,2026-05-17 22:48,3,EN ROUTE
2026-05-17 7:56,U21934,Essaouira [ESU],2026-05-17 22:40,2026-05-17 23:49,69,EN ROUTE
2026-05-17 7:56,EC1860,Arrecife [ACE],2026-05-17 22:25,,,PRéVU
2026-05-17 7:56,U21860,Arrecife [ACE],2026-05-17 22:25,2026-05-17 22:21,-4,EN ROUTE
2026-05-17 7:56,U26801,Porto [OPO],2026-05-17 22:05,,,PRéVU
2026-05-17 7:56,SK9730,Paris [CDG],2026-05-17 22:00,,,ARRIVéE
2026-05-17 7:56,MU1733,Paris [CDG],2026-05-17 22:00,,,ARRIVéE
2026-05-17 7:56,MK9010,Paris [CDG],2026-05-17 22:00,,,ARRIVéE
2026-05-17 7:56,BT5613,Paris [CDG],2026-05-17 22:00,,,ARRIVéE
2026-05-17 7:56,AY6303,Paris [CDG],2026-05-17 22:00,,,ARRIVéE
2026-05-17 7:56,AM5794,Paris [CDG],2026-05-17 22:00,,,ARRIVéE
2026-05-17 7:56,AF7440,Paris [CDG],2026-05-17 22:00,,,ARRIVéE
2026-05-17 7:56,V72139,Sevilla [SVQ],2026-05-17 21:50,,,PRéVU
2026-05-17 7:56,U27605,Lisbonne [LIS],2026-05-17 21:20,,,PRéVU
2026-05-17 7:56,U22423,Luton [LTN],2026-05-17 21:15,,,PRéVU
2026-05-17 7:56,QR5938,Londres [LGW],2026-05-17 20:35,,,PRéVU
2026-05-17 7:56,BA2572,Londres [LGW],2026-05-17 20:35,,,PRéVU
2026-05-17 7:56,V72443,Palma de Mallorca [PMI],2026-05-17 20:25,,,ARRIVéE
2026-05-17 7:56,U21906,Marrakech [RAK],2026-05-17 19:35,,,PRéVU
2026-05-17 7:56,U21852,Santa Cruz de Ténérife [TFS],2026-05-17 18:25,,,PRéVU
2026-05-17 7:56,WS5126,Paris [CDG],2026-05-17 18:10,,,PRéVU
2026-05-17 7:56,SK9732,Paris [CDG],2026-05-17 18:10,,,PRéVU
2026-05-17 8:26,U21617,Nice [NCE],2026-05-17 8:00,2026-05-17 7:45,-15,EN ROUTE
2026-05-17 8:26,U21387,Genève [GVA],2026-05-17 8:20,2026-05-17 8:06,-14,EN ROUTE
2026-05-17 8:26,AF7442,Paris [CDG],2026-05-17 8:25,,,EN ROUTE
2026-05-17 8:26,AM5931,Paris [CDG],2026-05-17 8:25,,,EN ROUTE
2026-05-17 8:26,BT5784,Paris [CDG],2026-05-17 8:25,,,PRéVU
2026-05-17 8:26,DL8323,Paris [CDG],2026-05-17 8:25,,,PRéVU
2026-05-17 8:26,SK9731,Paris [CDG],2026-05-17 8:25,,,PRéVU
2026-05-17 8:26,DL8341,Paris [CDG],2026-05-17 8:25,,,EN ROUTE
2026-05-17 8:26,IB1199,Madrid [MAD],2026-05-17 8:35,,,EN ROUTE
2026-05-17 8:26,AA8621,Madrid [MAD],2026-05-17 8:35,,,EN ROUTE
2026-05-17 8:26,QR7248,Madrid [MAD],2026-05-17 8:35,,,EN ROUTE
2026-05-17 8:26,VY5510,Madrid [MAD],2026-05-17 8:35,,,EN ROUTE
2026-05-17 8:56,U21617,Nice [NCE],2026-05-17 8:00,2026-05-17 7:45,-15,EN ROUTE
2026-05-17 8:56,U21387,Genève [GVA],2026-05-17 8:20,2026-05-17 8:06,-14,EN ROUTE
2026-05-17 8:56,AF7442,Paris [CDG],2026-05-17 8:25,,,EN ROUTE
2026-05-17 8:56,AM5931,Paris [CDG],2026-05-17 8:25,,,EN ROUTE
2026-05-17 8:56,BT5784,Paris [CDG],2026-05-17 8:25,,,PRéVU
2026-05-17 8:56,DL8323,Paris [CDG],2026-05-17 8:25,,,PRéVU
2026-05-17 8:56,SK9731,Paris [CDG],2026-05-17 8:25,,,PRéVU
2026-05-17 8:56,DL8341,Paris [CDG],2026-05-17 8:25,,,EN ROUTE
2026-05-17 8:56,IB1199,Madrid [MAD],2026-05-17 8:35,,,EN ROUTE
2026-05-17 8:56,AA8621,Madrid [MAD],2026-05-17 8:35,,,EN ROUTE
2026-05-17 8:56,QR7248,Madrid [MAD],2026-05-17 8:35,,,EN ROUTE
2026-05-17 8:56,VY5510,Madrid [MAD],2026-05-17 8:35,,,EN ROUTE
2026-05-17 9:26,VY2912,Barcelone [BCN],2026-05-17 9:00,,,PRéVU
2026-05-17 9:26,AF7430,Paris [CDG],2026-05-17 9:00,,,PRéVU
2026-05-17 9:26,AM5985,Paris [CDG],2026-05-17 9:00,,,PRéVU
2026-05-17 9:26,DL8382,Paris [CDG],2026-05-17 9:00,,,PRéVU
2026-05-17 9:26,IB5437,Barcelone [BCN],2026-05-17 9:00,,,PRéVU
2026-05-17 9:26,LA5787,Barcelone [BCN],2026-05-17 9:00,,,PRéVU
2026-05-17 9:26,LL5267,Barcelone [BCN],2026-05-17 9:00,,,PRéVU
2026-05-17 9:26,QR3556,Barcelone [BCN],2026-05-17 9:00,,,PRéVU
2026-05-17 9:26,OYO9,Lyon [LYN],2026-05-17 9:03,,,PRéVU
2026-05-17 9:26,V72405,Ajaccio [AJA],2026-05-17 9:45,,,PRéVU
2026-05-17 9:26,U22375,Luton [LTN],2026-05-17 9:45,,,PRéVU
2026-05-17 9:26,LH1070,Francfort [FRA],2026-05-17 9:50,,,PRéVU
2026-05-17 9:26,LX3606,Francfort [FRA],2026-05-17 9:50,,,PRéVU
2026-05-17 9:26,3O303,Tanger [TNG],2026-05-17 9:55,,,PRéVU
2026-05-17 9:26,U21816,Lyon [LYS],2026-05-17 9:55,,,PRéVU
2026-05-17 9:56,VY2912,Barcelone [BCN],2026-05-17 9:00,,,PRéVU
2026-05-17 9:56,AF7430,Paris [CDG],2026-05-17 9:00,,,PRéVU
2026-05-17 9:56,AM5985,Paris [CDG],2026-05-17 9:00,,,PRéVU
2026-05-17 9:56,DL8382,Paris [CDG],2026-05-17 9:00,,,PRéVU
2026-05-17 9:56,IB5437,Barcelone [BCN],2026-05-17 9:00,,,PRéVU
2026-05-17 9:56,LA5787,Barcelone [BCN],2026-05-17 9:00,,,PRéVU
2026-05-17 9:56,LL5267,Barcelone [BCN],2026-05-17 9:00,,,PRéVU
2026-05-17 9:56,QR3556,Barcelone [BCN],2026-05-17 9:00,,,PRéVU
2026-05-17 9:56,OYO9,Lyon [LYN],2026-05-17 9:03,,,PRéVU
2026-05-17 9:56,V72405,Ajaccio [AJA],2026-05-17 9:45,,,ARRIVéE
2026-05-17 9:56,U22375,Luton [LTN],2026-05-17 9:45,2026-05-17 9:49,4,EN ROUTE
2026-05-17 9:56,LH1070,Francfort [FRA],2026-05-17 9:50,2026-05-17 10:05,15,EN ROUTE
2026-05-17 9:56,LX3606,Francfort [FRA],2026-05-17 9:50,2026-05-17 10:05,15,EN ROUTE
2026-05-17 9:56,3O303,Tanger [TNG],2026-05-17 9:55,,,EN ROUTE
2026-05-17 9:56,U21816,Lyon [LYS],2026-05-17 9:55,2026-05-17 9:40,-15,EN ROUTE
2026-05-17 10:26,TK1389,Istanbul [IST],2026-05-17 10:10,2026-05-17 10:05,-5,EN ROUTE
2026-05-17 10:26,TG9110,Istanbul [IST],2026-05-17 10:10,2026-05-17 10:05,-5,EN ROUTE
2026-05-17 10:26,BA2570,Londres [LGW],2026-05-17 10:15,2026-05-17 10:25,10,EN ROUTE
2026-05-17 10:26,QR6242,Londres [LGW],2026-05-17 10:15,2026-05-17 10:25,10,EN ROUTE
2026-05-17 10:26,U28383,Londres [LGW],2026-05-17 10:25,2026-05-17 10:12,-13,EN ROUTE
2026-05-17 10:26,V73915,Palerme [PMO],2026-05-17 10:40,,,EN ROUTE
2026-05-17 10:56,TK1389,Istanbul [IST],2026-05-17 10:10,2026-05-17 10:05,-5,EN ROUTE
2026-05-17 10:56,TG9110,Istanbul [IST],2026-05-17 10:10,2026-05-17 10:05,-5,EN ROUTE
2026-05-17 10:56,BA2570,Londres [LGW],2026-05-17 10:15,2026-05-17 10:25,10,EN ROUTE
2026-05-17 10:56,QR6242,Londres [LGW],2026-05-17 10:15,2026-05-17 10:25,10,EN ROUTE
2026-05-17 10:56,U28383,Londres [LGW],2026-05-17 10:25,2026-05-17 10:12,-13,EN ROUTE
2026-05-17 10:56,V73915,Palerme [PMO],2026-05-17 10:40,,,EN ROUTE
2026-05-17 11:26,AF7432,Paris [CDG],2026-05-17 11:00,,,PRéVU
2026-05-17 11:26,AM5722,Paris [CDG],2026-05-17 11:00,,,PRéVU
2026-05-17 11:26,DL8312,Paris [CDG],2026-05-17 11:00,,,PRéVU
2026-05-17 11:26,MK9012,Paris [CDG],2026-05-17 11:00,,,PRéVU
2026-05-17 11:26,MU1537,Paris [CDG],2026-05-17 11:00,,,PRéVU
2026-05-17 11:26,SK9736,Paris [CDG],2026-05-17 11:00,,,PRéVU
2026-05-17 11:26,VN3238,Paris [CDG],2026-05-17 11:00,,,PRéVU
2026-05-17 11:26,DL8381,Paris [CDG],2026-05-17 11:00,,,PRéVU
2026-05-17 11:26,KL1441,Amsterdam [AMS],2026-05-17 11:05,,,EN ROUTE
2026-05-17 11:26,AF8287,Amsterdam [AMS],2026-05-17 11:05,,,EN ROUTE
2026-05-17 11:26,DL9624,Amsterdam [AMS],2026-05-17 11:05,,,EN ROUTE
2026-05-17 11:26,KQ1315,Amsterdam [AMS],2026-05-17 11:05,,,EN ROUTE
2026-05-17 11:26,MU1571,Amsterdam [AMS],2026-05-17 11:05,,,EN ROUTE
2026-05-17 11:26,SK6776,Amsterdam [AMS],2026-05-17 11:05,,,EN ROUTE
2026-05-17 11:26,FRA96,Mos [ROZ],2026-05-17 11:35,,,PRéVU
2026-05-17 11:56,AF7432,Paris [CDG],2026-05-17 11:00,,,PRéVU
2026-05-17 11:56,AM5722,Paris [CDG],2026-05-17 11:00,,,PRéVU
2026-05-17 11:56,DL8312,Paris [CDG],2026-05-17 11:00,,,PRéVU
2026-05-17 11:56,MK9012,Paris [CDG],2026-05-17 11:00,,,PRéVU
2026-05-17 11:56,MU1537,Paris [CDG],2026-05-17 11:00,,,PRéVU
2026-05-17 11:56,SK9736,Paris [CDG],2026-05-17 11:00,,,PRéVU
2026-05-17 11:56,VN3238,Paris [CDG],2026-05-17 11:00,,,PRéVU
2026-05-17 11:56,DL8381,Paris [CDG],2026-05-17 11:00,,,PRéVU
2026-05-17 11:56,KL1441,Amsterdam [AMS],2026-05-17 11:05,,,EN ROUTE
2026-05-17 11:56,AF8287,Amsterdam [AMS],2026-05-17 11:05,,,EN ROUTE
2026-05-17 11:56,DL9624,Amsterdam [AMS],2026-05-17 11:05,,,EN ROUTE
2026-05-17 11:56,KQ1315,Amsterdam [AMS],2026-05-17 11:05,,,EN ROUTE
2026-05-17 11:56,MU1571,Amsterdam [AMS],2026-05-17 11:05,,,EN ROUTE
2026-05-17 11:56,SK6776,Amsterdam [AMS],2026-05-17 11:05,,,EN ROUTE
2026-05-17 11:56,FRA96,Mos [ROZ],2026-05-17 11:35,2026-05-17 11:36,1,EN ROUTE
2026-05-17 12:26,V72233,Corfou [CFU],2026-05-17 12:25,2026-05-17 12:31,6,EN ROUTE
2026-05-17 12:26,A33608,Corfou [CFU],2026-05-17 12:25,2026-05-17 12:31,6,EN ROUTE
2026-05-17 12:26,JFA22A,Saint Tropez [LTT],2026-05-17 12:41,2026-05-17 12:19,-22,EN ROUTE
2026-05-17 12:56,V72233,Corfou [CFU],2026-05-17 12:25,2026-05-17 12:31,6,EN ROUTE
2026-05-17 12:56,A33608,Corfou [CFU],2026-05-17 12:25,2026-05-17 12:31,6,EN ROUTE
2026-05-17 12:56,JFA22A,Saint Tropez [LTT],2026-05-17 12:41,2026-05-17 12:19,-22,EN ROUTE
2026-05-17 13:26,AF7434,Paris [CDG],2026-05-17 13:15,,,PRéVU
2026-05-17 13:26,U21850,Budapest [BUD],2026-05-17 13:15,2026-05-17 13:14,-1,EN ROUTE
2026-05-17 13:26,AM5793,Paris [CDG],2026-05-17 13:15,,,PRéVU
2026-05-17 13:26,AY6361,Paris [CDG],2026-05-17 13:15,,,PRéVU
2026-05-17 13:26,BT5619,Paris [CDG],2026-05-17 13:15,,,PRéVU
2026-05-17 13:26,DL8317,Paris [CDG],2026-05-17 13:15,,,PRéVU
2026-05-17 13:26,MK9016,Paris [CDG],2026-05-17 13:15,,,PRéVU
2026-05-17 13:26,SK9733,Paris [CDG],2026-05-17 13:15,,,PRéVU
2026-05-17 13:26,VN3240,Paris [CDG],2026-05-17 13:15,,,PRéVU
2026-05-17 13:26,WS5006,Paris [CDG],2026-05-17 13:15,,,PRéVU
2026-05-17 13:26,DL8327,Paris [CDG],2026-05-17 13:15,,,PRéVU
2026-05-17 13:26,SK9731,Paris [CDG],2026-05-17 13:15,,,PRéVU
2026-05-17 13:26,DL8391,Paris [CDG],2026-05-17 13:15,,,PRéVU
2026-05-17 13:26,AF9424,Paris [CDG],2026-05-17 13:40,,,PRéVU
2026-05-17 13:26,AM5991,Paris [CDG],2026-05-17 13:40,,,PRéVU
2026-05-17 13:26,DL8350,Paris [CDG],2026-05-17 13:40,,,PRéVU
2026-05-17 13:26,WS5013,Paris [CDG],2026-05-17 13:40,,,PRéVU
2026-05-17 13:26,V72443,Palma de Mallorca [PMI],2026-05-17 13:45,,,PRéVU
2026-05-17 13:56,AF7434,Paris [CDG],2026-05-17 13:15,,,PRéVU
2026-05-17 13:56,U21850,Budapest [BUD],2026-05-17 13:15,2026-05-17 13:14,-1,EN ROUTE
2026-05-17 13:56,AM5793,Paris [CDG],2026-05-17 13:15,,,PRéVU
2026-05-17 13:56,AY6361,Paris [CDG],2026-05-17 13:15,,,PRéVU
2026-05-17 13:56,BT5619,Paris [CDG],2026-05-17 13:15,,,PRéVU
2026-05-17 13:56,DL8317,Paris [CDG],2026-05-17 13:15,,,PRéVU
2026-05-17 13:56,MK9016,Paris [CDG],2026-05-17 13:15,,,PRéVU
2026-05-17 13:56,SK9733,Paris [CDG],2026-05-17 13:15,,,PRéVU
2026-05-17 13:56,VN3240,Paris [CDG],2026-05-17 13:15,,,PRéVU
2026-05-17 13:56,WS5006,Paris [CDG],2026-05-17 13:15,,,PRéVU
2026-05-17 13:56,DL8327,Paris [CDG],2026-05-17 13:15,,,PRéVU
2026-05-17 13:56,SK9731,Paris [CDG],2026-05-17 13:15,,,PRéVU
2026-05-17 13:56,DL8391,Paris [CDG],2026-05-17 13:15,,,PRéVU
2026-05-17 13:56,AF9424,Paris [CDG],2026-05-17 13:40,2026-05-17 13:44,4,EN ROUTE
2026-05-17 13:56,AM5991,Paris [CDG],2026-05-17 13:40,2026-05-17 13:44,4,EN ROUTE
2026-05-17 13:56,DL8350,Paris [CDG],2026-05-17 13:40,2026-05-17 13:44,4,EN ROUTE
2026-05-17 13:56,WS5013,Paris [CDG],2026-05-17 13:40,2026-05-17 13:44,4,EN ROUTE
2026-05-17 13:56,V72443,Palma de Mallorca [PMI],2026-05-17 13:45,2026-05-17 13:56,11,EN ROUTE
2026-05-17 14:26,VY2916,Barcelone [BCN],2026-05-17 14:00,2026-05-17 14:20,20,EN ROUTE
2026-05-17 14:26,IB5694,Barcelone [BCN],2026-05-17 14:00,2026-05-17 14:20,20,EN ROUTE
2026-05-17 14:26,LA5856,Barcelone [BCN],2026-05-17 14:00,2026-05-17 14:20,20,EN ROUTE
2026-05-17 14:26,LL5271,Barcelone [BCN],2026-05-17 14:00,2026-05-17 14:20,20,EN ROUTE
2026-05-17 14:26,QR3613,Barcelone [BCN],2026-05-17 14:00,2026-05-17 14:20,20,EN ROUTE
2026-05-17 14:26,U21886,Athènes [ATH],2026-05-17 14:10,2026-05-17 14:13,3,EN ROUTE
2026-05-17 14:26,LX552,Zurich [ZRH],2026-05-17 14:15,2026-05-17 14:26,11,EN ROUTE
2026-05-17 14:26,OYO9,Grenoble [GNB],2026-05-17 14:15,2026-05-17 14:37,22,EN ROUTE
2026-05-17 14:26,H5373,Ibiza [IBZ],2026-05-17 14:16,2026-05-17 14:20,4,EN ROUTE
2026-05-17 14:26,U21904,Rabat [RBA],2026-05-17 14:20,2026-05-17 13:58,-22,ARRIVéE
2026-05-17 14:26,U27605,Lisbonne [LIS],2026-05-17 14:50,2026-05-17 15:24,34,EN ROUTE
2026-05-17 14:56,VY2916,Barcelone [BCN],2026-05-17 14:00,2026-05-17 14:20,20,EN ROUTE
2026-05-17 14:56,IB5694,Barcelone [BCN],2026-05-17 14:00,2026-05-17 14:20,20,EN ROUTE
2026-05-17 14:56,LA5856,Barcelone [BCN],2026-05-17 14:00,2026-05-17 14:20,20,EN ROUTE
2026-05-17 14:56,LL5271,Barcelone [BCN],2026-05-17 14:00,2026-05-17 14:20,20,EN ROUTE
2026-05-17 14:56,QR3613,Barcelone [BCN],2026-05-17 14:00,2026-05-17 14:20,20,EN ROUTE
2026-05-17 14:56,U21886,Athènes [ATH],2026-05-17 14:10,2026-05-17 14:13,3,EN ROUTE
2026-05-17 14:56,LX552,Zurich [ZRH],2026-05-17 14:15,2026-05-17 14:26,11,EN ROUTE
2026-05-17 14:56,OYO9,Grenoble [GNB],2026-05-17 14:15,2026-05-17 14:37,22,EN ROUTE
2026-05-17 14:56,H5373,Ibiza [IBZ],2026-05-17 14:16,2026-05-17 14:20,4,EN ROUTE
2026-05-17 14:56,U21904,Rabat [RBA],2026-05-17 14:20,2026-05-17 13:58,-22,ARRIVéE
2026-05-17 14:56,U27605,Lisbonne [LIS],2026-05-17 14:50,2026-05-17 15:26,36,EN ROUTE
2026-05-17 15:26,3O301,Fez [FEZ],2026-05-17 15:20,2026-05-17 15:09,-11,EN ROUTE
2026-05-17 15:26,U21930,Rome [FCO],2026-05-17 15:25,2026-05-17 15:09,-16,EN ROUTE
2026-05-17 15:26,U27301,Palma de Mallorca [PMI],2026-05-17 15:25,,,EN ROUTE
2026-05-17 15:26,EC7301,Palma de Mallorca [PMI],2026-05-17 15:25,,,PRéVU
2026-05-17 15:26,U21874,Porto [OPO],2026-05-17 15:35,2026-05-17 15:26,-9,EN ROUTE
2026-05-17 15:56,3O301,Fez [FEZ],2026-05-17 15:20,2026-05-17 15:09,-11,EN ROUTE
2026-05-17 15:56,U21930,Rome [FCO],2026-05-17 15:25,2026-05-17 15:09,-16,EN ROUTE
2026-05-17 15:56,U27301,Palma de Mallorca [PMI],2026-05-17 15:25,,,EN ROUTE
2026-05-17 15:56,EC7301,Palma de Mallorca [PMI],2026-05-17 15:25,,,PRéVU
2026-05-17 15:56,U21874,Porto [OPO],2026-05-17 15:35,2026-05-17 15:26,-9,EN ROUTE
2026-05-17 16:26,V72467,Florence [FLR],2026-05-17 16:00,2026-05-17 15:56,-4,EN ROUTE
2026-05-17 16:26,W95415,Luton [LTN],2026-05-17 16:05,,,EN ROUTE
2026-05-17 16:26,V72423,Lille [LIL],2026-05-17 16:30,,,PRéVU
2026-05-17 16:26,OEGGM,Altenrhein [ACH],2026-05-17 16:34,,,PRéVU
2026-05-17 16:26,V72611,Strasbourg [SXB],2026-05-17 16:35,,,PRéVU
2026-05-17 16:56,V72467,Florence [FLR],2026-05-17 16:00,2026-05-17 15:56,-4,EN ROUTE
2026-05-17 16:56,W95415,Luton [LTN],2026-05-17 16:05,,,EN ROUTE
2026-05-17 16:56,V72423,Lille [LIL],2026-05-17 16:30,,,PRéVU
2026-05-17 16:56,OEGGM,Altenrhein [ACH],2026-05-17 16:34,,,PRéVU
2026-05-17 16:56,V72611,Strasbourg [SXB],2026-05-17 16:35,,,PRéVU
2026-05-17 17:26,U21389,Genève [GVA],2026-05-17 17:10,2026-05-17 17:00,-10,EN ROUTE
2026-05-17 17:26,KL1445,Amsterdam [AMS],2026-05-17 17:15,2026-05-17 17:21,6,EN ROUTE
2026-05-17 17:26,V72635,Marseille [MRS],2026-05-17 17:15,,,EN ROUTE
2026-05-17 17:26,EI506,Dublin [DUB],2026-05-17 17:15,2026-05-17 17:13,-2,EN ROUTE
2026-05-17 17:26,AF8293,Amsterdam [AMS],2026-05-17 17:15,2026-05-17 17:21,6,EN ROUTE
2026-05-17 17:26,DL9161,Amsterdam [AMS],2026-05-17 17:15,2026-05-17 17:21,6,EN ROUTE
2026-05-17 17:26,KQ1317,Amsterdam [AMS],2026-05-17 17:15,2026-05-17 17:21,6,EN ROUTE
2026-05-17 17:26,SK6780,Amsterdam [AMS],2026-05-17 17:15,2026-05-17 17:21,6,EN ROUTE
2026-05-17 17:26,WS5212,Amsterdam [AMS],2026-05-17 17:15,2026-05-17 17:21,6,EN ROUTE
2026-05-17 17:26,AA8017,Dublin [DUB],2026-05-17 17:15,2026-05-17 17:13,-2,EN ROUTE
2026-05-17 17:26,G35518,Amsterdam [AMS],2026-05-17 17:15,2026-05-17 17:21,6,EN ROUTE
2026-05-17 17:26,DL9160,Amsterdam [AMS],2026-05-17 17:15,2026-05-17 17:21,6,EN ROUTE
2026-05-17 17:26,IB1203,Madrid [MAD],2026-05-17 17:25,2026-05-17 17:32,7,EN ROUTE
2026-05-17 17:26,AA8623,Madrid [MAD],2026-05-17 17:25,2026-05-17 17:32,7,EN ROUTE
2026-05-17 17:26,CX1874,Madrid [MAD],2026-05-17 17:25,2026-05-17 17:32,7,EN ROUTE
2026-05-17 17:26,LA1689,Madrid [MAD],2026-05-17 17:25,2026-05-17 17:32,7,EN ROUTE
2026-05-17 17:26,QR5375,Madrid [MAD],2026-05-17 17:25,2026-05-17 17:32,7,EN ROUTE
2026-05-17 17:26,VY5514,Madrid [MAD],2026-05-17 17:25,2026-05-17 17:32,7,EN ROUTE
2026-05-17 17:26,AF6136,Lyon [LYS],2026-05-17 17:35,2026-05-17 17:23,-12,EN ROUTE
2026-05-17 17:26,U21818,Lyon [LYS],2026-05-17 17:35,,,EN ROUTE
2026-05-17 17:26,VJT451,Luton [LTN],2026-05-17 17:43,,,EN ROUTE
2026-05-17 17:26,LH2258,Munich [MUC],2026-05-17 17:50,2026-05-17 17:53,3,EN ROUTE
2026-05-17 17:56,U21389,Genève [GVA],2026-05-17 17:10,2026-05-17 17:00,-10,EN ROUTE
2026-05-17 17:56,KL1445,Amsterdam [AMS],2026-05-17 17:15,2026-05-17 17:21,6,EN ROUTE
2026-05-17 17:56,V72635,Marseille [MRS],2026-05-17 17:15,,,EN ROUTE
2026-05-17 17:56,EI506,Dublin [DUB],2026-05-17 17:15,2026-05-17 17:13,-2,EN ROUTE
2026-05-17 17:56,AF8293,Amsterdam [AMS],2026-05-17 17:15,2026-05-17 17:21,6,EN ROUTE
2026-05-17 17:56,DL9161,Amsterdam [AMS],2026-05-17 17:15,2026-05-17 17:21,6,EN ROUTE
2026-05-17 17:56,KQ1317,Amsterdam [AMS],2026-05-17 17:15,2026-05-17 17:21,6,EN ROUTE
2026-05-17 17:56,SK6780,Amsterdam [AMS],2026-05-17 17:15,2026-05-17 17:21,6,EN ROUTE
2026-05-17 17:56,WS5212,Amsterdam [AMS],2026-05-17 17:15,2026-05-17 17:21,6,EN ROUTE
2026-05-17 17:56,AA8017,Dublin [DUB],2026-05-17 17:15,2026-05-17 17:13,-2,EN ROUTE
2026-05-17 17:56,G35518,Amsterdam [AMS],2026-05-17 17:15,2026-05-17 17:21,6,EN ROUTE
2026-05-17 17:56,DL9160,Amsterdam [AMS],2026-05-17 17:15,2026-05-17 17:21,6,EN ROUTE
2026-05-17 17:56,IB1203,Madrid [MAD],2026-05-17 17:25,2026-05-17 17:32,7,EN ROUTE
2026-05-17 17:56,AA8623,Madrid [MAD],2026-05-17 17:25,2026-05-17 17:32,7,EN ROUTE
2026-05-17 17:56,CX1874,Madrid [MAD],2026-05-17 17:25,2026-05-17 17:32,7,EN ROUTE
2026-05-17 17:56,LA1689,Madrid [MAD],2026-05-17 17:25,2026-05-17 17:32,7,EN ROUTE
2026-05-17 17:56,QR5375,Madrid [MAD],2026-05-17 17:25,2026-05-17 17:32,7,EN ROUTE
2026-05-17 17:56,VY5514,Madrid [MAD],2026-05-17 17:25,2026-05-17 17:32,7,EN ROUTE
2026-05-17 17:56,AF6136,Lyon [LYS],2026-05-17 17:35,2026-05-17 17:23,-12,EN ROUTE
2026-05-17 17:56,U21818,Lyon [LYS],2026-05-17 17:35,,,EN ROUTE
2026-05-17 17:56,VJT451,Luton [LTN],2026-05-17 17:43,,,EN ROUTE
2026-05-17 17:56,LH2258,Munich [MUC],2026-05-17 17:50,2026-05-17 17:53,3,EN ROUTE
2026-05-17 18:26,U23803,Milan [MXP],2026-05-17 18:00,2026-05-17 17:45,-15,EN ROUTE
2026-05-17 18:26,AF7436,Paris [CDG],2026-05-17 18:10,,,PRéVU
2026-05-17 18:26,V72067,Menorca [MAH],2026-05-17 18:10,,,PRéVU
2026-05-17 18:26,LH1072,Francfort [FRA],2026-05-17 18:10,,,PRéVU
2026-05-17 18:26,AM5854,Paris [CDG],2026-05-17 18:10,,,PRéVU
2026-05-17 18:26,AR7824,Paris [CDG],2026-05-17 18:10,,,PRéVU
2026-05-17 18:26,AY6327,Paris [CDG],2026-05-17 18:10,,,PRéVU
2026-05-17 18:26,DL8490,Paris [CDG],2026-05-17 18:10,,,PRéVU
2026-05-17 18:26,MK9018,Paris [CDG],2026-05-17 18:10,,,PRéVU
2026-05-17 18:26,MU1867,Paris [CDG],2026-05-17 18:10,,,PRéVU
2026-05-17 18:26,SK9732,Paris [CDG],2026-05-17 18:10,,,PRéVU
2026-05-17 18:26,WS5126,Paris [CDG],2026-05-17 18:10,,,PRéVU
2026-05-17 18:26,LX3614,Francfort [FRA],2026-05-17 18:10,,,PRéVU
2026-05-17 18:26,V73842,Malaga [AGP],2026-05-17 18:20,,,EN ROUTE
2026-05-17 18:26,VY2914,Barcelone [BCN],2026-05-17 18:20,,,PRéVU
2026-05-17 18:26,IB5439,Barcelone [BCN],2026-05-17 18:20,,,PRéVU
2026-05-17 18:26,LL5269,Barcelone [BCN],2026-05-17 18:20,,,PRéVU
2026-05-17 18:26,QR3547,Barcelone [BCN],2026-05-17 18:20,,,PRéVU
2026-05-17 18:26,QR3524,Barcelone [BCN],2026-05-17 18:20,,,PRéVU
2026-05-17 18:26,LA5758,Barcelone [BCN],2026-05-17 18:20,,,PRéVU
2026-05-17 18:26,U21878,Lisbonne [LIS],2026-05-17 18:25,,,PRéVU
2026-05-17 18:26,FJO53F,Varsovie [WAW],2026-05-17 18:33,,,EN ROUTE
2026-05-17 18:56,U23803,Milan [MXP],2026-05-17 18:00,2026-05-17 17:45,-15,EN ROUTE
2026-05-17 18:56,AF7436,Paris [CDG],2026-05-17 18:10,,,PRéVU
2026-05-17 18:56,V72067,Menorca [MAH],2026-05-17 18:10,,,PRéVU
2026-05-17 18:56,LH1072,Francfort [FRA],2026-05-17 18:10,,,PRéVU
2026-05-17 18:56,AM5854,Paris [CDG],2026-05-17 18:10,,,PRéVU
2026-05-17 18:56,AR7824,Paris [CDG],2026-05-17 18:10,,,PRéVU
2026-05-17 18:56,AY6327,Paris [CDG],2026-05-17 18:10,,,PRéVU
2026-05-17 18:56,DL8490,Paris [CDG],2026-05-17 18:10,,,PRéVU
2026-05-17 18:56,MK9018,Paris [CDG],2026-05-17 18:10,,,PRéVU
2026-05-17 18:56,MU1867,Paris [CDG],2026-05-17 18:10,,,PRéVU
2026-05-17 18:56,SK9732,Paris [CDG],2026-05-17 18:10,,,PRéVU
2026-05-17 18:56,WS5126,Paris [CDG],2026-05-17 18:10,,,PRéVU
2026-05-17 18:56,LX3614,Francfort [FRA],2026-05-17 18:10,,,PRéVU
2026-05-17 18:56,V73842,Malaga [AGP],2026-05-17 18:20,,,EN ROUTE
2026-05-17 18:56,VY2914,Barcelone [BCN],2026-05-17 18:20,,,PRéVU
2026-05-17 18:56,IB5439,Barcelone [BCN],2026-05-17 18:20,,,PRéVU
2026-05-17 18:56,LL5269,Barcelone [BCN],2026-05-17 18:20,,,PRéVU
2026-05-17 18:56,QR3547,Barcelone [BCN],2026-05-17 18:20,,,PRéVU
2026-05-17 18:56,QR3524,Barcelone [BCN],2026-05-17 18:20,,,PRéVU
2026-05-17 18:56,LA5758,Barcelone [BCN],2026-05-17 18:20,,,PRéVU
2026-05-17 18:56,U21878,Lisbonne [LIS],2026-05-17 18:25,,,PRéVU
2026-05-17 18:56,FJO53F,Varsovie [WAW],2026-05-17 18:33,,,EN ROUTE
2026-05-17 19:26,NJE956U,Cannes [CEQ],2026-05-17 19:00,,,PRéVU
2026-05-17 19:26,AT798,Casablanca [CMN],2026-05-17 19:05,2026-05-17 19:23,18,EN ROUTE
2026-05-17 19:26,U21828,Nice [NCE],2026-05-17 19:05,2026-05-17 19:48,43,EN ROUTE
2026-05-17 19:26,U21806,Marseille [MRS],2026-05-17 19:10,,,PRéVU
2026-05-17 19:26,U21906,Marrakech [RAK],2026-05-17 19:30,2026-05-17 20:12,42,EN ROUTE
2026-05-17 19:26,BA9173,London [LHR],2026-05-17 19:34,,,EN ROUTE
2026-05-17 19:26,AF7438,Paris [CDG],2026-05-17 19:35,,,PRéVU
2026-05-17 19:26,AH1190,Alger [ALG],2026-05-17 19:35,,,PRéVU
2026-05-17 19:26,AY6331,Paris [CDG],2026-05-17 19:35,,,PRéVU
2026-05-17 19:26,BT5615,Paris [CDG],2026-05-17 19:35,,,PRéVU
2026-05-17 19:26,WS5127,Paris [CDG],2026-05-17 19:35,,,PRéVU
2026-05-17 19:26,SK9734,Paris [CDG],2026-05-17 19:35,,,PRéVU
2026-05-17 19:26,AM5855,Paris [CDG],2026-05-17 19:35,,,PRéVU
2026-05-17 19:56,NJE956U,Cannes [CEQ],2026-05-17 19:00,,,PRéVU
2026-05-17 19:56,AT798,Casablanca [CMN],2026-05-17 19:05,2026-05-17 19:23,18,EN ROUTE
2026-05-17 19:56,U21828,Nice [NCE],2026-05-17 19:05,2026-05-17 19:48,43,EN ROUTE
2026-05-17 19:56,U21806,Marseille [MRS],2026-05-17 19:10,,,PRéVU
2026-05-17 19:56,U21906,Marrakech [RAK],2026-05-17 19:30,2026-05-17 20:12,42,EN ROUTE
2026-05-17 19:56,BA9173,London [LHR],2026-05-17 19:34,,,EN ROUTE
2026-05-17 19:56,AF7438,Paris [CDG],2026-05-17 19:35,,,PRéVU
2026-05-17 19:56,AH1190,Alger [ALG],2026-05-17 19:35,,,PRéVU
2026-05-17 19:56,AY6331,Paris [CDG],2026-05-17 19:35,,,PRéVU
2026-05-17 19:56,BT5615,Paris [CDG],2026-05-17 19:35,,,PRéVU
2026-05-17 19:56,WS5127,Paris [CDG],2026-05-17 19:35,,,PRéVU
2026-05-17 19:56,SK9734,Paris [CDG],2026-05-17 19:35,,,PRéVU
2026-05-17 19:56,AM5855,Paris [CDG],2026-05-17 19:35,,,PRéVU
2026-05-17 20:26,U25141,Berlin [BER],2026-05-17 20:00,2026-05-17 19:46,-14,ARRIVéE
2026-05-17 20:26,V72403,Bastia [BIA],2026-05-17 20:15,2026-05-17 21:18,63,EN ROUTE
2026-05-17 20:26,W43297,Bucarest [OTP],2026-05-17 20:25,2026-05-17 20:50,25,EN ROUTE
2026-05-17 20:26,AT614,Marrakech [RAK],2026-05-17 20:40,2026-05-17 21:03,23,EN ROUTE
2026-05-17 20:26,U21391,Genève [GVA],2026-05-17 20:55,,,PRéVU
2026-05-17 20:56,U25141,Berlin [BER],2026-05-17 20:00,2026-05-17 19:46,-14,ARRIVéE
2026-05-17 20:56,V72403,Bastia [BIA],2026-05-17 20:15,2026-05-17 21:18,63,EN ROUTE
2026-05-17 20:56,W43297,Bucarest [OTP],2026-05-17 20:25,2026-05-17 20:50,25,EN ROUTE
2026-05-17 20:56,AT614,Marrakech [RAK],2026-05-17 20:40,2026-05-17 21:03,23,EN ROUTE
2026-05-17 20:56,U21391,Genève [GVA],2026-05-17 20:55,,,PRéVU
2026-05-17 21:26,V72437,Manises [VLC],2026-05-17 21:00,2026-05-17 21:13,13,EN ROUTE
2026-05-17 21:26,H5961,Venise [VCE],2026-05-17 21:03,,,PRéVU
2026-05-17 21:26,V72433,Figari [FSC],2026-05-17 21:15,,,PRéVU
2026-05-17 21:26,U26647,Birmingham [BHX],2026-05-17 21:20,,,PRéVU
2026-05-17 21:26,U28385,Londres [LGW],2026-05-17 21:20,,,PRéVU
2026-05-17 21:26,AF6138,Lyon [LYS],2026-05-17 21:35,2026-05-17 21:30,-5,EN ROUTE
2026-05-17 21:26,U21876,Porto [OPO],2026-05-17 21:55,2026-05-17 22:24,29,EN ROUTE
2026-05-17 21:26,U22423,Luton [LTN],2026-05-17 21:55,,,PRéVU
2026-05-17 21:56,V72437,Manises [VLC],2026-05-17 21:00,2026-05-17 21:13,13,EN ROUTE
2026-05-17 21:56,H5961,Venise [VCE],2026-05-17 21:03,,,PRéVU
2026-05-17 21:56,V72433,Figari [FSC],2026-05-17 21:15,2026-05-17 21:44,29,EN ROUTE
2026-05-17 21:56,U26647,Birmingham [BHX],2026-05-17 21:20,,,PRéVU
2026-05-17 21:56,U28385,Londres [LGW],2026-05-17 21:20,,,PRéVU
2026-05-17 21:56,AF6138,Lyon [LYS],2026-05-17 21:35,2026-05-17 21:30,-5,EN ROUTE
2026-05-17 21:56,U21876,Porto [OPO],2026-05-17 21:55,2026-05-17 22:24,29,EN ROUTE
2026-05-17 21:56,U22423,Luton [LTN],2026-05-17 21:55,,,PRéVU
2026-05-17 22:26,AF7440,Paris [CDG],2026-05-17 22:00,,,PRéVU
2026-05-17 22:26,SK9730,Paris [CDG],2026-05-17 22:00,,,PRéVU
2026-05-17 22:26,AY6303,Paris [CDG],2026-05-17 22:00,,,PRéVU
2026-05-17 22:26,BT5613,Paris [CDG],2026-05-17 22:00,,,PRéVU
2026-05-17 22:26,AM5794,Paris [CDG],2026-05-17 22:00,,,PRéVU
2026-05-17 22:26,MU1733,Paris [CDG],2026-05-17 22:00,,,PRéVU
2026-05-17 22:26,MK9010,Paris [CDG],2026-05-17 22:00,,,PRéVU
2026-05-17 22:26,U22769,Bristol [BRS],2026-05-17 22:05,2026-05-17 22:28,23,EN ROUTE
2026-05-17 22:26,U21641,Nice [NCE],2026-05-17 22:20,,,EN ROUTE
2026-05-17 22:26,V71346,Venise [VCE],2026-05-17 22:25,,,PRéVU
2026-05-17 22:26,U21824,Lille [LIL],2026-05-17 22:25,,,PRéVU
2026-05-17 22:26,KL1447,Amsterdam [AMS],2026-05-17 22:45,,,PRéVU
2026-05-17 22:26,U21820,Lyon [LYS],2026-05-17 22:45,,,PRéVU
2026-05-17 22:26,AF5193,Amsterdam [AMS],2026-05-17 22:45,,,PRéVU
2026-05-17 22:26,G35512,Amsterdam [AMS],2026-05-17 22:45,,,PRéVU
2026-05-17 22:26,KQ1319,Amsterdam [AMS],2026-05-17 22:45,,,PRéVU
2026-05-17 22:26,MU1573,Amsterdam [AMS],2026-05-17 22:45,,,PRéVU
2026-05-17 22:26,SK6782,Amsterdam [AMS],2026-05-17 22:45,,,PRéVU
2026-05-17 22:26,U21808,Marseille [MRS],2026-05-17 22:50,,,PRéVU
2026-05-17 22:56,AF7440,Paris [CDG],2026-05-17 22:00,,,PRéVU
2026-05-17 22:56,SK9730,Paris [CDG],2026-05-17 22:00,,,PRéVU
2026-05-17 22:56,AY6303,Paris [CDG],2026-05-17 22:00,,,PRéVU
2026-05-17 22:56,BT5613,Paris [CDG],2026-05-17 22:00,,,PRéVU
2026-05-17 22:56,AM5794,Paris [CDG],2026-05-17 22:00,,,PRéVU
2026-05-17 22:56,MU1733,Paris [CDG],2026-05-17 22:00,,,PRéVU
2026-05-17 22:56,MK9010,Paris [CDG],2026-05-17 22:00,,,PRéVU
2026-05-17 22:56,U22769,Bristol [BRS],2026-05-17 22:05,2026-05-17 22:28,23,EN ROUTE
2026-05-17 22:56,U21641,Nice [NCE],2026-05-17 22:20,,,EN ROUTE
2026-05-17 22:56,V71346,Venise [VCE],2026-05-17 22:25,2026-05-17 23:15,50,EN ROUTE
2026-05-17 22:56,U21824,Lille [LIL],2026-05-17 22:25,,,PRéVU
2026-05-17 22:56,KL1447,Amsterdam [AMS],2026-05-17 22:45,,,PRéVU
2026-05-17 22:56,U21820,Lyon [LYS],2026-05-17 22:45,,,PRéVU
2026-05-17 22:56,AF5193,Amsterdam [AMS],2026-05-17 22:45,,,PRéVU
2026-05-17 22:56,G35512,Amsterdam [AMS],2026-05-17 22:45,,,PRéVU
2026-05-17 22:56,KQ1319,Amsterdam [AMS],2026-05-17 22:45,,,PRéVU
2026-05-17 22:56,MU1573,Amsterdam [AMS],2026-05-17 22:45,,,PRéVU
2026-05-17 22:56,SK6782,Amsterdam [AMS],2026-05-17 22:45,,,PRéVU
2026-05-17 22:56,U21808,Marseille [MRS],2026-05-17 22:50,,,PRéVU
2026-05-17 23:26,V72457,Split [SPU],2026-05-17 23:55,,,PRéVU
2026-05-17 23:26,V72703,Rome [FCO],2026-05-17 23:55,,,EN ROUTE
2026-05-17 23:26,AZ7128,Rome [FCO],2026-05-17 23:55,,,EN ROUTE
2026-05-17 23:56,V72457,Split [SPU],2026-05-17 23:55,,,PRéVU
2026-05-17 23:56,V72703,Rome [FCO],2026-05-17 23:55,,,EN ROUTE
2026-05-17 23:56,AZ7128,Rome [FCO],2026-05-17 23:55,,,EN ROUTE
2026-05-18 0:26,AZ7128,Rome [FCO],2026-05-18 23:55,,,EN ROUTE
2026-05-18 0:26,V72703,Rome [FCO],2026-05-18 23:55,,,EN ROUTE
2026-05-18 0:26,V72457,Split [SPU],2026-05-18 23:55,,,PRéVU
2026-05-18 0:26,U21808,Marseille [MRS],2026-05-18 22:50,,,PRéVU
2026-05-18 0:26,SK6782,Amsterdam [AMS],2026-05-18 22:45,,,PRéVU
2026-05-18 0:26,MU1573,Amsterdam [AMS],2026-05-18 22:45,,,PRéVU
2026-05-18 0:26,KQ1319,Amsterdam [AMS],2026-05-18 22:45,,,PRéVU
2026-05-18 0:26,G35512,Amsterdam [AMS],2026-05-18 22:45,,,PRéVU
2026-05-18 0:26,AF5193,Amsterdam [AMS],2026-05-18 22:45,,,PRéVU
2026-05-18 0:26,U21820,Lyon [LYS],2026-05-18 22:45,,,PRéVU
2026-05-18 0:26,KL1447,Amsterdam [AMS],2026-05-18 22:45,,,PRéVU
2026-05-18 0:26,U21824,Lille [LIL],2026-05-18 22:25,,,PRéVU
2026-05-18 0:26,V71346,Venise [VCE],2026-05-18 22:25,2026-05-18 23:15,50,EN ROUTE
2026-05-18 0:26,U21641,Nice [NCE],2026-05-18 22:20,,,EN ROUTE
2026-05-18 0:26,U22769,Bristol [BRS],2026-05-18 22:05,2026-05-18 22:28,23,EN ROUTE
2026-05-18 0:26,MK9010,Paris [CDG],2026-05-18 22:00,,,PRéVU
2026-05-18 0:26,MU1733,Paris [CDG],2026-05-18 22:00,,,PRéVU
2026-05-18 0:26,AM5794,Paris [CDG],2026-05-18 22:00,,,PRéVU
2026-05-18 0:26,BT5613,Paris [CDG],2026-05-18 22:00,,,PRéVU
2026-05-18 0:26,AY6303,Paris [CDG],2026-05-18 22:00,,,PRéVU
2026-05-18 0:26,SK9730,Paris [CDG],2026-05-18 22:00,,,PRéVU
2026-05-18 0:26,AF7440,Paris [CDG],2026-05-18 22:00,,,PRéVU
2026-05-18 0:26,U22423,Luton [LTN],2026-05-18 21:55,2026-05-18 0:41,166,EN ROUTE
2026-05-18 0:26,U21876,Porto [OPO],2026-05-18 21:55,2026-05-18 22:24,29,EN ROUTE
2026-05-18 0:26,AF6138,Lyon [LYS],2026-05-18 21:35,2026-05-18 21:30,-5,EN ROUTE
2026-05-18 0:26,U28385,Londres [LGW],2026-05-18 21:20,,,PRéVU
2026-05-18 0:26,U26647,Birmingham [BHX],2026-05-18 21:20,,,PRéVU
2026-05-18 0:26,V72433,Figari [FSC],2026-05-18 21:15,2026-05-18 21:44,29,EN ROUTE
2026-05-18 0:26,H5961,Venise [VCE],2026-05-18 21:03,,,PRéVU
2026-05-18 0:26,V72437,Manises [VLC],2026-05-18 21:00,2026-05-18 21:13,13,EN ROUTE
2026-05-18 0:26,U21391,Genève [GVA],2026-05-18 20:55,,,PRéVU
2026-05-18 0:26,AT614,Marrakech [RAK],2026-05-18 20:40,2026-05-18 21:03,23,EN ROUTE
2026-05-18 0:26,W43297,Bucarest [OTP],2026-05-18 20:25,2026-05-18 20:50,25,EN ROUTE
2026-05-18 0:26,V72403,Bastia [BIA],2026-05-18 20:15,2026-05-18 21:14,59,ARRIVéE
2026-05-18 0:26,U25141,Berlin [BER],2026-05-18 20:00,2026-05-18 19:46,-14,ARRIVéE
2026-05-18 0:26,AM5855,Paris [CDG],2026-05-18 19:35,,,PRéVU
2026-05-18 0:26,SK9734,Paris [CDG],2026-05-18 19:35,,,PRéVU
2026-05-18 0:26,WS5127,Paris [CDG],2026-05-18 19:35,,,PRéVU
2026-05-18 0:26,BT5615,Paris [CDG],2026-05-18 19:35,,,PRéVU
2026-05-18 0:26,AY6331,Paris [CDG],2026-05-18 19:35,,,PRéVU
2026-05-18 0:56,AZ7128,Rome [FCO],2026-05-18 23:55,,,EN ROUTE
2026-05-18 0:56,V72703,Rome [FCO],2026-05-18 23:55,,,EN ROUTE
2026-05-18 0:56,V72457,Split [SPU],2026-05-18 23:55,,,PRéVU
2026-05-18 0:56,U21808,Marseille [MRS],2026-05-18 22:50,,,PRéVU
2026-05-18 0:56,SK6782,Amsterdam [AMS],2026-05-18 22:45,,,PRéVU
2026-05-18 0:56,MU1573,Amsterdam [AMS],2026-05-18 22:45,,,PRéVU
2026-05-18 0:56,KQ1319,Amsterdam [AMS],2026-05-18 22:45,,,PRéVU
2026-05-18 0:56,G35512,Amsterdam [AMS],2026-05-18 22:45,,,PRéVU
2026-05-18 0:56,AF5193,Amsterdam [AMS],2026-05-18 22:45,,,PRéVU
2026-05-18 0:56,U21820,Lyon [LYS],2026-05-18 22:45,,,PRéVU
2026-05-18 0:56,KL1447,Amsterdam [AMS],2026-05-18 22:45,,,PRéVU
2026-05-18 0:56,U21824,Lille [LIL],2026-05-18 22:25,,,PRéVU
2026-05-18 0:56,V71346,Venise [VCE],2026-05-18 22:25,2026-05-18 23:15,50,EN ROUTE
2026-05-18 0:56,U21641,Nice [NCE],2026-05-18 22:20,,,EN ROUTE
2026-05-18 0:56,U22769,Bristol [BRS],2026-05-18 22:05,2026-05-18 22:28,23,EN ROUTE
2026-05-18 0:56,MK9010,Paris [CDG],2026-05-18 22:00,,,PRéVU
2026-05-18 0:56,MU1733,Paris [CDG],2026-05-18 22:00,,,PRéVU
2026-05-18 0:56,AM5794,Paris [CDG],2026-05-18 22:00,,,PRéVU
2026-05-18 0:56,BT5613,Paris [CDG],2026-05-18 22:00,,,PRéVU
2026-05-18 0:56,AY6303,Paris [CDG],2026-05-18 22:00,,,PRéVU
2026-05-18 0:56,SK9730,Paris [CDG],2026-05-18 22:00,,,PRéVU
2026-05-18 0:56,AF7440,Paris [CDG],2026-05-18 22:00,,,PRéVU
2026-05-18 0:56,U22423,Luton [LTN],2026-05-18 21:55,2026-05-18 0:33,158,EN ROUTE
2026-05-18 0:56,U21876,Porto [OPO],2026-05-18 21:55,2026-05-18 22:24,29,EN ROUTE
2026-05-18 0:56,AF6138,Lyon [LYS],2026-05-18 21:35,2026-05-18 21:30,-5,EN ROUTE
2026-05-18 0:56,U28385,Londres [LGW],2026-05-18 21:20,,,PRéVU
2026-05-18 0:56,U26647,Birmingham [BHX],2026-05-18 21:20,,,PRéVU
2026-05-18 0:56,V72433,Figari [FSC],2026-05-18 21:15,2026-05-18 21:44,29,EN ROUTE
2026-05-18 0:56,H5961,Venise [VCE],2026-05-18 21:03,,,PRéVU
2026-05-18 0:56,V72437,Manises [VLC],2026-05-18 21:00,2026-05-18 21:13,13,EN ROUTE
2026-05-18 0:56,U21391,Genève [GVA],2026-05-18 20:55,,,PRéVU
2026-05-18 0:56,AT614,Marrakech [RAK],2026-05-18 20:40,2026-05-18 21:03,23,EN ROUTE
2026-05-18 0:56,W43297,Bucarest [OTP],2026-05-18 20:25,2026-05-18 20:50,25,EN ROUTE
2026-05-18 0:56,V72403,Bastia [BIA],2026-05-18 20:15,2026-05-18 21:14,59,ARRIVéE
2026-05-18 0:56,U25141,Berlin [BER],2026-05-18 20:00,2026-05-18 19:46,-14,ARRIVéE
2026-05-18 0:56,AM5855,Paris [CDG],2026-05-18 19:35,,,PRéVU
2026-05-18 0:56,SK9734,Paris [CDG],2026-05-18 19:35,,,PRéVU
2026-05-18 0:56,WS5127,Paris [CDG],2026-05-18 19:35,,,PRéVU
2026-05-18 0:56,BT5615,Paris [CDG],2026-05-18 19:35,,,PRéVU
2026-05-18 0:56,AY6331,Paris [CDG],2026-05-18 19:35,,,PRéVU
2026-05-18 1:26,AZ7128,Rome [FCO],2026-05-18 23:55,,,EN ROUTE
2026-05-18 1:26,V72703,Rome [FCO],2026-05-18 23:55,,,EN ROUTE
2026-05-18 1:26,V72457,Split [SPU],2026-05-18 23:55,,,PRéVU
2026-05-18 1:26,U21808,Marseille [MRS],2026-05-18 22:50,,,PRéVU
2026-05-18 1:26,SK6782,Amsterdam [AMS],2026-05-18 22:45,,,PRéVU
2026-05-18 1:26,MU1573,Amsterdam [AMS],2026-05-18 22:45,,,PRéVU
2026-05-18 1:26,KQ1319,Amsterdam [AMS],2026-05-18 22:45,,,PRéVU
2026-05-18 1:26,G35512,Amsterdam [AMS],2026-05-18 22:45,,,PRéVU
2026-05-18 1:26,AF5193,Amsterdam [AMS],2026-05-18 22:45,,,PRéVU
2026-05-18 1:26,U21820,Lyon [LYS],2026-05-18 22:45,,,PRéVU
2026-05-18 1:26,KL1447,Amsterdam [AMS],2026-05-18 22:45,,,PRéVU
2026-05-18 1:26,U21824,Lille [LIL],2026-05-18 22:25,,,PRéVU
2026-05-18 1:26,V71346,Venise [VCE],2026-05-18 22:25,2026-05-18 23:15,50,EN ROUTE
2026-05-18 1:26,U21641,Nice [NCE],2026-05-18 22:20,,,EN ROUTE
2026-05-18 1:26,U22769,Bristol [BRS],2026-05-18 22:05,2026-05-18 22:28,23,EN ROUTE
2026-05-18 1:26,MK9010,Paris [CDG],2026-05-18 22:00,,,PRéVU
2026-05-18 1:26,MU1733,Paris [CDG],2026-05-18 22:00,,,PRéVU
2026-05-18 1:26,AM5794,Paris [CDG],2026-05-18 22:00,,,PRéVU
2026-05-18 1:26,BT5613,Paris [CDG],2026-05-18 22:00,,,PRéVU
2026-05-18 1:26,AY6303,Paris [CDG],2026-05-18 22:00,,,PRéVU
2026-05-18 1:26,SK9730,Paris [CDG],2026-05-18 22:00,,,PRéVU
2026-05-18 1:26,AF7440,Paris [CDG],2026-05-18 22:00,,,PRéVU
2026-05-18 1:26,U22423,Luton [LTN],2026-05-18 21:55,2026-05-18 0:33,158,EN ROUTE
2026-05-18 1:26,U21876,Porto [OPO],2026-05-18 21:55,2026-05-18 22:24,29,EN ROUTE
2026-05-18 1:26,AF6138,Lyon [LYS],2026-05-18 21:35,2026-05-18 21:30,-5,EN ROUTE
2026-05-18 1:26,U28385,Londres [LGW],2026-05-18 21:20,,,PRéVU
2026-05-18 1:26,U26647,Birmingham [BHX],2026-05-18 21:20,,,PRéVU
2026-05-18 1:26,V72433,Figari [FSC],2026-05-18 21:15,2026-05-18 21:44,29,EN ROUTE
2026-05-18 1:26,H5961,Venise [VCE],2026-05-18 21:03,,,PRéVU
2026-05-18 1:26,V72437,Manises [VLC],2026-05-18 21:00,2026-05-18 21:13,13,EN ROUTE
2026-05-18 1:26,U21391,Genève [GVA],2026-05-18 20:55,,,PRéVU
2026-05-18 1:26,AT614,Marrakech [RAK],2026-05-18 20:40,2026-05-18 21:03,23,EN ROUTE
2026-05-18 1:26,W43297,Bucarest [OTP],2026-05-18 20:25,2026-05-18 20:50,25,EN ROUTE
2026-05-18 1:26,V72403,Bastia [BIA],2026-05-18 20:15,2026-05-18 21:14,59,ARRIVéE
2026-05-18 1:26,U25141,Berlin [BER],2026-05-18 20:00,2026-05-18 19:46,-14,ARRIVéE
2026-05-18 1:26,AM5855,Paris [CDG],2026-05-18 19:35,,,PRéVU
2026-05-18 1:26,SK9734,Paris [CDG],2026-05-18 19:35,,,PRéVU
2026-05-18 1:26,WS5127,Paris [CDG],2026-05-18 19:35,,,PRéVU
2026-05-18 1:26,BT5615,Paris [CDG],2026-05-18 19:35,,,PRéVU
2026-05-18 1:26,AY6331,Paris [CDG],2026-05-18 19:35,,,PRéVU
2026-05-18 1:56,AZ7128,Rome [FCO],2026-05-18 23:55,,,EN ROUTE
2026-05-18 1:56,V72703,Rome [FCO],2026-05-18 23:55,,,EN ROUTE
2026-05-18 1:56,V72457,Split [SPU],2026-05-18 23:55,,,PRéVU
2026-05-18 1:56,U21808,Marseille [MRS],2026-05-18 22:50,,,PRéVU
2026-05-18 1:56,SK6782,Amsterdam [AMS],2026-05-18 22:45,,,PRéVU
2026-05-18 1:56,MU1573,Amsterdam [AMS],2026-05-18 22:45,,,PRéVU
2026-05-18 1:56,KQ1319,Amsterdam [AMS],2026-05-18 22:45,,,PRéVU
2026-05-18 1:56,G35512,Amsterdam [AMS],2026-05-18 22:45,,,PRéVU
2026-05-18 1:56,AF5193,Amsterdam [AMS],2026-05-18 22:45,,,PRéVU
2026-05-18 1:56,U21820,Lyon [LYS],2026-05-18 22:45,,,PRéVU
2026-05-18 1:56,KL1447,Amsterdam [AMS],2026-05-18 22:45,,,PRéVU
2026-05-18 1:56,U21824,Lille [LIL],2026-05-18 22:25,,,PRéVU
2026-05-18 1:56,V71346,Venise [VCE],2026-05-18 22:25,2026-05-18 23:15,50,EN ROUTE
2026-05-18 1:56,U21641,Nice [NCE],2026-05-18 22:20,,,EN ROUTE
2026-05-18 1:56,U22769,Bristol [BRS],2026-05-18 22:05,2026-05-18 22:28,23,EN ROUTE
2026-05-18 1:56,MK9010,Paris [CDG],2026-05-18 22:00,,,PRéVU
2026-05-18 1:56,MU1733,Paris [CDG],2026-05-18 22:00,,,PRéVU
2026-05-18 1:56,AM5794,Paris [CDG],2026-05-18 22:00,,,PRéVU
2026-05-18 1:56,BT5613,Paris [CDG],2026-05-18 22:00,,,PRéVU
2026-05-18 1:56,AY6303,Paris [CDG],2026-05-18 22:00,,,PRéVU
2026-05-18 1:56,SK9730,Paris [CDG],2026-05-18 22:00,,,PRéVU
2026-05-18 1:56,AF7440,Paris [CDG],2026-05-18 22:00,,,PRéVU
2026-05-18 1:56,U22423,Luton [LTN],2026-05-18 21:55,2026-05-18 0:33,158,EN ROUTE
2026-05-18 1:56,U21876,Porto [OPO],2026-05-18 21:55,2026-05-18 22:24,29,EN ROUTE
2026-05-18 1:56,AF6138,Lyon [LYS],2026-05-18 21:35,2026-05-18 21:30,-5,EN ROUTE
2026-05-18 1:56,U28385,Londres [LGW],2026-05-18 21:20,,,PRéVU
2026-05-18 1:56,U26647,Birmingham [BHX],2026-05-18 21:20,,,PRéVU
2026-05-18 1:56,V72433,Figari [FSC],2026-05-18 21:15,2026-05-18 21:44,29,EN ROUTE
2026-05-18 1:56,H5961,Venise [VCE],2026-05-18 21:03,,,PRéVU
2026-05-18 1:56,V72437,Manises [VLC],2026-05-18 21:00,2026-05-18 21:13,13,EN ROUTE
2026-05-18 1:56,U21391,Genève [GVA],2026-05-18 20:55,,,PRéVU
2026-05-18 1:56,AT614,Marrakech [RAK],2026-05-18 20:40,2026-05-18 21:03,23,EN ROUTE
2026-05-18 1:56,W43297,Bucarest [OTP],2026-05-18 20:25,2026-05-18 20:50,25,EN ROUTE
2026-05-18 1:56,V72403,Bastia [BIA],2026-05-18 20:15,2026-05-18 21:14,59,ARRIVéE
2026-05-18 1:56,U25141,Berlin [BER],2026-05-18 20:00,2026-05-18 19:46,-14,ARRIVéE
2026-05-18 1:56,AM5855,Paris [CDG],2026-05-18 19:35,,,PRéVU
2026-05-18 1:56,SK9734,Paris [CDG],2026-05-18 19:35,,,PRéVU
2026-05-18 1:56,WS5127,Paris [CDG],2026-05-18 19:35,,,PRéVU
2026-05-18 1:56,BT5615,Paris [CDG],2026-05-18 19:35,,,PRéVU
2026-05-18 1:56,AY6331,Paris [CDG],2026-05-18 19:35,,,PRéVU
2026-05-18 2:26,AZ7128,Rome [FCO],2026-05-18 23:55,,,EN ROUTE
2026-05-18 2:26,V72703,Rome [FCO],2026-05-18 23:55,,,EN ROUTE
2026-05-18 2:26,V72457,Split [SPU],2026-05-18 23:55,,,PRéVU
2026-05-18 2:26,U21808,Marseille [MRS],2026-05-18 22:50,,,PRéVU
2026-05-18 2:26,SK6782,Amsterdam [AMS],2026-05-18 22:45,,,PRéVU
2026-05-18 2:26,MU1573,Amsterdam [AMS],2026-05-18 22:45,,,PRéVU
2026-05-18 2:26,KQ1319,Amsterdam [AMS],2026-05-18 22:45,,,PRéVU
2026-05-18 2:26,G35512,Amsterdam [AMS],2026-05-18 22:45,,,PRéVU
2026-05-18 2:26,AF5193,Amsterdam [AMS],2026-05-18 22:45,,,PRéVU
2026-05-18 2:26,U21820,Lyon [LYS],2026-05-18 22:45,,,PRéVU
2026-05-18 2:26,KL1447,Amsterdam [AMS],2026-05-18 22:45,,,PRéVU
2026-05-18 2:26,U21824,Lille [LIL],2026-05-18 22:25,,,PRéVU
2026-05-18 2:26,V71346,Venise [VCE],2026-05-18 22:25,2026-05-18 23:15,50,EN ROUTE
2026-05-18 2:26,U21641,Nice [NCE],2026-05-18 22:20,,,EN ROUTE
2026-05-18 2:26,U22769,Bristol [BRS],2026-05-18 22:05,2026-05-18 22:28,23,EN ROUTE
2026-05-18 2:26,MK9010,Paris [CDG],2026-05-18 22:00,,,PRéVU
2026-05-18 2:26,MU1733,Paris [CDG],2026-05-18 22:00,,,PRéVU
2026-05-18 2:26,AM5794,Paris [CDG],2026-05-18 22:00,,,PRéVU
2026-05-18 2:26,BT5613,Paris [CDG],2026-05-18 22:00,,,PRéVU
2026-05-18 2:26,AY6303,Paris [CDG],2026-05-18 22:00,,,PRéVU
2026-05-18 2:26,SK9730,Paris [CDG],2026-05-18 22:00,,,PRéVU
2026-05-18 2:26,AF7440,Paris [CDG],2026-05-18 22:00,,,PRéVU
2026-05-18 2:26,U22423,Luton [LTN],2026-05-18 21:55,2026-05-18 0:33,158,EN ROUTE
2026-05-18 2:26,U21876,Porto [OPO],2026-05-18 21:55,2026-05-18 22:24,29,EN ROUTE
2026-05-18 2:26,AF6138,Lyon [LYS],2026-05-18 21:35,2026-05-18 21:30,-5,EN ROUTE
2026-05-18 2:26,U28385,Londres [LGW],2026-05-18 21:20,,,PRéVU
2026-05-18 2:26,U26647,Birmingham [BHX],2026-05-18 21:20,,,PRéVU
2026-05-18 2:26,V72433,Figari [FSC],2026-05-18 21:15,2026-05-18 21:44,29,EN ROUTE
2026-05-18 2:26,H5961,Venise [VCE],2026-05-18 21:03,,,PRéVU
2026-05-18 2:26,V72437,Manises [VLC],2026-05-18 21:00,2026-05-18 21:13,13,EN ROUTE
2026-05-18 2:26,U21391,Genève [GVA],2026-05-18 20:55,,,PRéVU
2026-05-18 2:26,AT614,Marrakech [RAK],2026-05-18 20:40,2026-05-18 21:03,23,EN ROUTE
2026-05-18 2:26,W43297,Bucarest [OTP],2026-05-18 20:25,2026-05-18 20:50,25,EN ROUTE
2026-05-18 2:26,V72403,Bastia [BIA],2026-05-18 20:15,2026-05-18 21:14,59,ARRIVéE
2026-05-18 2:26,U25141,Berlin [BER],2026-05-18 20:00,2026-05-18 19:46,-14,ARRIVéE
2026-05-18 2:26,AM5855,Paris [CDG],2026-05-18 19:35,,,PRéVU
2026-05-18 2:26,SK9734,Paris [CDG],2026-05-18 19:35,,,PRéVU
2026-05-18 2:26,WS5127,Paris [CDG],2026-05-18 19:35,,,PRéVU
2026-05-18 2:26,BT5615,Paris [CDG],2026-05-18 19:35,,,PRéVU
2026-05-18 2:26,AY6331,Paris [CDG],2026-05-18 19:35,,,PRéVU
2026-05-18 2:56,AZ7128,Rome [FCO],2026-05-18 23:55,,,EN ROUTE
2026-05-18 2:56,V72703,Rome [FCO],2026-05-18 23:55,,,EN ROUTE
2026-05-18 2:56,V72457,Split [SPU],2026-05-18 23:55,,,PRéVU
2026-05-18 2:56,U21808,Marseille [MRS],2026-05-18 22:50,,,PRéVU
2026-05-18 2:56,SK6782,Amsterdam [AMS],2026-05-18 22:45,,,PRéVU
2026-05-18 2:56,MU1573,Amsterdam [AMS],2026-05-18 22:45,,,PRéVU
2026-05-18 2:56,KQ1319,Amsterdam [AMS],2026-05-18 22:45,,,PRéVU
2026-05-18 2:56,G35512,Amsterdam [AMS],2026-05-18 22:45,,,PRéVU
2026-05-18 2:56,AF5193,Amsterdam [AMS],2026-05-18 22:45,,,PRéVU
2026-05-18 2:56,U21820,Lyon [LYS],2026-05-18 22:45,,,PRéVU
2026-05-18 2:56,KL1447,Amsterdam [AMS],2026-05-18 22:45,,,PRéVU
2026-05-18 2:56,U21824,Lille [LIL],2026-05-18 22:25,,,PRéVU
2026-05-18 2:56,V71346,Venise [VCE],2026-05-18 22:25,2026-05-18 23:15,50,EN ROUTE
2026-05-18 2:56,U21641,Nice [NCE],2026-05-18 22:20,,,EN ROUTE
2026-05-18 2:56,U22769,Bristol [BRS],2026-05-18 22:05,2026-05-18 22:28,23,EN ROUTE
2026-05-18 2:56,MK9010,Paris [CDG],2026-05-18 22:00,,,PRéVU
2026-05-18 2:56,MU1733,Paris [CDG],2026-05-18 22:00,,,PRéVU
2026-05-18 2:56,AM5794,Paris [CDG],2026-05-18 22:00,,,PRéVU
2026-05-18 2:56,BT5613,Paris [CDG],2026-05-18 22:00,,,PRéVU
2026-05-18 2:56,AY6303,Paris [CDG],2026-05-18 22:00,,,PRéVU
2026-05-18 2:56,SK9730,Paris [CDG],2026-05-18 22:00,,,PRéVU
2026-05-18 2:56,AF7440,Paris [CDG],2026-05-18 22:00,,,PRéVU
2026-05-18 2:56,U22423,Luton [LTN],2026-05-18 21:55,2026-05-18 0:33,158,EN ROUTE
2026-05-18 2:56,U21876,Porto [OPO],2026-05-18 21:55,2026-05-18 22:24,29,EN ROUTE
2026-05-18 2:56,AF6138,Lyon [LYS],2026-05-18 21:35,2026-05-18 21:30,-5,EN ROUTE
2026-05-18 2:56,U28385,Londres [LGW],2026-05-18 21:20,,,PRéVU
2026-05-18 2:56,U26647,Birmingham [BHX],2026-05-18 21:20,,,PRéVU
2026-05-18 2:56,V72433,Figari [FSC],2026-05-18 21:15,2026-05-18 21:44,29,EN ROUTE
2026-05-18 2:56,H5961,Venise [VCE],2026-05-18 21:03,,,PRéVU
2026-05-18 2:56,V72437,Manises [VLC],2026-05-18 21:00,2026-05-18 21:13,13,EN ROUTE
2026-05-18 2:56,U21391,Genève [GVA],2026-05-18 20:55,,,PRéVU
2026-05-18 2:56,AT614,Marrakech [RAK],2026-05-18 20:40,2026-05-18 21:03,23,EN ROUTE
2026-05-18 2:56,W43297,Bucarest [OTP],2026-05-18 20:25,2026-05-18 20:50,25,EN ROUTE
2026-05-18 2:56,V72403,Bastia [BIA],2026-05-18 20:15,2026-05-18 21:14,59,ARRIVéE
2026-05-18 2:56,U25141,Berlin [BER],2026-05-18 20:00,2026-05-18 19:46,-14,ARRIVéE
2026-05-18 2:56,AM5855,Paris [CDG],2026-05-18 19:35,,,PRéVU
2026-05-18 2:56,SK9734,Paris [CDG],2026-05-18 19:35,,,PRéVU
2026-05-18 2:56,WS5127,Paris [CDG],2026-05-18 19:35,,,PRéVU
2026-05-18 2:56,BT5615,Paris [CDG],2026-05-18 19:35,,,PRéVU
2026-05-18 2:56,AY6331,Paris [CDG],2026-05-18 19:35,,,PRéVU
2026-05-18 3:26,BCS95W,Leipzig-Halle [LEJ],2026-05-18 3:58,,,PRéVU
2026-05-18 3:56,BCS95W,Leipzig-Halle [LEJ],2026-05-18 3:58,,,PRéVU
2026-05-18 4:26,DJ6316,Paris [CDG],2026-05-18 4:45,,,PRéVU
2026-05-18 4:56,DJ6316,Paris [CDG],2026-05-18 4:45,,,PRéVU
2026-05-18 5:26,DJ6316,Paris [CDG],2026-05-18 4:45,,,PRéVU
2026-05-18 5:26,BCS95W,Leipzig-Halle [LEJ],2026-05-18 3:58,,,PRéVU
2026-05-18 5:26,AZ7128,Rome [FCO],2026-05-18 23:55,,,EN ROUTE
2026-05-18 5:26,V72703,Rome [FCO],2026-05-18 23:55,,,EN ROUTE
2026-05-18 5:26,V72457,Split [SPU],2026-05-18 23:55,,,PRéVU
2026-05-18 5:26,U21808,Marseille [MRS],2026-05-18 22:50,,,PRéVU
2026-05-18 5:26,SK6782,Amsterdam [AMS],2026-05-18 22:45,,,PRéVU
2026-05-18 5:26,MU1573,Amsterdam [AMS],2026-05-18 22:45,,,PRéVU
2026-05-18 5:26,KQ1319,Amsterdam [AMS],2026-05-18 22:45,,,PRéVU
2026-05-18 5:26,G35512,Amsterdam [AMS],2026-05-18 22:45,,,PRéVU
2026-05-18 5:26,AF5193,Amsterdam [AMS],2026-05-18 22:45,,,PRéVU
2026-05-18 5:26,U21820,Lyon [LYS],2026-05-18 22:45,,,PRéVU
2026-05-18 5:26,KL1447,Amsterdam [AMS],2026-05-18 22:45,,,PRéVU
2026-05-18 5:26,U21824,Lille [LIL],2026-05-18 22:25,,,PRéVU
2026-05-18 5:26,V71346,Venise [VCE],2026-05-18 22:25,2026-05-18 23:15,50,EN ROUTE
2026-05-18 5:26,U21641,Nice [NCE],2026-05-18 22:20,,,EN ROUTE
2026-05-18 5:26,U22769,Bristol [BRS],2026-05-18 22:05,2026-05-18 22:28,23,EN ROUTE
2026-05-18 5:26,MK9010,Paris [CDG],2026-05-18 22:00,,,PRéVU
2026-05-18 5:26,MU1733,Paris [CDG],2026-05-18 22:00,,,PRéVU
2026-05-18 5:26,AM5794,Paris [CDG],2026-05-18 22:00,,,PRéVU
2026-05-18 5:26,BT5613,Paris [CDG],2026-05-18 22:00,,,PRéVU
2026-05-18 5:26,AY6303,Paris [CDG],2026-05-18 22:00,,,PRéVU
2026-05-18 5:26,SK9730,Paris [CDG],2026-05-18 22:00,,,PRéVU
2026-05-18 5:26,AF7440,Paris [CDG],2026-05-18 22:00,,,PRéVU
2026-05-18 5:26,U22423,Luton [LTN],2026-05-18 21:55,2026-05-18 0:33,158,EN ROUTE
2026-05-18 5:26,U21876,Porto [OPO],2026-05-18 21:55,2026-05-18 22:24,29,EN ROUTE
2026-05-18 5:26,AF6138,Lyon [LYS],2026-05-18 21:35,2026-05-18 21:30,-5,EN ROUTE
2026-05-18 5:26,U28385,Londres [LGW],2026-05-18 21:20,,,PRéVU
2026-05-18 5:26,U26647,Birmingham [BHX],2026-05-18 21:20,,,PRéVU
2026-05-18 5:26,V72433,Figari [FSC],2026-05-18 21:15,2026-05-18 21:44,29,EN ROUTE
2026-05-18 5:26,H5961,Venise [VCE],2026-05-18 21:03,,,PRéVU
2026-05-18 5:26,V72437,Manises [VLC],2026-05-18 21:00,2026-05-18 21:13,13,EN ROUTE
2026-05-18 5:26,U21391,Genève [GVA],2026-05-18 20:55,,,PRéVU
2026-05-18 5:26,AT614,Marrakech [RAK],2026-05-18 20:40,2026-05-18 21:03,23,EN ROUTE
2026-05-18 5:26,W43297,Bucarest [OTP],2026-05-18 20:25,2026-05-18 20:50,25,EN ROUTE
2026-05-18 5:26,V72403,Bastia [BIA],2026-05-18 20:15,2026-05-18 21:14,59,ARRIVéE
2026-05-18 5:26,U25141,Berlin [BER],2026-05-18 20:00,2026-05-18 19:46,-14,ARRIVéE
2026-05-18 5:26,AM5855,Paris [CDG],2026-05-18 19:35,,,PRéVU
2026-05-18 5:26,SK9734,Paris [CDG],2026-05-18 19:35,,,PRéVU
2026-05-18 5:26,WS5127,Paris [CDG],2026-05-18 19:35,,,PRéVU
2026-05-18 5:56,DJ6316,Paris [CDG],2026-05-18 4:45,,,PRéVU
2026-05-18 5:56,BCS95W,Leipzig-Halle [LEJ],2026-05-18 3:58,,,PRéVU
2026-05-18 5:56,AZ7128,Rome [FCO],2026-05-18 23:55,,,EN ROUTE
2026-05-18 5:56,V72703,Rome [FCO],2026-05-18 23:55,,,EN ROUTE
2026-05-18 5:56,V72457,Split [SPU],2026-05-18 23:55,,,PRéVU
2026-05-18 5:56,U21808,Marseille [MRS],2026-05-18 22:50,,,PRéVU
2026-05-18 5:56,SK6782,Amsterdam [AMS],2026-05-18 22:45,,,PRéVU
2026-05-18 5:56,MU1573,Amsterdam [AMS],2026-05-18 22:45,,,PRéVU
2026-05-18 5:56,KQ1319,Amsterdam [AMS],2026-05-18 22:45,,,PRéVU
2026-05-18 5:56,G35512,Amsterdam [AMS],2026-05-18 22:45,,,PRéVU
2026-05-18 5:56,AF5193,Amsterdam [AMS],2026-05-18 22:45,,,PRéVU
2026-05-18 5:56,U21820,Lyon [LYS],2026-05-18 22:45,,,PRéVU
2026-05-18 5:56,KL1447,Amsterdam [AMS],2026-05-18 22:45,,,PRéVU
2026-05-18 5:56,U21824,Lille [LIL],2026-05-18 22:25,,,PRéVU
2026-05-18 5:56,V71346,Venise [VCE],2026-05-18 22:25,2026-05-18 23:15,50,EN ROUTE
2026-05-18 5:56,U21641,Nice [NCE],2026-05-18 22:20,,,EN ROUTE
2026-05-18 5:56,U22769,Bristol [BRS],2026-05-18 22:05,2026-05-18 22:28,23,EN ROUTE
2026-05-18 5:56,MK9010,Paris [CDG],2026-05-18 22:00,,,PRéVU
2026-05-18 5:56,MU1733,Paris [CDG],2026-05-18 22:00,,,PRéVU
2026-05-18 5:56,AM5794,Paris [CDG],2026-05-18 22:00,,,PRéVU
2026-05-18 5:56,BT5613,Paris [CDG],2026-05-18 22:00,,,PRéVU
2026-05-18 5:56,AY6303,Paris [CDG],2026-05-18 22:00,,,PRéVU
2026-05-18 5:56,SK9730,Paris [CDG],2026-05-18 22:00,,,PRéVU
2026-05-18 5:56,AF7440,Paris [CDG],2026-05-18 22:00,,,PRéVU
2026-05-18 5:56,U22423,Luton [LTN],2026-05-18 21:55,2026-05-18 0:33,158,EN ROUTE
2026-05-18 5:56,U21876,Porto [OPO],2026-05-18 21:55,2026-05-18 22:24,29,EN ROUTE
2026-05-18 5:56,AF6138,Lyon [LYS],2026-05-18 21:35,2026-05-18 21:30,-5,EN ROUTE
2026-05-18 5:56,U28385,Londres [LGW],2026-05-18 21:20,,,PRéVU
2026-05-18 5:56,U26647,Birmingham [BHX],2026-05-18 21:20,,,PRéVU
2026-05-18 5:56,V72433,Figari [FSC],2026-05-18 21:15,2026-05-18 21:44,29,EN ROUTE
2026-05-18 5:56,H5961,Venise [VCE],2026-05-18 21:03,,,PRéVU
2026-05-18 5:56,V72437,Manises [VLC],2026-05-18 21:00,2026-05-18 21:13,13,EN ROUTE
2026-05-18 5:56,U21391,Genève [GVA],2026-05-18 20:55,,,PRéVU
2026-05-18 5:56,AT614,Marrakech [RAK],2026-05-18 20:40,2026-05-18 21:03,23,EN ROUTE
2026-05-18 5:56,W43297,Bucarest [OTP],2026-05-18 20:25,2026-05-18 20:50,25,EN ROUTE
2026-05-18 5:56,V72403,Bastia [BIA],2026-05-18 20:15,2026-05-18 21:14,59,ARRIVéE
2026-05-18 5:56,U25141,Berlin [BER],2026-05-18 20:00,2026-05-18 19:46,-14,ARRIVéE
2026-05-18 5:56,AM5855,Paris [CDG],2026-05-18 19:35,,,PRéVU
2026-05-18 5:56,SK9734,Paris [CDG],2026-05-18 19:35,,,PRéVU
2026-05-18 5:56,WS5127,Paris [CDG],2026-05-18 19:35,,,PRéVU
2026-05-18 6:26,DJ6316,Paris [CDG],2026-05-18 4:45,,,PRéVU
2026-05-18 6:26,BCS95W,Leipzig-Halle [LEJ],2026-05-18 3:58,,,PRéVU
2026-05-18 6:26,AZ7128,Rome [FCO],2026-05-18 23:55,,,EN ROUTE
2026-05-18 6:26,V72703,Rome [FCO],2026-05-18 23:55,,,EN ROUTE
2026-05-18 6:26,V72457,Split [SPU],2026-05-18 23:55,,,PRéVU
2026-05-18 6:26,U21808,Marseille [MRS],2026-05-18 22:50,,,PRéVU
2026-05-18 6:26,SK6782,Amsterdam [AMS],2026-05-18 22:45,,,PRéVU
2026-05-18 6:26,MU1573,Amsterdam [AMS],2026-05-18 22:45,,,PRéVU
2026-05-18 6:26,KQ1319,Amsterdam [AMS],2026-05-18 22:45,,,PRéVU
2026-05-18 6:26,G35512,Amsterdam [AMS],2026-05-18 22:45,,,PRéVU
2026-05-18 6:26,AF5193,Amsterdam [AMS],2026-05-18 22:45,,,PRéVU
2026-05-18 6:26,U21820,Lyon [LYS],2026-05-18 22:45,,,PRéVU
2026-05-18 6:26,KL1447,Amsterdam [AMS],2026-05-18 22:45,,,PRéVU
2026-05-18 6:26,U21824,Lille [LIL],2026-05-18 22:25,,,PRéVU
2026-05-18 6:26,V71346,Venise [VCE],2026-05-18 22:25,2026-05-18 23:15,50,EN ROUTE
2026-05-18 6:26,U21641,Nice [NCE],2026-05-18 22:20,,,EN ROUTE
2026-05-18 6:26,U22769,Bristol [BRS],2026-05-18 22:05,2026-05-18 22:28,23,EN ROUTE
2026-05-18 6:26,MK9010,Paris [CDG],2026-05-18 22:00,,,PRéVU
2026-05-18 6:26,MU1733,Paris [CDG],2026-05-18 22:00,,,PRéVU
2026-05-18 6:26,AM5794,Paris [CDG],2026-05-18 22:00,,,PRéVU
2026-05-18 6:26,BT5613,Paris [CDG],2026-05-18 22:00,,,PRéVU
2026-05-18 6:26,AY6303,Paris [CDG],2026-05-18 22:00,,,PRéVU
2026-05-18 6:26,SK9730,Paris [CDG],2026-05-18 22:00,,,PRéVU
2026-05-18 6:26,AF7440,Paris [CDG],2026-05-18 22:00,,,PRéVU
2026-05-18 6:26,U22423,Luton [LTN],2026-05-18 21:55,2026-05-18 0:33,158,EN ROUTE
2026-05-18 6:26,U21876,Porto [OPO],2026-05-18 21:55,2026-05-18 22:24,29,EN ROUTE
2026-05-18 6:26,AF6138,Lyon [LYS],2026-05-18 21:35,2026-05-18 21:30,-5,EN ROUTE
2026-05-18 6:26,U28385,Londres [LGW],2026-05-18 21:20,,,PRéVU
2026-05-18 6:26,U26647,Birmingham [BHX],2026-05-18 21:20,,,PRéVU
2026-05-18 6:26,V72433,Figari [FSC],2026-05-18 21:15,2026-05-18 21:44,29,EN ROUTE
2026-05-18 6:26,H5961,Venise [VCE],2026-05-18 21:03,,,PRéVU
2026-05-18 6:26,V72437,Manises [VLC],2026-05-18 21:00,2026-05-18 21:13,13,EN ROUTE
2026-05-18 6:26,U21391,Genève [GVA],2026-05-18 20:55,,,PRéVU
2026-05-18 6:26,AT614,Marrakech [RAK],2026-05-18 20:40,2026-05-18 21:03,23,EN ROUTE
2026-05-18 6:26,W43297,Bucarest [OTP],2026-05-18 20:25,2026-05-18 20:50,25,EN ROUTE
2026-05-18 6:26,V72403,Bastia [BIA],2026-05-18 20:15,2026-05-18 21:14,59,ARRIVéE
2026-05-18 6:26,U25141,Berlin [BER],2026-05-18 20:00,2026-05-18 19:46,-14,ARRIVéE
2026-05-18 6:26,AM5855,Paris [CDG],2026-05-18 19:35,,,PRéVU
2026-05-18 6:26,SK9734,Paris [CDG],2026-05-18 19:35,,,PRéVU
2026-05-18 6:26,WS5127,Paris [CDG],2026-05-18 19:35,,,PRéVU
2026-05-18 6:56,DJ6316,Paris [CDG],2026-05-18 4:45,,,PRéVU
2026-05-18 6:56,BCS95W,Leipzig-Halle [LEJ],2026-05-18 3:58,,,PRéVU
2026-05-18 6:56,AZ7128,Rome [FCO],2026-05-18 23:55,,,EN ROUTE
2026-05-18 6:56,V72703,Rome [FCO],2026-05-18 23:55,,,EN ROUTE
2026-05-18 6:56,V72457,Split [SPU],2026-05-18 23:55,,,PRéVU
2026-05-18 6:56,U21808,Marseille [MRS],2026-05-18 22:50,,,PRéVU
2026-05-18 6:56,SK6782,Amsterdam [AMS],2026-05-18 22:45,,,PRéVU
2026-05-18 6:56,MU1573,Amsterdam [AMS],2026-05-18 22:45,,,PRéVU
2026-05-18 6:56,KQ1319,Amsterdam [AMS],2026-05-18 22:45,,,PRéVU
2026-05-18 6:56,G35512,Amsterdam [AMS],2026-05-18 22:45,,,PRéVU
2026-05-18 6:56,AF5193,Amsterdam [AMS],2026-05-18 22:45,,,PRéVU
2026-05-18 6:56,U21820,Lyon [LYS],2026-05-18 22:45,,,PRéVU
2026-05-18 6:56,KL1447,Amsterdam [AMS],2026-05-18 22:45,,,PRéVU
2026-05-18 6:56,U21824,Lille [LIL],2026-05-18 22:25,,,PRéVU
2026-05-18 6:56,V71346,Venise [VCE],2026-05-18 22:25,2026-05-18 23:15,50,EN ROUTE
2026-05-18 6:56,U21641,Nice [NCE],2026-05-18 22:20,,,EN ROUTE
2026-05-18 6:56,U22769,Bristol [BRS],2026-05-18 22:05,2026-05-18 22:28,23,EN ROUTE
2026-05-18 6:56,MK9010,Paris [CDG],2026-05-18 22:00,,,PRéVU
2026-05-18 6:56,MU1733,Paris [CDG],2026-05-18 22:00,,,PRéVU
2026-05-18 6:56,AM5794,Paris [CDG],2026-05-18 22:00,,,PRéVU
2026-05-18 6:56,BT5613,Paris [CDG],2026-05-18 22:00,,,PRéVU
2026-05-18 6:56,AY6303,Paris [CDG],2026-05-18 22:00,,,PRéVU
2026-05-18 6:56,SK9730,Paris [CDG],2026-05-18 22:00,,,PRéVU
2026-05-18 6:56,AF7440,Paris [CDG],2026-05-18 22:00,,,PRéVU
2026-05-18 6:56,U22423,Luton [LTN],2026-05-18 21:55,2026-05-18 0:33,158,EN ROUTE
2026-05-18 6:56,U21876,Porto [OPO],2026-05-18 21:55,2026-05-18 22:24,29,EN ROUTE
2026-05-18 6:56,AF6138,Lyon [LYS],2026-05-18 21:35,2026-05-18 21:30,-5,EN ROUTE
2026-05-18 6:56,U28385,Londres [LGW],2026-05-18 21:20,,,PRéVU
2026-05-18 6:56,U26647,Birmingham [BHX],2026-05-18 21:20,,,PRéVU
2026-05-18 6:56,V72433,Figari [FSC],2026-05-18 21:15,2026-05-18 21:44,29,EN ROUTE
2026-05-18 6:56,H5961,Venise [VCE],2026-05-18 21:03,,,PRéVU
2026-05-18 6:56,V72437,Manises [VLC],2026-05-18 21:00,2026-05-18 21:13,13,EN ROUTE
2026-05-18 6:56,U21391,Genève [GVA],2026-05-18 20:55,,,PRéVU
2026-05-18 6:56,AT614,Marrakech [RAK],2026-05-18 20:40,2026-05-18 21:03,23,EN ROUTE
2026-05-18 6:56,W43297,Bucarest [OTP],2026-05-18 20:25,2026-05-18 20:50,25,EN ROUTE
2026-05-18 6:56,V72403,Bastia [BIA],2026-05-18 20:15,2026-05-18 21:14,59,ARRIVéE
2026-05-18 6:56,U25141,Berlin [BER],2026-05-18 20:00,2026-05-18 19:46,-14,ARRIVéE
2026-05-18 6:56,AM5855,Paris [CDG],2026-05-18 19:35,,,PRéVU
2026-05-18 6:56,SK9734,Paris [CDG],2026-05-18 19:35,,,PRéVU
2026-05-18 6:56,WS5127,Paris [CDG],2026-05-18 19:35,,,PRéVU
2026-05-18 7:26,U21387,Genève [GVA],2026-05-18 7:30,,,PRéVU
2026-05-18 7:56,U21387,Genève [GVA],2026-05-18 7:30,,,PRéVU
2026-05-18 8:26,V72635,Marseille [MRS],2026-05-18 8:00,,,PRéVU
2026-05-18 8:26,IB1199,Madrid [MAD],2026-05-18 8:35,,,PRéVU
2026-05-18 8:26,AA8621,Madrid [MAD],2026-05-18 8:35,,,PRéVU
2026-05-18 8:26,QR7248,Madrid [MAD],2026-05-18 8:35,,,PRéVU
2026-05-18 8:26,VY5510,Madrid [MAD],2026-05-18 8:35,,,PRéVU
2026-05-18 8:56,V72635,Marseille [MRS],2026-05-18 8:00,,,PRéVU
2026-05-18 8:56,IB1199,Madrid [MAD],2026-05-18 8:35,,,PRéVU
2026-05-18 8:56,AA8621,Madrid [MAD],2026-05-18 8:35,,,PRéVU
2026-05-18 8:56,QR7248,Madrid [MAD],2026-05-18 8:35,,,PRéVU
2026-05-18 8:56,VY5510,Madrid [MAD],2026-05-18 8:35,,,PRéVU
2026-05-18 9:26,AF7430,Paris [CDG],2026-05-18 9:00,,,PRéVU
2026-05-18 9:26,AM5985,Paris [CDG],2026-05-18 9:00,,,PRéVU
2026-05-18 9:26,DL8382,Paris [CDG],2026-05-18 9:00,,,PRéVU
2026-05-18 9:26,U21804,Marseille [MRS],2026-05-18 9:05,,,PRéVU
2026-05-18 9:26,U21876,Porto [OPO],2026-05-18 9:20,,,PRéVU
2026-05-18 9:26,BA2570,Londres [LGW],2026-05-18 9:25,,,PRéVU
2026-05-18 9:26,QR6242,Londres [LGW],2026-05-18 9:25,,,PRéVU
2026-05-18 9:26,T7SYC,Rouen [URO],2026-05-18 9:29,,,PRéVU
2026-05-18 9:26,AF6132,Lyon [LYS],2026-05-18 9:45,,,PRéVU
2026-05-18 9:26,NAK503A,Muret [QFB],2026-05-18 9:45,,,PRéVU
2026-05-18 9:26,U21816,Lyon [LYS],2026-05-18 9:50,,,PRéVU
2026-05-18 9:26,LXFDA,Paris [LBG],2026-05-18 9:55,,,PRéVU
2026-05-18 9:56,AF7430,Paris [CDG],2026-05-18 9:00,,,PRéVU
2026-05-18 9:56,AM5985,Paris [CDG],2026-05-18 9:00,,,PRéVU
2026-05-18 9:56,DL8382,Paris [CDG],2026-05-18 9:00,,,PRéVU
2026-05-18 9:56,U21804,Marseille [MRS],2026-05-18 9:05,,,PRéVU
2026-05-18 9:56,U21876,Porto [OPO],2026-05-18 9:20,,,PRéVU
2026-05-18 9:56,BA2570,Londres [LGW],2026-05-18 9:25,,,PRéVU
2026-05-18 9:56,QR6242,Londres [LGW],2026-05-18 9:25,,,PRéVU
2026-05-18 9:56,T7SYC,Rouen [URO],2026-05-18 9:29,,,PRéVU
2026-05-18 9:56,AF6132,Lyon [LYS],2026-05-18 9:45,,,PRéVU
2026-05-18 9:56,NAK503A,Muret [QFB],2026-05-18 9:45,,,PRéVU
2026-05-18 9:56,U21816,Lyon [LYS],2026-05-18 9:50,,,PRéVU
2026-05-18 9:56,LXFDA,Paris [LBG],2026-05-18 9:55,,,PRéVU
2026-05-18 10:26,LH2258,Munich [MUC],2026-05-18 10:05,,,PRéVU
2026-05-18 10:26,EI502,Dublin [DUB],2026-05-18 10:05,,,PRéVU
2026-05-18 10:26,AA8017,Dublin [DUB],2026-05-18 10:05,,,PRéVU
2026-05-18 10:26,V72605,Ajaccio [AJA],2026-05-18 10:05,2026-05-18 10:04,-1,EN ROUTE
2026-05-18 10:26,U21908,Marrakech [RAK],2026-05-18 10:35,,,PRéVU
2026-05-18 10:56,LH2258,Munich [MUC],2026-05-18 10:05,,,PRéVU
2026-05-18 10:56,EI502,Dublin [DUB],2026-05-18 10:05,,,PRéVU
2026-05-18 10:56,AA8017,Dublin [DUB],2026-05-18 10:05,,,PRéVU
2026-05-18 10:56,V72605,Ajaccio [AJA],2026-05-18 10:05,2026-05-18 10:04,-1,EN ROUTE
2026-05-18 10:56,U21908,Marrakech [RAK],2026-05-18 10:35,,,PRéVU
2026-05-18 11:26,AF7432,Paris [CDG],2026-05-18 11:00,,,PRéVU
2026-05-18 11:26,U28381,Londres [LGW],2026-05-18 11:00,,,PRéVU
2026-05-18 11:26,AM5722,Paris [CDG],2026-05-18 11:00,,,PRéVU
2026-05-18 11:26,DL8381,Paris [CDG],2026-05-18 11:00,,,PRéVU
2026-05-18 11:26,MK9012,Paris [CDG],2026-05-18 11:00,,,PRéVU
2026-05-18 11:26,MU1537,Paris [CDG],2026-05-18 11:00,,,PRéVU
2026-05-18 11:26,SK9736,Paris [CDG],2026-05-18 11:00,,,PRéVU
2026-05-18 11:26,VN3238,Paris [CDG],2026-05-18 11:00,,,PRéVU
2026-05-18 11:26,TS516,Montréal [YUL],2026-05-18 11:05,,,PRéVU
2026-05-18 11:26,KL1441,Amsterdam [AMS],2026-05-18 11:05,,,PRéVU
2026-05-18 11:26,PD7516,Montréal [YUL],2026-05-18 11:05,,,PRéVU
2026-05-18 11:26,WS5305,Montréal [YUL],2026-05-18 11:05,,,PRéVU
2026-05-18 11:26,AF8287,Amsterdam [AMS],2026-05-18 11:05,,,PRéVU
2026-05-18 11:26,DL9624,Amsterdam [AMS],2026-05-18 11:05,,,PRéVU
2026-05-18 11:26,KQ1315,Amsterdam [AMS],2026-05-18 11:05,,,PRéVU
2026-05-18 11:26,MU1571,Amsterdam [AMS],2026-05-18 11:05,,,PRéVU
2026-05-18 11:26,SK6776,Amsterdam [AMS],2026-05-18 11:05,,,PRéVU
2026-05-18 11:26,AT792,Casablanca [CMN],2026-05-18 11:30,,,PRéVU
2026-05-18 11:26,V72439,Alger [ALG],2026-05-18 11:30,,,PRéVU
2026-05-18 11:56,AF7432,Paris [CDG],2026-05-18 11:00,,,PRéVU
2026-05-18 11:56,U28381,Londres [LGW],2026-05-18 11:00,,,PRéVU
2026-05-18 11:56,AM5722,Paris [CDG],2026-05-18 11:00,,,PRéVU
2026-05-18 11:56,DL8381,Paris [CDG],2026-05-18 11:00,,,PRéVU
2026-05-18 11:56,MK9012,Paris [CDG],2026-05-18 11:00,,,PRéVU
2026-05-18 11:56,MU1537,Paris [CDG],2026-05-18 11:00,,,PRéVU
2026-05-18 11:56,SK9736,Paris [CDG],2026-05-18 11:00,,,PRéVU
2026-05-18 11:56,VN3238,Paris [CDG],2026-05-18 11:00,,,PRéVU
2026-05-18 11:56,TS516,Montréal [YUL],2026-05-18 11:05,,,PRéVU
2026-05-18 11:56,KL1441,Amsterdam [AMS],2026-05-18 11:05,,,PRéVU
2026-05-18 11:56,PD7516,Montréal [YUL],2026-05-18 11:05,,,PRéVU
2026-05-18 11:56,WS5305,Montréal [YUL],2026-05-18 11:05,,,PRéVU
2026-05-18 11:56,AF8287,Amsterdam [AMS],2026-05-18 11:05,,,PRéVU
2026-05-18 11:56,DL9624,Amsterdam [AMS],2026-05-18 11:05,,,PRéVU
2026-05-18 11:56,KQ1315,Amsterdam [AMS],2026-05-18 11:05,,,PRéVU
2026-05-18 11:56,MU1571,Amsterdam [AMS],2026-05-18 11:05,,,PRéVU
2026-05-18 11:56,SK6776,Amsterdam [AMS],2026-05-18 11:05,,,PRéVU
2026-05-18 11:56,AT792,Casablanca [CMN],2026-05-18 11:30,,,PRéVU
2026-05-18 11:56,V72439,Alger [ALG],2026-05-18 11:30,,,PRéVU
2026-05-18 12:26,U27301,Palma de Mallorca [PMI],2026-05-18 12:20,,,PRéVU
2026-05-18 12:26,EC7301,Palma de Mallorca [PMI],2026-05-18 12:20,,,PRéVU
2026-05-18 12:26,V72411,Strasbourg [SXB],2026-05-18 12:50,,,PRéVU
2026-05-18 12:26,VLJ895L,Brindisi [BDS],2026-05-18 12:54,,,PRéVU
2026-05-18 12:56,U27301,Palma de Mallorca [PMI],2026-05-18 12:20,,,PRéVU
2026-05-18 12:56,EC7301,Palma de Mallorca [PMI],2026-05-18 12:20,,,PRéVU
2026-05-18 12:56,V72411,Strasbourg [SXB],2026-05-18 12:50,,,PRéVU
2026-05-18 12:56,VLJ895L,Brindisi [BDS],2026-05-18 12:54,,,PRéVU
2026-05-18 13:26,U21826,Nice [NCE],2026-05-18 13:00,,,PRéVU
2026-05-18 13:26,AF7434,Paris [CDG],2026-05-18 13:15,,,PRéVU
2026-05-18 13:26,LX552,Zurich [ZRH],2026-05-18 13:15,,,PRéVU
2026-05-18 13:26,AM5793,Paris [CDG],2026-05-18 13:15,,,PRéVU
2026-05-18 13:26,AY6361,Paris [CDG],2026-05-18 13:15,,,PRéVU
2026-05-18 13:26,DL8327,Paris [CDG],2026-05-18 13:15,,,PRéVU
2026-05-18 13:26,MK9016,Paris [CDG],2026-05-18 13:15,,,PRéVU
2026-05-18 13:26,SK9731,Paris [CDG],2026-05-18 13:15,,,PRéVU
2026-05-18 13:26,VN3240,Paris [CDG],2026-05-18 13:15,,,PRéVU
2026-05-18 13:26,WS5006,Paris [CDG],2026-05-18 13:15,,,PRéVU
2026-05-18 13:26,BT5619,Paris [CDG],2026-05-18 13:15,,,PRéVU
2026-05-18 13:26,DL8391,Paris [CDG],2026-05-18 13:15,,,PRéVU
2026-05-18 13:26,SK9733,Paris [CDG],2026-05-18 13:15,,,PRéVU
2026-05-18 13:26,SJI2,London [BQH],2026-05-18 13:15,,,PRéVU
2026-05-18 13:26,FHCHF,Figari [FSC],2026-05-18 13:28,,,PRéVU
2026-05-18 13:26,AF6134,Lyon [LYS],2026-05-18 13:40,,,PRéVU
2026-05-18 13:26,U21898,Milan [MXP],2026-05-18 13:45,,,PRéVU
2026-05-18 13:56,U21826,Nice [NCE],2026-05-18 13:00,,,PRéVU
2026-05-18 13:56,AF7434,Paris [CDG],2026-05-18 13:15,,,PRéVU
2026-05-18 13:56,LX552,Zurich [ZRH],2026-05-18 13:15,,,PRéVU
2026-05-18 13:56,AM5793,Paris [CDG],2026-05-18 13:15,,,PRéVU
2026-05-18 13:56,AY6361,Paris [CDG],2026-05-18 13:15,,,PRéVU
2026-05-18 13:56,DL8327,Paris [CDG],2026-05-18 13:15,,,PRéVU
2026-05-18 13:56,MK9016,Paris [CDG],2026-05-18 13:15,,,PRéVU
2026-05-18 13:56,SK9731,Paris [CDG],2026-05-18 13:15,,,PRéVU
2026-05-18 13:56,VN3240,Paris [CDG],2026-05-18 13:15,,,PRéVU
2026-05-18 13:56,WS5006,Paris [CDG],2026-05-18 13:15,,,PRéVU
2026-05-18 13:56,BT5619,Paris [CDG],2026-05-18 13:15,,,PRéVU
2026-05-18 13:56,DL8391,Paris [CDG],2026-05-18 13:15,,,PRéVU
2026-05-18 13:56,SK9733,Paris [CDG],2026-05-18 13:15,,,PRéVU
2026-05-18 13:56,SJI2,London [BQH],2026-05-18 13:15,,,PRéVU
2026-05-18 13:56,FHCHF,Figari [FSC],2026-05-18 13:28,,,PRéVU
2026-05-18 13:56,AF6134,Lyon [LYS],2026-05-18 13:40,,,PRéVU
2026-05-18 13:56,U21898,Milan [MXP],2026-05-18 13:45,,,PRéVU
2026-05-18 14:26,V72135,Barcelone [BCN],2026-05-18 14:10,,,PRéVU
2026-05-18 14:26,NJE574G,Nice [NCE],2026-05-18 14:12,,,PRéVU
2026-05-18 14:26,U22423,Luton [LTN],2026-05-18 14:15,,,PRéVU
2026-05-18 14:26,U28383,Londres [LGW],2026-05-18 14:40,,,EN ROUTE
2026-05-18 14:26,U27605,Lisbonne [LIS],2026-05-18 14:55,,,PRéVU
2026-05-18 14:56,V72135,Barcelone [BCN],2026-05-18 14:10,,,PRéVU
2026-05-18 14:56,NJE574G,Nice [NCE],2026-05-18 14:12,,,PRéVU
2026-05-18 14:56,U22423,Luton [LTN],2026-05-18 14:15,,,PRéVU
2026-05-18 14:56,U28383,Londres [LGW],2026-05-18 14:40,,,EN ROUTE
2026-05-18 14:56,U27605,Lisbonne [LIS],2026-05-18 14:55,,,PRéVU
2026-05-18 15:26,U21824,Lille [LIL],2026-05-18 15:00,,,PRéVU
2026-05-18 15:26,LG8171,Luxembourg [LUX],2026-05-18 15:05,,,PRéVU
2026-05-18 15:26,U21906,Marrakech [RAK],2026-05-18 15:05,,,PRéVU
2026-05-18 15:26,OYO10,Marseille [MRS],2026-05-18 15:11,2026-05-18 15:28,17,EN ROUTE
2026-05-18 15:26,U21930,Rome [FCO],2026-05-18 15:15,,,ARRIVéE
2026-05-18 15:26,MILAN7C,Nimes [FNI],2026-05-18 15:25,2026-05-18 15:39,14,EN ROUTE
2026-05-18 15:26,VY2912,Barcelone [BCN],2026-05-18 15:35,2026-05-18 15:36,1,EN ROUTE
2026-05-18 15:26,IB5437,Barcelone [BCN],2026-05-18 15:35,2026-05-18 15:36,1,EN ROUTE
2026-05-18 15:26,LL5267,Barcelone [BCN],2026-05-18 15:35,2026-05-18 15:36,1,EN ROUTE
2026-05-18 15:26,QR3556,Barcelone [BCN],2026-05-18 15:35,2026-05-18 15:36,1,EN ROUTE
2026-05-18 15:26,OYO10,Marseille [MRS],2026-05-18 15:43,,,PRéVU
2026-05-18 15:26,U22111,Manchester [MAN],2026-05-18 15:55,2026-05-18 15:45,-10,EN ROUTE
2026-05-18 15:56,U21824,Lille [LIL],2026-05-18 15:00,,,PRéVU
2026-05-18 15:56,LG8171,Luxembourg [LUX],2026-05-18 15:05,,,PRéVU
2026-05-18 15:56,U21906,Marrakech [RAK],2026-05-18 15:05,,,PRéVU
2026-05-18 15:56,OYO10,Marseille [MRS],2026-05-18 15:11,2026-05-18 15:28,17,EN ROUTE
2026-05-18 15:56,U21930,Rome [FCO],2026-05-18 15:15,,,ARRIVéE
2026-05-18 15:56,MILAN7C,Nimes [FNI],2026-05-18 15:25,2026-05-18 15:39,14,EN ROUTE
2026-05-18 15:56,VY2912,Barcelone [BCN],2026-05-18 15:35,2026-05-18 15:29,-6,ARRIVéE
2026-05-18 15:56,IB5437,Barcelone [BCN],2026-05-18 15:35,2026-05-18 15:29,-6,ARRIVéE
2026-05-18 15:56,LL5267,Barcelone [BCN],2026-05-18 15:35,2026-05-18 15:29,-6,ARRIVéE
2026-05-18 15:56,QR3556,Barcelone [BCN],2026-05-18 15:35,2026-05-18 15:29,-6,ARRIVéE
2026-05-18 15:56,OYO10,Marseille [MRS],2026-05-18 15:43,,,PRéVU
2026-05-18 15:56,U22111,Manchester [MAN],2026-05-18 15:55,2026-05-18 15:42,-13,EN ROUTE
2026-05-18 16:26,W95415,Luton [LTN],2026-05-18 16:05,2026-05-18 16:02,-3,EN ROUTE
2026-05-18 16:26,KL1445,Amsterdam [AMS],2026-05-18 16:20,2026-05-18 16:41,21,EN ROUTE
2026-05-18 16:26,AF8293,Amsterdam [AMS],2026-05-18 16:20,2026-05-18 16:41,21,EN ROUTE
2026-05-18 16:26,DL9161,Amsterdam [AMS],2026-05-18 16:20,,,PRéVU
2026-05-18 16:26,G35518,Amsterdam [AMS],2026-05-18 16:20,,,PRéVU
2026-05-18 16:26,KQ1317,Amsterdam [AMS],2026-05-18 16:20,2026-05-18 16:41,21,EN ROUTE
2026-05-18 16:26,SK6780,Amsterdam [AMS],2026-05-18 16:20,2026-05-18 16:41,21,EN ROUTE
2026-05-18 16:26,WS5212,Amsterdam [AMS],2026-05-18 16:20,2026-05-18 16:41,21,EN ROUTE
2026-05-18 16:26,DL9160,Amsterdam [AMS],2026-05-18 16:20,2026-05-18 16:41,21,EN ROUTE
2026-05-18 16:26,A3696,Athènes [ATH],2026-05-18 16:40,2026-05-18 16:53,13,EN ROUTE
2026-05-18 16:26,V75141,Athènes [ATH],2026-05-18 16:40,2026-05-18 16:53,13,EN ROUTE
2026-05-18 16:56,W95415,Luton [LTN],2026-05-18 16:05,2026-05-18 16:02,-3,EN ROUTE
2026-05-18 16:56,KL1445,Amsterdam [AMS],2026-05-18 16:20,2026-05-18 16:41,21,EN ROUTE
2026-05-18 16:56,AF8293,Amsterdam [AMS],2026-05-18 16:20,2026-05-18 16:41,21,EN ROUTE
2026-05-18 16:56,DL9161,Amsterdam [AMS],2026-05-18 16:20,,,PRéVU
2026-05-18 16:56,G35518,Amsterdam [AMS],2026-05-18 16:20,,,PRéVU
2026-05-18 16:56,KQ1317,Amsterdam [AMS],2026-05-18 16:20,2026-05-18 16:41,21,EN ROUTE
2026-05-18 16:56,SK6780,Amsterdam [AMS],2026-05-18 16:20,2026-05-18 16:41,21,EN ROUTE
2026-05-18 16:56,WS5212,Amsterdam [AMS],2026-05-18 16:20,2026-05-18 16:41,21,EN ROUTE
2026-05-18 16:56,DL9160,Amsterdam [AMS],2026-05-18 16:20,2026-05-18 16:41,21,EN ROUTE
2026-05-18 16:56,A3696,Athènes [ATH],2026-05-18 16:40,2026-05-18 16:53,13,EN ROUTE
2026-05-18 16:56,V75141,Athènes [ATH],2026-05-18 16:40,2026-05-18 16:53,13,EN ROUTE
2026-05-18 17:26,IB1203,Madrid [MAD],2026-05-18 17:25,,,PRéVU
2026-05-18 17:26,AA8623,Madrid [MAD],2026-05-18 17:25,,,PRéVU
2026-05-18 17:26,CX1874,Madrid [MAD],2026-05-18 17:25,,,PRéVU
2026-05-18 17:26,LA1689,Madrid [MAD],2026-05-18 17:25,,,PRéVU
2026-05-18 17:26,QR5375,Madrid [MAD],2026-05-18 17:25,,,PRéVU
2026-05-18 17:26,VY5514,Madrid [MAD],2026-05-18 17:25,,,PRéVU
2026-05-18 17:26,V72703,Rome [FCO],2026-05-18 17:30,,,EN ROUTE
2026-05-18 17:26,AZ7128,Rome [FCO],2026-05-18 17:30,,,EN ROUTE
2026-05-18 17:26,AF6136,Lyon [LYS],2026-05-18 17:40,,,PRéVU
2026-05-18 17:26,TK1391,Istanbul [IST],2026-05-18 17:55,2026-05-18 17:49,-6,EN ROUTE
2026-05-18 17:26,U21894,Olbia [OLB],2026-05-18 17:55,,,EN ROUTE
2026-05-18 17:56,IB1203,Madrid [MAD],2026-05-18 17:25,2026-05-18 17:27,2,EN ROUTE
2026-05-18 17:56,AA8623,Madrid [MAD],2026-05-18 17:25,,,PRéVU
2026-05-18 17:56,CX1874,Madrid [MAD],2026-05-18 17:25,,,PRéVU
2026-05-18 17:56,LA1689,Madrid [MAD],2026-05-18 17:25,,,PRéVU
2026-05-18 17:56,QR5375,Madrid [MAD],2026-05-18 17:25,,,PRéVU
2026-05-18 17:56,VY5514,Madrid [MAD],2026-05-18 17:25,,,PRéVU
2026-05-18 17:56,V72703,Rome [FCO],2026-05-18 17:30,,,EN ROUTE
2026-05-18 17:56,AZ7128,Rome [FCO],2026-05-18 17:30,,,EN ROUTE
2026-05-18 17:56,AF6136,Lyon [LYS],2026-05-18 17:40,,,PRéVU
2026-05-18 17:56,TK1391,Istanbul [IST],2026-05-18 17:55,2026-05-18 17:49,-6,EN ROUTE
2026-05-18 17:56,U21894,Olbia [OLB],2026-05-18 17:55,,,EN ROUTE
2026-05-18 18:26,LX3614,Francfort [FRA],2026-05-18 18:00,,,PRéVU
2026-05-18 18:26,LH1072,Francfort [FRA],2026-05-18 18:00,,,PRéVU
2026-05-18 18:26,AF7436,Paris [CDG],2026-05-18 18:10,,,PRéVU
2026-05-18 18:26,AM5854,Paris [CDG],2026-05-18 18:10,,,PRéVU
2026-05-18 18:26,AR7824,Paris [CDG],2026-05-18 18:10,,,PRéVU
2026-05-18 18:26,AY6327,Paris [CDG],2026-05-18 18:10,,,PRéVU
2026-05-18 18:26,DL8490,Paris [CDG],2026-05-18 18:10,,,PRéVU
2026-05-18 18:26,MK9018,Paris [CDG],2026-05-18 18:10,,,PRéVU
2026-05-18 18:26,MU1867,Paris [CDG],2026-05-18 18:10,,,PRéVU
2026-05-18 18:26,SK9732,Paris [CDG],2026-05-18 18:10,,,PRéVU
2026-05-18 18:26,WS5126,Paris [CDG],2026-05-18 18:10,,,PRéVU
2026-05-18 18:26,TO4885,Sevilla [SVQ],2026-05-18 18:30,,,PRéVU
2026-05-18 18:26,U24309,Lyon [LYS],2026-05-18 18:30,,,PRéVU
2026-05-18 18:26,SK2781,Copenhague [CPH],2026-05-18 18:40,,,ANNULé
2026-05-18 18:26,U21806,Marseille [MRS],2026-05-18 18:50,,,PRéVU
2026-05-18 18:26,V72443,Palma de Mallorca [PMI],2026-05-18 18:55,,,PRéVU
2026-05-18 18:56,LX3614,Francfort [FRA],2026-05-18 18:00,,,PRéVU
2026-05-18 18:56,LH1072,Francfort [FRA],2026-05-18 18:00,,,PRéVU
2026-05-18 18:56,AF7436,Paris [CDG],2026-05-18 18:10,,,PRéVU
2026-05-18 18:56,AM5854,Paris [CDG],2026-05-18 18:10,,,PRéVU
2026-05-18 18:56,AR7824,Paris [CDG],2026-05-18 18:10,,,PRéVU
2026-05-18 18:56,AY6327,Paris [CDG],2026-05-18 18:10,,,PRéVU
2026-05-18 18:56,DL8490,Paris [CDG],2026-05-18 18:10,,,PRéVU
2026-05-18 18:56,MK9018,Paris [CDG],2026-05-18 18:10,,,PRéVU
2026-05-18 18:56,MU1867,Paris [CDG],2026-05-18 18:10,,,PRéVU
2026-05-18 18:56,SK9732,Paris [CDG],2026-05-18 18:10,,,PRéVU
2026-05-18 18:56,WS5126,Paris [CDG],2026-05-18 18:10,,,PRéVU
2026-05-18 18:56,TO4885,Sevilla [SVQ],2026-05-18 18:30,,,ARRIVéE
2026-05-18 18:56,U24309,Lyon [LYS],2026-05-18 18:30,,,PRéVU
2026-05-18 18:56,SK2781,Copenhague [CPH],2026-05-18 18:40,,,ANNULé
2026-05-18 18:56,U21806,Marseille [MRS],2026-05-18 18:50,,,PRéVU
2026-05-18 18:56,V72443,Palma de Mallorca [PMI],2026-05-18 18:55,,,PRéVU
2026-05-18 19:26,U21641,Nice [NCE],2026-05-18 19:25,,,PRéVU
2026-05-18 19:26,AF7438,Paris [CDG],2026-05-18 19:35,,,PRéVU
2026-05-18 19:26,U21922,Bruxelles [BRU],2026-05-18 19:35,,,PRéVU
2026-05-18 19:26,AM5855,Paris [CDG],2026-05-18 19:35,,,PRéVU
2026-05-18 19:26,AY6331,Paris [CDG],2026-05-18 19:35,,,PRéVU
2026-05-18 19:26,BT5615,Paris [CDG],2026-05-18 19:35,,,PRéVU
2026-05-18 19:26,SK9734,Paris [CDG],2026-05-18 19:35,,,PRéVU
2026-05-18 19:26,WS5127,Paris [CDG],2026-05-18 19:35,,,PRéVU
2026-05-18 19:26,U23213,Édimbourg [EDI],2026-05-18 19:55,,,PRéVU
2026-05-18 19:56,U21641,Nice [NCE],2026-05-18 19:25,,,PRéVU
2026-05-18 19:56,AF7438,Paris [CDG],2026-05-18 19:35,,,PRéVU
2026-05-18 19:56,U21922,Bruxelles [BRU],2026-05-18 19:35,,,PRéVU
2026-05-18 19:56,AM5855,Paris [CDG],2026-05-18 19:35,,,PRéVU
2026-05-18 19:56,AY6331,Paris [CDG],2026-05-18 19:35,,,PRéVU
2026-05-18 19:56,BT5615,Paris [CDG],2026-05-18 19:35,,,PRéVU
2026-05-18 19:56,SK9734,Paris [CDG],2026-05-18 19:35,,,PRéVU
2026-05-18 19:56,WS5127,Paris [CDG],2026-05-18 19:35,,,PRéVU
2026-05-18 19:56,U23213,Édimbourg [EDI],2026-05-18 19:55,2026-05-18 20:12,17,EN ROUTE
2026-05-18 20:26,D83632,Copenhague [CPH],2026-05-18 20:50,2026-05-18 20:42,-8,EN ROUTE
2026-05-18 20:26,U21391,Genève [GVA],2026-05-18 20:55,,,EN ROUTE
2026-05-18 20:56,D83632,Copenhague [CPH],2026-05-18 20:50,2026-05-18 20:39,-11,EN ROUTE
2026-05-18 20:56,U21391,Genève [GVA],2026-05-18 20:55,,,EN ROUTE
2026-05-18 21:26,U22769,Bristol [BRS],2026-05-18 21:05,,,PRéVU
2026-05-18 21:26,U21617,Nice [NCE],2026-05-18 21:15,2026-05-18 21:00,-15,EN ROUTE
2026-05-18 21:26,V72465,Madrid [MAD],2026-05-18 21:35,,,PRéVU
2026-05-18 21:26,AF6138,Lyon [LYS],2026-05-18 21:35,,,PRéVU
2026-05-18 21:26,U22375,Luton [LTN],2026-05-18 21:40,2026-05-18 21:09,-31,EN ROUTE
2026-05-18 21:56,U22769,Bristol [BRS],2026-05-18 21:05,,,PRéVU
2026-05-18 21:56,U21617,Nice [NCE],2026-05-18 21:15,2026-05-18 21:00,-15,EN ROUTE
2026-05-18 21:56,V72465,Madrid [MAD],2026-05-18 21:35,,,PRéVU
2026-05-18 21:56,AF6138,Lyon [LYS],2026-05-18 21:35,,,PRéVU
2026-05-18 21:56,U22375,Luton [LTN],2026-05-18 21:40,2026-05-18 21:09,-31,EN ROUTE
2026-05-18 22:26,AF7440,Paris [CDG],2026-05-18 22:00,,,BOARDING
2026-05-18 22:26,U24363,Lyon [LYS],2026-05-18 22:00,,,PRéVU
2026-05-18 22:26,AM5794,Paris [CDG],2026-05-18 22:00,,,BOARDING
2026-05-18 22:26,AY6303,Paris [CDG],2026-05-18 22:00,,,BOARDING
2026-05-18 22:26,BT5613,Paris [CDG],2026-05-18 22:00,,,BOARDING
2026-05-18 22:26,MK9010,Paris [CDG],2026-05-18 22:00,,,BOARDING
2026-05-18 22:26,MU1733,Paris [CDG],2026-05-18 22:00,,,BOARDING
2026-05-18 22:26,SK9730,Paris [CDG],2026-05-18 22:00,,,BOARDING
2026-05-18 22:26,KL1447,Amsterdam [AMS],2026-05-18 22:45,,,PRéVU
2026-05-18 22:26,AF5193,Amsterdam [AMS],2026-05-18 22:45,,,PRéVU
2026-05-18 22:26,KQ1319,Amsterdam [AMS],2026-05-18 22:45,,,PRéVU
2026-05-18 22:26,MU1573,Amsterdam [AMS],2026-05-18 22:45,,,PRéVU
2026-05-18 22:26,SK6782,Amsterdam [AMS],2026-05-18 22:45,,,PRéVU
2026-05-18 22:26,G35512,Amsterdam [AMS],2026-05-18 22:45,,,PRéVU
2026-05-18 22:56,AF7440,Paris [CDG],2026-05-18 22:00,,,BOARDING
2026-05-18 22:56,U24363,Lyon [LYS],2026-05-18 22:00,,,PRéVU
2026-05-18 22:56,AM5794,Paris [CDG],2026-05-18 22:00,,,BOARDING
2026-05-18 22:56,AY6303,Paris [CDG],2026-05-18 22:00,,,BOARDING
2026-05-18 22:56,BT5613,Paris [CDG],2026-05-18 22:00,,,BOARDING
2026-05-18 22:56,MK9010,Paris [CDG],2026-05-18 22:00,,,BOARDING
2026-05-18 22:56,MU1733,Paris [CDG],2026-05-18 22:00,,,BOARDING
2026-05-18 22:56,SK9730,Paris [CDG],2026-05-18 22:00,,,BOARDING
2026-05-18 22:56,KL1447,Amsterdam [AMS],2026-05-18 22:45,,,PRéVU
2026-05-18 22:56,AF5193,Amsterdam [AMS],2026-05-18 22:45,,,PRéVU
2026-05-18 22:56,KQ1319,Amsterdam [AMS],2026-05-18 22:45,,,PRéVU
2026-05-18 22:56,MU1573,Amsterdam [AMS],2026-05-18 22:45,,,PRéVU
2026-05-18 22:56,SK6782,Amsterdam [AMS],2026-05-18 22:45,,,PRéVU
2026-05-18 22:56,G35512,Amsterdam [AMS],2026-05-18 22:45,,,PRéVU
2026-05-18 23:26,U21858,Menorca [MAH],2026-05-18 23:00,,,PRéVU
2026-05-18 23:26,U21808,Marseille [MRS],2026-05-18 23:05,,,PRéVU
2026-05-18 23:26,U21868,Prague [PRG],2026-05-18 23:30,,,PRéVU
2026-05-18 23:26,VY2916,Barcelone [BCN],2026-05-18 23:45,,,PRéVU
2026-05-18 23:26,IB5694,Barcelone [BCN],2026-05-18 23:45,,,PRéVU
2026-05-18 23:26,LA5781,Barcelone [BCN],2026-05-18 23:45,,,PRéVU
2026-05-18 23:26,LL5271,Barcelone [BCN],2026-05-18 23:45,,,PRéVU
2026-05-18 23:26,QR3617,Barcelone [BCN],2026-05-18 23:45,,,PRéVU
2026-05-18 23:26,V71346,Venise [VCE],2026-05-18 23:55,2026-05-18 23:39,-16,EN ROUTE
2026-05-18 23:56,U21858,Menorca [MAH],2026-05-18 23:00,,,PRéVU
2026-05-18 23:56,U21808,Marseille [MRS],2026-05-18 23:05,,,PRéVU
2026-05-18 23:56,U21868,Prague [PRG],2026-05-18 23:30,,,PRéVU
2026-05-18 23:56,VY2916,Barcelone [BCN],2026-05-18 23:45,,,PRéVU
2026-05-18 23:56,IB5694,Barcelone [BCN],2026-05-18 23:45,,,PRéVU
2026-05-18 23:56,LA5781,Barcelone [BCN],2026-05-18 23:45,,,PRéVU
2026-05-18 23:56,LL5271,Barcelone [BCN],2026-05-18 23:45,,,PRéVU
2026-05-18 23:56,QR3617,Barcelone [BCN],2026-05-18 23:45,,,PRéVU
2026-05-18 23:56,V71346,Venise [VCE],2026-05-18 23:55,2026-05-18 23:39,-16,EN ROUTE
2026-05-19 0:26,U21872,Faro [FAO],2026-05-19 0:40,,,PRéVU
2026-05-19 0:56,U21872,Faro [FAO],2026-05-19 0:40,,,PRéVU
2026-05-19 1:26,U21872,Faro [FAO],2026-05-19 0:40,,,PRéVU
2026-05-19 1:26,V71346,Venise [VCE],2026-05-19 23:55,2026-05-19 23:39,-16,EN ROUTE
2026-05-19 1:26,QR3617,Barcelone [BCN],2026-05-19 23:45,,,PRéVU
2026-05-19 1:26,LL5271,Barcelone [BCN],2026-05-19 23:45,,,PRéVU
2026-05-19 1:26,LA5781,Barcelone [BCN],2026-05-19 23:45,,,PRéVU
2026-05-19 1:26,IB5694,Barcelone [BCN],2026-05-19 23:45,,,PRéVU
2026-05-19 1:26,VY2916,Barcelone [BCN],2026-05-19 23:45,,,PRéVU
2026-05-19 1:26,U21868,Prague [PRG],2026-05-19 23:30,,,PRéVU
2026-05-19 1:26,U21808,Marseille [MRS],2026-05-19 23:05,,,PRéVU
2026-05-19 1:26,U21858,Menorca [MAH],2026-05-19 23:00,,,PRéVU
2026-05-19 1:26,G35512,Amsterdam [AMS],2026-05-19 22:45,,,PRéVU
2026-05-19 1:26,SK6782,Amsterdam [AMS],2026-05-19 22:45,,,PRéVU
2026-05-19 1:26,MU1573,Amsterdam [AMS],2026-05-19 22:45,,,PRéVU
2026-05-19 1:26,KQ1319,Amsterdam [AMS],2026-05-19 22:45,,,PRéVU
2026-05-19 1:26,AF5193,Amsterdam [AMS],2026-05-19 22:45,,,PRéVU
2026-05-19 1:26,KL1447,Amsterdam [AMS],2026-05-19 22:45,,,PRéVU
2026-05-19 1:26,SK9730,Paris [CDG],2026-05-19 22:00,,,BOARDING
2026-05-19 1:26,MU1733,Paris [CDG],2026-05-19 22:00,,,BOARDING
2026-05-19 1:26,MK9010,Paris [CDG],2026-05-19 22:00,,,BOARDING
2026-05-19 1:26,BT5613,Paris [CDG],2026-05-19 22:00,,,BOARDING
2026-05-19 1:26,AY6303,Paris [CDG],2026-05-19 22:00,,,BOARDING
2026-05-19 1:26,AM5794,Paris [CDG],2026-05-19 22:00,,,BOARDING
2026-05-19 1:26,U24363,Lyon [LYS],2026-05-19 22:00,,,PRéVU
2026-05-19 1:26,AF7440,Paris [CDG],2026-05-19 22:00,,,BOARDING
2026-05-19 1:26,U22375,Luton [LTN],2026-05-19 21:40,2026-05-19 21:09,-31,EN ROUTE
2026-05-19 1:26,AF6138,Lyon [LYS],2026-05-19 21:35,,,PRéVU
2026-05-19 1:26,V72465,Madrid [MAD],2026-05-19 21:35,,,PRéVU
2026-05-19 1:26,U21617,Nice [NCE],2026-05-19 21:15,2026-05-19 21:00,-15,EN ROUTE
2026-05-19 1:26,U22769,Bristol [BRS],2026-05-19 21:05,,,PRéVU
2026-05-19 1:26,U21391,Genève [GVA],2026-05-19 20:55,,,EN ROUTE
2026-05-19 1:26,D83632,Copenhague [CPH],2026-05-19 20:50,2026-05-19 20:39,-11,EN ROUTE
2026-05-19 1:26,U23213,Édimbourg [EDI],2026-05-19 19:55,2026-05-19 20:12,17,EN ROUTE
2026-05-19 1:26,WS5127,Paris [CDG],2026-05-19 19:35,,,ARRIVéE
2026-05-19 1:26,SK9734,Paris [CDG],2026-05-19 19:35,,,PRéVU
2026-05-19 1:26,BT5615,Paris [CDG],2026-05-19 19:35,,,ARRIVéE
2026-05-19 1:26,AY6331,Paris [CDG],2026-05-19 19:35,,,ARRIVéE
2026-05-19 1:26,AM5855,Paris [CDG],2026-05-19 19:35,,,ARRIVéE
2026-05-19 1:26,U21922,Bruxelles [BRU],2026-05-19 19:35,,,PRéVU
2026-05-19 1:26,AF7438,Paris [CDG],2026-05-19 19:35,,,ARRIVéE
2026-05-19 1:26,U21641,Nice [NCE],2026-05-19 19:25,,,PRéVU
2026-05-19 1:56,U21872,Faro [FAO],2026-05-19 0:40,,,PRéVU
2026-05-19 1:56,V71346,Venise [VCE],2026-05-19 23:55,2026-05-19 23:39,-16,EN ROUTE
2026-05-19 1:56,QR3617,Barcelone [BCN],2026-05-19 23:45,,,PRéVU
2026-05-19 1:56,LL5271,Barcelone [BCN],2026-05-19 23:45,,,PRéVU
2026-05-19 1:56,LA5781,Barcelone [BCN],2026-05-19 23:45,,,PRéVU
2026-05-19 1:56,IB5694,Barcelone [BCN],2026-05-19 23:45,,,PRéVU
2026-05-19 1:56,VY2916,Barcelone [BCN],2026-05-19 23:45,,,PRéVU
2026-05-19 1:56,U21868,Prague [PRG],2026-05-19 23:30,,,PRéVU
2026-05-19 1:56,U21808,Marseille [MRS],2026-05-19 23:05,,,PRéVU
2026-05-19 1:56,U21858,Menorca [MAH],2026-05-19 23:00,,,PRéVU
2026-05-19 1:56,G35512,Amsterdam [AMS],2026-05-19 22:45,,,PRéVU
2026-05-19 1:56,SK6782,Amsterdam [AMS],2026-05-19 22:45,,,PRéVU
2026-05-19 1:56,MU1573,Amsterdam [AMS],2026-05-19 22:45,,,PRéVU
2026-05-19 1:56,KQ1319,Amsterdam [AMS],2026-05-19 22:45,,,PRéVU
2026-05-19 1:56,AF5193,Amsterdam [AMS],2026-05-19 22:45,,,PRéVU
2026-05-19 1:56,KL1447,Amsterdam [AMS],2026-05-19 22:45,,,PRéVU
2026-05-19 1:56,SK9730,Paris [CDG],2026-05-19 22:00,,,BOARDING
2026-05-19 1:56,MU1733,Paris [CDG],2026-05-19 22:00,,,BOARDING
2026-05-19 1:56,MK9010,Paris [CDG],2026-05-19 22:00,,,BOARDING
2026-05-19 1:56,BT5613,Paris [CDG],2026-05-19 22:00,,,BOARDING
2026-05-19 1:56,AY6303,Paris [CDG],2026-05-19 22:00,,,BOARDING
2026-05-19 1:56,AM5794,Paris [CDG],2026-05-19 22:00,,,BOARDING
2026-05-19 1:56,U24363,Lyon [LYS],2026-05-19 22:00,,,PRéVU
2026-05-19 1:56,AF7440,Paris [CDG],2026-05-19 22:00,,,BOARDING
2026-05-19 1:56,U22375,Luton [LTN],2026-05-19 21:40,2026-05-19 21:09,-31,EN ROUTE
2026-05-19 1:56,AF6138,Lyon [LYS],2026-05-19 21:35,,,PRéVU
2026-05-19 1:56,V72465,Madrid [MAD],2026-05-19 21:35,,,PRéVU
2026-05-19 1:56,U21617,Nice [NCE],2026-05-19 21:15,2026-05-19 21:00,-15,EN ROUTE
2026-05-19 1:56,U22769,Bristol [BRS],2026-05-19 21:05,,,PRéVU
2026-05-19 1:56,U21391,Genève [GVA],2026-05-19 20:55,,,EN ROUTE
2026-05-19 1:56,D83632,Copenhague [CPH],2026-05-19 20:50,2026-05-19 20:39,-11,EN ROUTE
2026-05-19 1:56,U23213,Édimbourg [EDI],2026-05-19 19:55,2026-05-19 20:12,17,EN ROUTE
2026-05-19 1:56,WS5127,Paris [CDG],2026-05-19 19:35,,,ARRIVéE
2026-05-19 1:56,SK9734,Paris [CDG],2026-05-19 19:35,,,PRéVU
2026-05-19 1:56,BT5615,Paris [CDG],2026-05-19 19:35,,,ARRIVéE
2026-05-19 1:56,AY6331,Paris [CDG],2026-05-19 19:35,,,ARRIVéE
2026-05-19 1:56,AM5855,Paris [CDG],2026-05-19 19:35,,,ARRIVéE
2026-05-19 1:56,U21922,Bruxelles [BRU],2026-05-19 19:35,,,PRéVU
2026-05-19 1:56,AF7438,Paris [CDG],2026-05-19 19:35,,,ARRIVéE
2026-05-19 1:56,U21641,Nice [NCE],2026-05-19 19:25,,,PRéVU
2026-05-19 2:26,U21872,Faro [FAO],2026-05-19 0:40,,,PRéVU
2026-05-19 2:26,V71346,Venise [VCE],2026-05-19 23:55,2026-05-19 23:39,-16,EN ROUTE
2026-05-19 2:26,QR3617,Barcelone [BCN],2026-05-19 23:45,,,PRéVU
2026-05-19 2:26,LL5271,Barcelone [BCN],2026-05-19 23:45,,,PRéVU
2026-05-19 2:26,LA5781,Barcelone [BCN],2026-05-19 23:45,,,PRéVU
2026-05-19 2:26,IB5694,Barcelone [BCN],2026-05-19 23:45,,,PRéVU
2026-05-19 2:26,VY2916,Barcelone [BCN],2026-05-19 23:45,,,PRéVU
2026-05-19 2:26,U21868,Prague [PRG],2026-05-19 23:30,,,PRéVU
2026-05-19 2:26,U21808,Marseille [MRS],2026-05-19 23:05,,,PRéVU
2026-05-19 2:26,U21858,Menorca [MAH],2026-05-19 23:00,,,PRéVU
2026-05-19 2:26,G35512,Amsterdam [AMS],2026-05-19 22:45,,,PRéVU
2026-05-19 2:26,SK6782,Amsterdam [AMS],2026-05-19 22:45,,,PRéVU
2026-05-19 2:26,MU1573,Amsterdam [AMS],2026-05-19 22:45,,,PRéVU
2026-05-19 2:26,KQ1319,Amsterdam [AMS],2026-05-19 22:45,,,PRéVU
2026-05-19 2:26,AF5193,Amsterdam [AMS],2026-05-19 22:45,,,PRéVU
2026-05-19 2:26,KL1447,Amsterdam [AMS],2026-05-19 22:45,,,PRéVU
2026-05-19 2:26,SK9730,Paris [CDG],2026-05-19 22:00,,,BOARDING
2026-05-19 2:26,MU1733,Paris [CDG],2026-05-19 22:00,,,BOARDING
2026-05-19 2:26,MK9010,Paris [CDG],2026-05-19 22:00,,,BOARDING
2026-05-19 2:26,BT5613,Paris [CDG],2026-05-19 22:00,,,BOARDING
2026-05-19 2:26,AY6303,Paris [CDG],2026-05-19 22:00,,,BOARDING
2026-05-19 2:26,AM5794,Paris [CDG],2026-05-19 22:00,,,BOARDING
2026-05-19 2:26,U24363,Lyon [LYS],2026-05-19 22:00,,,PRéVU
2026-05-19 2:26,AF7440,Paris [CDG],2026-05-19 22:00,,,BOARDING
2026-05-19 2:26,U22375,Luton [LTN],2026-05-19 21:40,2026-05-19 21:09,-31,EN ROUTE
2026-05-19 2:26,AF6138,Lyon [LYS],2026-05-19 21:35,,,PRéVU
2026-05-19 2:26,V72465,Madrid [MAD],2026-05-19 21:35,,,PRéVU
2026-05-19 2:26,U21617,Nice [NCE],2026-05-19 21:15,2026-05-19 21:00,-15,EN ROUTE
2026-05-19 2:26,U22769,Bristol [BRS],2026-05-19 21:05,,,PRéVU
2026-05-19 2:26,U21391,Genève [GVA],2026-05-19 20:55,,,EN ROUTE
2026-05-19 2:26,D83632,Copenhague [CPH],2026-05-19 20:50,2026-05-19 20:39,-11,EN ROUTE
2026-05-19 2:26,U23213,Édimbourg [EDI],2026-05-19 19:55,2026-05-19 20:12,17,EN ROUTE
2026-05-19 2:26,WS5127,Paris [CDG],2026-05-19 19:35,,,ARRIVéE
2026-05-19 2:26,SK9734,Paris [CDG],2026-05-19 19:35,,,PRéVU
2026-05-19 2:26,BT5615,Paris [CDG],2026-05-19 19:35,,,ARRIVéE
2026-05-19 2:26,AY6331,Paris [CDG],2026-05-19 19:35,,,ARRIVéE
2026-05-19 2:26,AM5855,Paris [CDG],2026-05-19 19:35,,,ARRIVéE
2026-05-19 2:26,U21922,Bruxelles [BRU],2026-05-19 19:35,,,PRéVU
2026-05-19 2:26,AF7438,Paris [CDG],2026-05-19 19:35,,,ARRIVéE
2026-05-19 2:26,U21641,Nice [NCE],2026-05-19 19:25,,,PRéVU
2026-05-19 2:56,U21872,Faro [FAO],2026-05-19 0:40,,,PRéVU
2026-05-19 2:56,V71346,Venise [VCE],2026-05-19 23:55,2026-05-19 23:39,-16,EN ROUTE
2026-05-19 2:56,QR3617,Barcelone [BCN],2026-05-19 23:45,,,PRéVU
2026-05-19 2:56,LL5271,Barcelone [BCN],2026-05-19 23:45,,,PRéVU
2026-05-19 2:56,LA5781,Barcelone [BCN],2026-05-19 23:45,,,PRéVU
2026-05-19 2:56,IB5694,Barcelone [BCN],2026-05-19 23:45,,,PRéVU
2026-05-19 2:56,VY2916,Barcelone [BCN],2026-05-19 23:45,,,PRéVU
2026-05-19 2:56,U21868,Prague [PRG],2026-05-19 23:30,,,PRéVU
2026-05-19 2:56,U21808,Marseille [MRS],2026-05-19 23:05,,,PRéVU
2026-05-19 2:56,U21858,Menorca [MAH],2026-05-19 23:00,,,PRéVU
2026-05-19 2:56,G35512,Amsterdam [AMS],2026-05-19 22:45,,,PRéVU
2026-05-19 2:56,SK6782,Amsterdam [AMS],2026-05-19 22:45,,,PRéVU
2026-05-19 2:56,MU1573,Amsterdam [AMS],2026-05-19 22:45,,,PRéVU
2026-05-19 2:56,KQ1319,Amsterdam [AMS],2026-05-19 22:45,,,PRéVU
2026-05-19 2:56,AF5193,Amsterdam [AMS],2026-05-19 22:45,,,PRéVU
2026-05-19 2:56,KL1447,Amsterdam [AMS],2026-05-19 22:45,,,PRéVU
2026-05-19 2:56,SK9730,Paris [CDG],2026-05-19 22:00,,,BOARDING
2026-05-19 2:56,MU1733,Paris [CDG],2026-05-19 22:00,,,BOARDING
2026-05-19 2:56,MK9010,Paris [CDG],2026-05-19 22:00,,,BOARDING
2026-05-19 2:56,BT5613,Paris [CDG],2026-05-19 22:00,,,BOARDING
2026-05-19 2:56,AY6303,Paris [CDG],2026-05-19 22:00,,,BOARDING
2026-05-19 2:56,AM5794,Paris [CDG],2026-05-19 22:00,,,BOARDING
2026-05-19 2:56,U24363,Lyon [LYS],2026-05-19 22:00,,,PRéVU
2026-05-19 2:56,AF7440,Paris [CDG],2026-05-19 22:00,,,BOARDING
2026-05-19 2:56,U22375,Luton [LTN],2026-05-19 21:40,2026-05-19 21:09,-31,EN ROUTE
2026-05-19 2:56,AF6138,Lyon [LYS],2026-05-19 21:35,,,PRéVU
2026-05-19 2:56,V72465,Madrid [MAD],2026-05-19 21:35,,,PRéVU
2026-05-19 2:56,U21617,Nice [NCE],2026-05-19 21:15,2026-05-19 21:00,-15,EN ROUTE
2026-05-19 2:56,U22769,Bristol [BRS],2026-05-19 21:05,,,PRéVU
2026-05-19 2:56,U21391,Genève [GVA],2026-05-19 20:55,,,EN ROUTE
2026-05-19 2:56,D83632,Copenhague [CPH],2026-05-19 20:50,2026-05-19 20:39,-11,EN ROUTE
2026-05-19 2:56,U23213,Édimbourg [EDI],2026-05-19 19:55,2026-05-19 20:12,17,EN ROUTE
2026-05-19 2:56,WS5127,Paris [CDG],2026-05-19 19:35,,,ARRIVéE
2026-05-19 2:56,SK9734,Paris [CDG],2026-05-19 19:35,,,PRéVU
2026-05-19 2:56,BT5615,Paris [CDG],2026-05-19 19:35,,,ARRIVéE
2026-05-19 2:56,AY6331,Paris [CDG],2026-05-19 19:35,,,ARRIVéE
2026-05-19 2:56,AM5855,Paris [CDG],2026-05-19 19:35,,,ARRIVéE
2026-05-19 2:56,U21922,Bruxelles [BRU],2026-05-19 19:35,,,PRéVU
2026-05-19 2:56,AF7438,Paris [CDG],2026-05-19 19:35,,,ARRIVéE
2026-05-19 2:56,U21641,Nice [NCE],2026-05-19 19:25,,,PRéVU
2026-05-19 3:26,U21872,Faro [FAO],2026-05-19 0:40,,,PRéVU
2026-05-19 3:26,V71346,Venise [VCE],2026-05-19 23:55,2026-05-19 23:39,-16,EN ROUTE
2026-05-19 3:26,QR3617,Barcelone [BCN],2026-05-19 23:45,,,PRéVU
2026-05-19 3:26,LL5271,Barcelone [BCN],2026-05-19 23:45,,,PRéVU
2026-05-19 3:26,LA5781,Barcelone [BCN],2026-05-19 23:45,,,PRéVU
2026-05-19 3:26,IB5694,Barcelone [BCN],2026-05-19 23:45,,,PRéVU
2026-05-19 3:26,VY2916,Barcelone [BCN],2026-05-19 23:45,,,PRéVU
2026-05-19 3:26,U21868,Prague [PRG],2026-05-19 23:30,,,PRéVU
2026-05-19 3:26,U21808,Marseille [MRS],2026-05-19 23:05,,,PRéVU
2026-05-19 3:26,U21858,Menorca [MAH],2026-05-19 23:00,,,PRéVU
2026-05-19 3:26,G35512,Amsterdam [AMS],2026-05-19 22:45,,,PRéVU
2026-05-19 3:26,SK6782,Amsterdam [AMS],2026-05-19 22:45,,,PRéVU
2026-05-19 3:26,MU1573,Amsterdam [AMS],2026-05-19 22:45,,,PRéVU
2026-05-19 3:26,KQ1319,Amsterdam [AMS],2026-05-19 22:45,,,PRéVU
2026-05-19 3:26,AF5193,Amsterdam [AMS],2026-05-19 22:45,,,PRéVU
2026-05-19 3:26,KL1447,Amsterdam [AMS],2026-05-19 22:45,,,PRéVU
2026-05-19 3:26,SK9730,Paris [CDG],2026-05-19 22:00,,,BOARDING
2026-05-19 3:26,MU1733,Paris [CDG],2026-05-19 22:00,,,BOARDING
2026-05-19 3:26,MK9010,Paris [CDG],2026-05-19 22:00,,,BOARDING
2026-05-19 3:26,BT5613,Paris [CDG],2026-05-19 22:00,,,BOARDING
2026-05-19 3:26,AY6303,Paris [CDG],2026-05-19 22:00,,,BOARDING
2026-05-19 3:26,AM5794,Paris [CDG],2026-05-19 22:00,,,BOARDING
2026-05-19 3:26,U24363,Lyon [LYS],2026-05-19 22:00,,,PRéVU
2026-05-19 3:26,AF7440,Paris [CDG],2026-05-19 22:00,,,BOARDING
2026-05-19 3:26,U22375,Luton [LTN],2026-05-19 21:40,2026-05-19 21:09,-31,EN ROUTE
2026-05-19 3:26,AF6138,Lyon [LYS],2026-05-19 21:35,,,PRéVU
2026-05-19 3:26,V72465,Madrid [MAD],2026-05-19 21:35,,,PRéVU
2026-05-19 3:26,U21617,Nice [NCE],2026-05-19 21:15,2026-05-19 21:00,-15,EN ROUTE
2026-05-19 3:26,U22769,Bristol [BRS],2026-05-19 21:05,,,PRéVU
2026-05-19 3:26,U21391,Genève [GVA],2026-05-19 20:55,,,EN ROUTE
2026-05-19 3:26,D83632,Copenhague [CPH],2026-05-19 20:50,2026-05-19 20:39,-11,EN ROUTE
2026-05-19 3:26,U23213,Édimbourg [EDI],2026-05-19 19:55,2026-05-19 20:12,17,EN ROUTE
2026-05-19 3:26,WS5127,Paris [CDG],2026-05-19 19:35,,,ARRIVéE
2026-05-19 3:26,SK9734,Paris [CDG],2026-05-19 19:35,,,PRéVU
2026-05-19 3:26,BT5615,Paris [CDG],2026-05-19 19:35,,,ARRIVéE
2026-05-19 3:26,AY6331,Paris [CDG],2026-05-19 19:35,,,ARRIVéE
2026-05-19 3:26,AM5855,Paris [CDG],2026-05-19 19:35,,,ARRIVéE
2026-05-19 3:26,U21922,Bruxelles [BRU],2026-05-19 19:35,,,PRéVU
2026-05-19 3:26,AF7438,Paris [CDG],2026-05-19 19:35,,,ARRIVéE
2026-05-19 3:26,U21641,Nice [NCE],2026-05-19 19:25,,,PRéVU
2026-05-19 3:56,U21872,Faro [FAO],2026-05-19 0:40,,,PRéVU
2026-05-19 3:56,V71346,Venise [VCE],2026-05-19 23:55,2026-05-19 23:39,-16,EN ROUTE
2026-05-19 3:56,QR3617,Barcelone [BCN],2026-05-19 23:45,,,PRéVU
2026-05-19 3:56,LL5271,Barcelone [BCN],2026-05-19 23:45,,,PRéVU
2026-05-19 3:56,LA5781,Barcelone [BCN],2026-05-19 23:45,,,PRéVU
2026-05-19 3:56,IB5694,Barcelone [BCN],2026-05-19 23:45,,,PRéVU
2026-05-19 3:56,VY2916,Barcelone [BCN],2026-05-19 23:45,,,PRéVU
2026-05-19 3:56,U21868,Prague [PRG],2026-05-19 23:30,,,PRéVU
2026-05-19 3:56,U21808,Marseille [MRS],2026-05-19 23:05,,,PRéVU
2026-05-19 3:56,U21858,Menorca [MAH],2026-05-19 23:00,,,PRéVU
2026-05-19 3:56,G35512,Amsterdam [AMS],2026-05-19 22:45,,,PRéVU
2026-05-19 3:56,SK6782,Amsterdam [AMS],2026-05-19 22:45,,,PRéVU
2026-05-19 3:56,MU1573,Amsterdam [AMS],2026-05-19 22:45,,,PRéVU
2026-05-19 3:56,KQ1319,Amsterdam [AMS],2026-05-19 22:45,,,PRéVU
2026-05-19 3:56,AF5193,Amsterdam [AMS],2026-05-19 22:45,,,PRéVU
2026-05-19 3:56,KL1447,Amsterdam [AMS],2026-05-19 22:45,,,PRéVU
2026-05-19 3:56,SK9730,Paris [CDG],2026-05-19 22:00,,,BOARDING
2026-05-19 3:56,MU1733,Paris [CDG],2026-05-19 22:00,,,BOARDING
2026-05-19 3:56,MK9010,Paris [CDG],2026-05-19 22:00,,,BOARDING
2026-05-19 3:56,BT5613,Paris [CDG],2026-05-19 22:00,,,BOARDING
2026-05-19 3:56,AY6303,Paris [CDG],2026-05-19 22:00,,,BOARDING
2026-05-19 3:56,AM5794,Paris [CDG],2026-05-19 22:00,,,BOARDING
2026-05-19 3:56,U24363,Lyon [LYS],2026-05-19 22:00,,,PRéVU
2026-05-19 3:56,AF7440,Paris [CDG],2026-05-19 22:00,,,BOARDING
2026-05-19 3:56,U22375,Luton [LTN],2026-05-19 21:40,2026-05-19 21:09,-31,EN ROUTE
2026-05-19 3:56,AF6138,Lyon [LYS],2026-05-19 21:35,,,PRéVU
2026-05-19 3:56,V72465,Madrid [MAD],2026-05-19 21:35,,,PRéVU
2026-05-19 3:56,U21617,Nice [NCE],2026-05-19 21:15,2026-05-19 21:00,-15,EN ROUTE
2026-05-19 3:56,U22769,Bristol [BRS],2026-05-19 21:05,,,PRéVU
2026-05-19 3:56,U21391,Genève [GVA],2026-05-19 20:55,,,EN ROUTE
2026-05-19 3:56,D83632,Copenhague [CPH],2026-05-19 20:50,2026-05-19 20:39,-11,EN ROUTE
2026-05-19 3:56,U23213,Édimbourg [EDI],2026-05-19 19:55,2026-05-19 20:12,17,EN ROUTE
2026-05-19 3:56,WS5127,Paris [CDG],2026-05-19 19:35,,,ARRIVéE
2026-05-19 3:56,SK9734,Paris [CDG],2026-05-19 19:35,,,PRéVU
2026-05-19 3:56,BT5615,Paris [CDG],2026-05-19 19:35,,,ARRIVéE
2026-05-19 3:56,AY6331,Paris [CDG],2026-05-19 19:35,,,ARRIVéE
2026-05-19 3:56,AM5855,Paris [CDG],2026-05-19 19:35,,,ARRIVéE
2026-05-19 3:56,U21922,Bruxelles [BRU],2026-05-19 19:35,,,PRéVU
2026-05-19 3:56,AF7438,Paris [CDG],2026-05-19 19:35,,,ARRIVéE
2026-05-19 3:56,U21641,Nice [NCE],2026-05-19 19:25,,,PRéVU
2026-05-19 4:26,U21872,Faro [FAO],2026-05-19 0:40,,,PRéVU
2026-05-19 4:26,V71346,Venise [VCE],2026-05-19 23:55,2026-05-19 23:39,-16,EN ROUTE
2026-05-19 4:26,QR3617,Barcelone [BCN],2026-05-19 23:45,,,PRéVU
2026-05-19 4:26,LL5271,Barcelone [BCN],2026-05-19 23:45,,,PRéVU
2026-05-19 4:26,LA5781,Barcelone [BCN],2026-05-19 23:45,,,PRéVU
2026-05-19 4:26,IB5694,Barcelone [BCN],2026-05-19 23:45,,,PRéVU
2026-05-19 4:26,VY2916,Barcelone [BCN],2026-05-19 23:45,,,PRéVU
2026-05-19 4:26,U21868,Prague [PRG],2026-05-19 23:30,,,PRéVU
2026-05-19 4:26,U21808,Marseille [MRS],2026-05-19 23:05,,,PRéVU
2026-05-19 4:26,U21858,Menorca [MAH],2026-05-19 23:00,,,PRéVU
2026-05-19 4:26,G35512,Amsterdam [AMS],2026-05-19 22:45,,,PRéVU
2026-05-19 4:26,SK6782,Amsterdam [AMS],2026-05-19 22:45,,,PRéVU
2026-05-19 4:26,MU1573,Amsterdam [AMS],2026-05-19 22:45,,,PRéVU
2026-05-19 4:26,KQ1319,Amsterdam [AMS],2026-05-19 22:45,,,PRéVU
2026-05-19 4:26,AF5193,Amsterdam [AMS],2026-05-19 22:45,,,PRéVU
2026-05-19 4:26,KL1447,Amsterdam [AMS],2026-05-19 22:45,,,PRéVU
2026-05-19 4:26,SK9730,Paris [CDG],2026-05-19 22:00,,,BOARDING
2026-05-19 4:26,MU1733,Paris [CDG],2026-05-19 22:00,,,BOARDING
2026-05-19 4:26,MK9010,Paris [CDG],2026-05-19 22:00,,,BOARDING
2026-05-19 4:26,BT5613,Paris [CDG],2026-05-19 22:00,,,BOARDING
2026-05-19 4:26,AY6303,Paris [CDG],2026-05-19 22:00,,,BOARDING
2026-05-19 4:26,AM5794,Paris [CDG],2026-05-19 22:00,,,BOARDING
2026-05-19 4:26,U24363,Lyon [LYS],2026-05-19 22:00,,,PRéVU
2026-05-19 4:26,AF7440,Paris [CDG],2026-05-19 22:00,,,BOARDING
2026-05-19 4:26,U22375,Luton [LTN],2026-05-19 21:40,2026-05-19 21:09,-31,EN ROUTE
2026-05-19 4:26,AF6138,Lyon [LYS],2026-05-19 21:35,,,PRéVU
2026-05-19 4:26,V72465,Madrid [MAD],2026-05-19 21:35,,,PRéVU
2026-05-19 4:26,U21617,Nice [NCE],2026-05-19 21:15,2026-05-19 21:00,-15,EN ROUTE
2026-05-19 4:26,U22769,Bristol [BRS],2026-05-19 21:05,,,PRéVU
2026-05-19 4:26,U21391,Genève [GVA],2026-05-19 20:55,,,EN ROUTE
2026-05-19 4:26,D83632,Copenhague [CPH],2026-05-19 20:50,2026-05-19 20:39,-11,EN ROUTE
2026-05-19 4:26,U23213,Édimbourg [EDI],2026-05-19 19:55,2026-05-19 20:12,17,EN ROUTE
2026-05-19 4:26,WS5127,Paris [CDG],2026-05-19 19:35,,,ARRIVéE
2026-05-19 4:26,SK9734,Paris [CDG],2026-05-19 19:35,,,PRéVU
2026-05-19 4:26,BT5615,Paris [CDG],2026-05-19 19:35,,,ARRIVéE
2026-05-19 4:26,AY6331,Paris [CDG],2026-05-19 19:35,,,ARRIVéE
2026-05-19 4:26,AM5855,Paris [CDG],2026-05-19 19:35,,,ARRIVéE
2026-05-19 4:26,U21922,Bruxelles [BRU],2026-05-19 19:35,,,PRéVU
2026-05-19 4:26,AF7438,Paris [CDG],2026-05-19 19:35,,,ARRIVéE
2026-05-19 4:26,U21641,Nice [NCE],2026-05-19 19:25,,,PRéVU
2026-05-19 4:56,U21872,Faro [FAO],2026-05-19 0:40,,,PRéVU
2026-05-19 4:56,V71346,Venise [VCE],2026-05-19 23:55,2026-05-19 23:39,-16,EN ROUTE
2026-05-19 4:56,QR3617,Barcelone [BCN],2026-05-19 23:45,,,PRéVU
2026-05-19 4:56,LL5271,Barcelone [BCN],2026-05-19 23:45,,,PRéVU
2026-05-19 4:56,LA5781,Barcelone [BCN],2026-05-19 23:45,,,PRéVU
2026-05-19 4:56,IB5694,Barcelone [BCN],2026-05-19 23:45,,,PRéVU
2026-05-19 4:56,VY2916,Barcelone [BCN],2026-05-19 23:45,,,PRéVU
2026-05-19 4:56,U21868,Prague [PRG],2026-05-19 23:30,,,PRéVU
2026-05-19 4:56,U21808,Marseille [MRS],2026-05-19 23:05,,,PRéVU
2026-05-19 4:56,U21858,Menorca [MAH],2026-05-19 23:00,,,PRéVU
2026-05-19 4:56,G35512,Amsterdam [AMS],2026-05-19 22:45,,,PRéVU
2026-05-19 4:56,SK6782,Amsterdam [AMS],2026-05-19 22:45,,,PRéVU
2026-05-19 4:56,MU1573,Amsterdam [AMS],2026-05-19 22:45,,,PRéVU
2026-05-19 4:56,KQ1319,Amsterdam [AMS],2026-05-19 22:45,,,PRéVU
2026-05-19 4:56,AF5193,Amsterdam [AMS],2026-05-19 22:45,,,PRéVU
2026-05-19 4:56,KL1447,Amsterdam [AMS],2026-05-19 22:45,,,PRéVU
2026-05-19 4:56,SK9730,Paris [CDG],2026-05-19 22:00,,,BOARDING
2026-05-19 4:56,MU1733,Paris [CDG],2026-05-19 22:00,,,BOARDING
2026-05-19 4:56,MK9010,Paris [CDG],2026-05-19 22:00,,,BOARDING
2026-05-19 4:56,BT5613,Paris [CDG],2026-05-19 22:00,,,BOARDING
2026-05-19 4:56,AY6303,Paris [CDG],2026-05-19 22:00,,,BOARDING
2026-05-19 4:56,AM5794,Paris [CDG],2026-05-19 22:00,,,BOARDING
2026-05-19 4:56,U24363,Lyon [LYS],2026-05-19 22:00,,,PRéVU
2026-05-19 4:56,AF7440,Paris [CDG],2026-05-19 22:00,,,BOARDING
2026-05-19 4:56,U22375,Luton [LTN],2026-05-19 21:40,2026-05-19 21:09,-31,EN ROUTE
2026-05-19 4:56,AF6138,Lyon [LYS],2026-05-19 21:35,,,PRéVU
2026-05-19 4:56,V72465,Madrid [MAD],2026-05-19 21:35,,,PRéVU
2026-05-19 4:56,U21617,Nice [NCE],2026-05-19 21:15,2026-05-19 21:00,-15,EN ROUTE
2026-05-19 4:56,U22769,Bristol [BRS],2026-05-19 21:05,,,PRéVU
2026-05-19 4:56,U21391,Genève [GVA],2026-05-19 20:55,,,EN ROUTE
2026-05-19 4:56,D83632,Copenhague [CPH],2026-05-19 20:50,2026-05-19 20:39,-11,EN ROUTE
2026-05-19 4:56,U23213,Édimbourg [EDI],2026-05-19 19:55,2026-05-19 20:12,17,EN ROUTE
2026-05-19 4:56,WS5127,Paris [CDG],2026-05-19 19:35,,,ARRIVéE
2026-05-19 4:56,SK9734,Paris [CDG],2026-05-19 19:35,,,PRéVU
2026-05-19 4:56,BT5615,Paris [CDG],2026-05-19 19:35,,,ARRIVéE
2026-05-19 4:56,AY6331,Paris [CDG],2026-05-19 19:35,,,ARRIVéE
2026-05-19 4:56,AM5855,Paris [CDG],2026-05-19 19:35,,,ARRIVéE
2026-05-19 4:56,U21922,Bruxelles [BRU],2026-05-19 19:35,,,PRéVU
2026-05-19 4:56,AF7438,Paris [CDG],2026-05-19 19:35,,,ARRIVéE
2026-05-19 4:56,U21641,Nice [NCE],2026-05-19 19:25,,,PRéVU
2026-05-19 5:26,U21872,Faro [FAO],2026-05-19 0:40,,,PRéVU
2026-05-19 5:26,V71346,Venise [VCE],2026-05-19 23:55,2026-05-19 23:39,-16,EN ROUTE
2026-05-19 5:26,QR3617,Barcelone [BCN],2026-05-19 23:45,,,PRéVU
2026-05-19 5:26,LL5271,Barcelone [BCN],2026-05-19 23:45,,,PRéVU
2026-05-19 5:26,LA5781,Barcelone [BCN],2026-05-19 23:45,,,PRéVU
2026-05-19 5:26,IB5694,Barcelone [BCN],2026-05-19 23:45,,,PRéVU
2026-05-19 5:26,VY2916,Barcelone [BCN],2026-05-19 23:45,,,PRéVU
2026-05-19 5:26,U21868,Prague [PRG],2026-05-19 23:30,,,PRéVU
2026-05-19 5:26,U21808,Marseille [MRS],2026-05-19 23:05,,,PRéVU
2026-05-19 5:26,U21858,Menorca [MAH],2026-05-19 23:00,,,PRéVU
2026-05-19 5:26,G35512,Amsterdam [AMS],2026-05-19 22:45,,,PRéVU
2026-05-19 5:26,SK6782,Amsterdam [AMS],2026-05-19 22:45,,,PRéVU
2026-05-19 5:26,MU1573,Amsterdam [AMS],2026-05-19 22:45,,,PRéVU
2026-05-19 5:26,KQ1319,Amsterdam [AMS],2026-05-19 22:45,,,PRéVU
2026-05-19 5:26,AF5193,Amsterdam [AMS],2026-05-19 22:45,,,PRéVU
2026-05-19 5:26,KL1447,Amsterdam [AMS],2026-05-19 22:45,,,PRéVU
2026-05-19 5:26,SK9730,Paris [CDG],2026-05-19 22:00,,,BOARDING
2026-05-19 5:26,MU1733,Paris [CDG],2026-05-19 22:00,,,BOARDING
2026-05-19 5:26,MK9010,Paris [CDG],2026-05-19 22:00,,,BOARDING
2026-05-19 5:26,BT5613,Paris [CDG],2026-05-19 22:00,,,BOARDING
2026-05-19 5:26,AY6303,Paris [CDG],2026-05-19 22:00,,,BOARDING
2026-05-19 5:26,AM5794,Paris [CDG],2026-05-19 22:00,,,BOARDING
2026-05-19 5:26,U24363,Lyon [LYS],2026-05-19 22:00,,,PRéVU
2026-05-19 5:26,AF7440,Paris [CDG],2026-05-19 22:00,,,BOARDING
2026-05-19 5:26,U22375,Luton [LTN],2026-05-19 21:40,2026-05-19 21:09,-31,EN ROUTE
2026-05-19 5:26,AF6138,Lyon [LYS],2026-05-19 21:35,,,PRéVU
2026-05-19 5:26,V72465,Madrid [MAD],2026-05-19 21:35,,,PRéVU
2026-05-19 5:26,U21617,Nice [NCE],2026-05-19 21:15,2026-05-19 21:00,-15,EN ROUTE
2026-05-19 5:26,U22769,Bristol [BRS],2026-05-19 21:05,,,PRéVU
2026-05-19 5:26,U21391,Genève [GVA],2026-05-19 20:55,,,EN ROUTE
2026-05-19 5:26,D83632,Copenhague [CPH],2026-05-19 20:50,2026-05-19 20:39,-11,EN ROUTE
2026-05-19 5:26,U23213,Édimbourg [EDI],2026-05-19 19:55,2026-05-19 20:12,17,EN ROUTE
2026-05-19 5:26,WS5127,Paris [CDG],2026-05-19 19:35,,,ARRIVéE
2026-05-19 5:26,SK9734,Paris [CDG],2026-05-19 19:35,,,PRéVU
2026-05-19 5:26,BT5615,Paris [CDG],2026-05-19 19:35,,,ARRIVéE
2026-05-19 5:26,AY6331,Paris [CDG],2026-05-19 19:35,,,ARRIVéE
2026-05-19 5:26,AM5855,Paris [CDG],2026-05-19 19:35,,,ARRIVéE
2026-05-19 5:26,U21922,Bruxelles [BRU],2026-05-19 19:35,,,PRéVU
2026-05-19 5:26,AF7438,Paris [CDG],2026-05-19 19:35,,,ARRIVéE
2026-05-19 5:26,U21641,Nice [NCE],2026-05-19 19:25,,,PRéVU
2026-05-19 5:56,U21872,Faro [FAO],2026-05-19 0:40,,,PRéVU
2026-05-19 5:56,V71346,Venise [VCE],2026-05-19 23:55,2026-05-19 23:39,-16,EN ROUTE
2026-05-19 5:56,QR3617,Barcelone [BCN],2026-05-19 23:45,,,PRéVU
2026-05-19 5:56,LL5271,Barcelone [BCN],2026-05-19 23:45,,,PRéVU
2026-05-19 5:56,LA5781,Barcelone [BCN],2026-05-19 23:45,,,PRéVU
2026-05-19 5:56,IB5694,Barcelone [BCN],2026-05-19 23:45,,,PRéVU
2026-05-19 5:56,VY2916,Barcelone [BCN],2026-05-19 23:45,,,PRéVU
2026-05-19 5:56,U21868,Prague [PRG],2026-05-19 23:30,,,PRéVU
2026-05-19 5:56,U21808,Marseille [MRS],2026-05-19 23:05,,,PRéVU
2026-05-19 5:56,U21858,Menorca [MAH],2026-05-19 23:00,,,PRéVU
2026-05-19 5:56,G35512,Amsterdam [AMS],2026-05-19 22:45,,,PRéVU
2026-05-19 5:56,SK6782,Amsterdam [AMS],2026-05-19 22:45,,,PRéVU
2026-05-19 5:56,MU1573,Amsterdam [AMS],2026-05-19 22:45,,,PRéVU
2026-05-19 5:56,KQ1319,Amsterdam [AMS],2026-05-19 22:45,,,PRéVU
2026-05-19 5:56,AF5193,Amsterdam [AMS],2026-05-19 22:45,,,PRéVU
2026-05-19 5:56,KL1447,Amsterdam [AMS],2026-05-19 22:45,,,PRéVU
2026-05-19 5:56,SK9730,Paris [CDG],2026-05-19 22:00,,,BOARDING
2026-05-19 5:56,MU1733,Paris [CDG],2026-05-19 22:00,,,BOARDING
2026-05-19 5:56,MK9010,Paris [CDG],2026-05-19 22:00,,,BOARDING
2026-05-19 5:56,BT5613,Paris [CDG],2026-05-19 22:00,,,BOARDING
2026-05-19 5:56,AY6303,Paris [CDG],2026-05-19 22:00,,,BOARDING
2026-05-19 5:56,AM5794,Paris [CDG],2026-05-19 22:00,,,BOARDING
2026-05-19 5:56,U24363,Lyon [LYS],2026-05-19 22:00,,,PRéVU
2026-05-19 5:56,AF7440,Paris [CDG],2026-05-19 22:00,,,BOARDING
2026-05-19 5:56,U22375,Luton [LTN],2026-05-19 21:40,2026-05-19 21:09,-31,EN ROUTE
2026-05-19 5:56,AF6138,Lyon [LYS],2026-05-19 21:35,,,PRéVU
2026-05-19 5:56,V72465,Madrid [MAD],2026-05-19 21:35,,,PRéVU
2026-05-19 5:56,U21617,Nice [NCE],2026-05-19 21:15,2026-05-19 21:00,-15,EN ROUTE
2026-05-19 5:56,U22769,Bristol [BRS],2026-05-19 21:05,,,PRéVU
2026-05-19 5:56,U21391,Genève [GVA],2026-05-19 20:55,,,EN ROUTE
2026-05-19 5:56,D83632,Copenhague [CPH],2026-05-19 20:50,2026-05-19 20:39,-11,EN ROUTE
2026-05-19 5:56,U23213,Édimbourg [EDI],2026-05-19 19:55,2026-05-19 20:12,17,EN ROUTE
2026-05-19 5:56,WS5127,Paris [CDG],2026-05-19 19:35,,,ARRIVéE
2026-05-19 5:56,SK9734,Paris [CDG],2026-05-19 19:35,,,PRéVU
2026-05-19 5:56,BT5615,Paris [CDG],2026-05-19 19:35,,,ARRIVéE
2026-05-19 5:56,AY6331,Paris [CDG],2026-05-19 19:35,,,ARRIVéE
2026-05-19 5:56,AM5855,Paris [CDG],2026-05-19 19:35,,,ARRIVéE
2026-05-19 5:56,U21922,Bruxelles [BRU],2026-05-19 19:35,,,PRéVU
2026-05-19 5:56,AF7438,Paris [CDG],2026-05-19 19:35,,,ARRIVéE
2026-05-19 5:56,U21641,Nice [NCE],2026-05-19 19:25,,,PRéVU
2026-05-19 6:26,DJ6316,Paris [CDG],2026-05-19 6:20,,,PRéVU
2026-05-19 6:56,DJ6316,Paris [CDG],2026-05-19 6:20,,,PRéVU
2026-05-19 7:26,BCS95W,Bruxelles [BRU],2026-05-19 7:06,,,PRéVU
2026-05-19 7:56,BCS95W,Bruxelles [BRU],2026-05-19 7:06,,,PRéVU
2026-05-19 8:26,W46769,Venise [VCE],2026-05-19 8:10,,,PRéVU
2026-05-19 8:26,W46199,Rome [FCO],2026-05-19 8:15,,,PRéVU
2026-05-19 8:26,IB1199,Madrid [MAD],2026-05-19 8:35,,,PRéVU
2026-05-19 8:26,AA8621,Madrid [MAD],2026-05-19 8:35,,,PRéVU
2026-05-19 8:26,QR7248,Madrid [MAD],2026-05-19 8:35,,,PRéVU
2026-05-19 8:26,VY5510,Madrid [MAD],2026-05-19 8:35,,,PRéVU
2026-05-19 8:26,U23803,Milan [MXP],2026-05-19 8:45,,,PRéVU
2026-05-19 8:56,W46769,Venise [VCE],2026-05-19 8:10,,,PRéVU
2026-05-19 8:56,W46199,Rome [FCO],2026-05-19 8:15,,,PRéVU
2026-05-19 8:56,IB1199,Madrid [MAD],2026-05-19 8:35,,,PRéVU
2026-05-19 8:56,AA8621,Madrid [MAD],2026-05-19 8:35,,,PRéVU
2026-05-19 8:56,QR7248,Madrid [MAD],2026-05-19 8:35,,,PRéVU
2026-05-19 8:56,VY5510,Madrid [MAD],2026-05-19 8:35,,,PRéVU
2026-05-19 8:56,U23803,Milan [MXP],2026-05-19 8:45,,,PRéVU
2026-05-19 9:26,AF7430,Paris [CDG],2026-05-19 9:00,,,PRéVU
2026-05-19 9:26,AM5985,Paris [CDG],2026-05-19 9:00,,,PRéVU
2026-05-19 9:26,DL8382,Paris [CDG],2026-05-19 9:00,,,PRéVU
2026-05-19 9:26,AF6132,Lyon [LYS],2026-05-19 9:45,,,PRéVU
2026-05-19 9:26,BGA292C,Toulouse [TLS],2026-05-19 9:45,,,PRéVU
2026-05-19 9:26,NAK503D,Muret [QFB],2026-05-19 9:46,,,PRéVU
2026-05-19 9:26,V72467,Florence [FLR],2026-05-19 9:55,,,PRéVU
2026-05-19 9:26,LX3606,Francfort [FRA],2026-05-19 9:55,,,PRéVU
2026-05-19 9:26,LH1070,Francfort [FRA],2026-05-19 9:55,,,PRéVU
2026-05-19 9:26,U21816,Lyon [LYS],2026-05-19 9:55,,,PRéVU
2026-05-19 9:56,AF7430,Paris [CDG],2026-05-19 9:00,,,PRéVU
2026-05-19 9:56,AM5985,Paris [CDG],2026-05-19 9:00,,,PRéVU
2026-05-19 9:56,DL8382,Paris [CDG],2026-05-19 9:00,,,PRéVU
2026-05-19 9:56,AF6132,Lyon [LYS],2026-05-19 9:45,,,PRéVU
2026-05-19 9:56,BGA292C,Toulouse [TLS],2026-05-19 9:45,,,PRéVU
2026-05-19 9:56,NAK503D,Muret [QFB],2026-05-19 9:46,,,PRéVU
2026-05-19 9:56,V72467,Florence [FLR],2026-05-19 9:55,,,PRéVU
2026-05-19 9:56,LX3606,Francfort [FRA],2026-05-19 9:55,,,PRéVU
2026-05-19 9:56,LH1070,Francfort [FRA],2026-05-19 9:55,,,PRéVU
2026-05-19 9:56,U21816,Lyon [LYS],2026-05-19 9:55,,,PRéVU
2026-05-19 10:26,U21804,Marseille [MRS],2026-05-19 10:00,,,PRéVU
2026-05-19 10:26,TK1389,Istanbul [IST],2026-05-19 10:10,,,PRéVU
2026-05-19 10:26,TG9110,Istanbul [IST],2026-05-19 10:10,,,PRéVU
2026-05-19 10:26,DWW863,Memmingen [FMM],2026-05-19 10:35,,,PRéVU
2026-05-19 10:26,BA2570,Londres [LGW],2026-05-19 10:45,,,PRéVU
2026-05-19 10:26,U27607,Lisbonne [LIS],2026-05-19 10:45,,,PRéVU
2026-05-19 10:26,QR6242,Londres [LGW],2026-05-19 10:45,,,PRéVU
2026-05-19 10:26,NJE970A,Saint-Sébastien [EAS],2026-05-19 10:58,,,PRéVU
2026-05-19 10:56,U21804,Marseille [MRS],2026-05-19 10:00,,,PRéVU
2026-05-19 10:56,TK1389,Istanbul [IST],2026-05-19 10:10,,,PRéVU
2026-05-19 10:56,TG9110,Istanbul [IST],2026-05-19 10:10,,,PRéVU
2026-05-19 10:56,DWW863,Memmingen [FMM],2026-05-19 10:35,,,PRéVU
2026-05-19 10:56,BA2570,Londres [LGW],2026-05-19 10:45,,,PRéVU
2026-05-19 10:56,U27607,Lisbonne [LIS],2026-05-19 10:45,,,PRéVU
2026-05-19 10:56,QR6242,Londres [LGW],2026-05-19 10:45,,,PRéVU
2026-05-19 10:56,NJE970A,Saint-Sébastien [EAS],2026-05-19 10:58,,,PRéVU
2026-05-19 11:26,U28381,Londres [LGW],2026-05-19 11:00,,,PRéVU
2026-05-19 11:26,AF7432,Paris [CDG],2026-05-19 11:00,,,PRéVU
2026-05-19 11:26,AM5722,Paris [CDG],2026-05-19 11:00,,,PRéVU
2026-05-19 11:26,DL8381,Paris [CDG],2026-05-19 11:00,,,PRéVU
2026-05-19 11:26,MK9012,Paris [CDG],2026-05-19 11:00,,,PRéVU
2026-05-19 11:26,MU1537,Paris [CDG],2026-05-19 11:00,,,PRéVU
2026-05-19 11:26,SK9736,Paris [CDG],2026-05-19 11:00,,,PRéVU
2026-05-19 11:26,VN3238,Paris [CDG],2026-05-19 11:00,,,PRéVU
2026-05-19 11:26,KL1441,Amsterdam [AMS],2026-05-19 11:05,,,PRéVU
2026-05-19 11:26,AF8287,Amsterdam [AMS],2026-05-19 11:05,,,PRéVU
2026-05-19 11:26,DL9624,Amsterdam [AMS],2026-05-19 11:05,,,PRéVU
2026-05-19 11:26,KQ1315,Amsterdam [AMS],2026-05-19 11:05,,,PRéVU
2026-05-19 11:26,MU1571,Amsterdam [AMS],2026-05-19 11:05,,,PRéVU
2026-05-19 11:26,SK6776,Amsterdam [AMS],2026-05-19 11:05,,,PRéVU
2026-05-19 11:26,V72439,Alger [ALG],2026-05-19 11:45,,,PRéVU
2026-05-19 11:26,U21906,Marrakech [RAK],2026-05-19 11:55,,,PRéVU
2026-05-19 11:56,U28381,Londres [LGW],2026-05-19 11:00,,,PRéVU
2026-05-19 11:56,AF7432,Paris [CDG],2026-05-19 11:00,,,PRéVU
2026-05-19 11:56,AM5722,Paris [CDG],2026-05-19 11:00,,,PRéVU
2026-05-19 11:56,DL8381,Paris [CDG],2026-05-19 11:00,,,PRéVU
2026-05-19 11:56,MK9012,Paris [CDG],2026-05-19 11:00,,,PRéVU
2026-05-19 11:56,MU1537,Paris [CDG],2026-05-19 11:00,,,PRéVU
2026-05-19 11:56,SK9736,Paris [CDG],2026-05-19 11:00,,,PRéVU
2026-05-19 11:56,VN3238,Paris [CDG],2026-05-19 11:00,,,PRéVU
2026-05-19 11:56,KL1441,Amsterdam [AMS],2026-05-19 11:05,,,PRéVU
2026-05-19 11:56,AF8287,Amsterdam [AMS],2026-05-19 11:05,,,PRéVU
2026-05-19 11:56,DL9624,Amsterdam [AMS],2026-05-19 11:05,,,PRéVU
2026-05-19 11:56,KQ1315,Amsterdam [AMS],2026-05-19 11:05,,,PRéVU
2026-05-19 11:56,MU1571,Amsterdam [AMS],2026-05-19 11:05,,,PRéVU
2026-05-19 11:56,SK6776,Amsterdam [AMS],2026-05-19 11:05,,,PRéVU
2026-05-19 11:56,V72439,Alger [ALG],2026-05-19 11:45,,,PRéVU
2026-05-19 11:56,U21906,Marrakech [RAK],2026-05-19 11:55,,,PRéVU
2026-05-19 12:26,ZEROG,Bordeaux [BOD],2026-05-19 12:08,,,PRéVU
2026-05-19 12:26,VY2912,Barcelone [BCN],2026-05-19 12:20,,,PRéVU
2026-05-19 12:26,IB5437,Barcelone [BCN],2026-05-19 12:20,,,PRéVU
2026-05-19 12:26,LL5267,Barcelone [BCN],2026-05-19 12:20,,,PRéVU
2026-05-19 12:26,QR3556,Barcelone [BCN],2026-05-19 12:20,,,PRéVU
2026-05-19 12:26,ECA4AB,Genève [GVA],2026-05-19 12:32,,,PRéVU
2026-05-19 12:26,U21389,Genève [GVA],2026-05-19 12:45,,,PRéVU
2026-05-19 12:26,EI504,Dublin [DUB],2026-05-19 12:55,,,PRéVU
2026-05-19 12:26,AA7999,Dublin [DUB],2026-05-19 12:55,,,PRéVU
2026-05-19 12:26,QR8239,Dublin [DUB],2026-05-19 12:55,,,PRéVU
2026-05-19 12:56,ZEROG,Bordeaux [BOD],2026-05-19 12:08,,,PRéVU
2026-05-19 12:56,VY2912,Barcelone [BCN],2026-05-19 12:20,,,PRéVU
2026-05-19 12:56,IB5437,Barcelone [BCN],2026-05-19 12:20,,,PRéVU
2026-05-19 12:56,LL5267,Barcelone [BCN],2026-05-19 12:20,,,PRéVU
2026-05-19 12:56,QR3556,Barcelone [BCN],2026-05-19 12:20,,,PRéVU
2026-05-19 12:56,ECA4AB,Genève [GVA],2026-05-19 12:32,,,PRéVU
2026-05-19 12:56,U21389,Genève [GVA],2026-05-19 12:45,,,PRéVU
2026-05-19 12:56,EI504,Dublin [DUB],2026-05-19 12:55,,,PRéVU
2026-05-19 12:56,AA7999,Dublin [DUB],2026-05-19 12:55,,,PRéVU
2026-05-19 12:56,QR8239,Dublin [DUB],2026-05-19 12:55,,,PRéVU
2026-05-19 13:26,AF7434,Paris [CDG],2026-05-19 13:15,,,PRéVU
2026-05-19 13:26,AM5793,Paris [CDG],2026-05-19 13:15,,,PRéVU
2026-05-19 13:26,AY6361,Paris [CDG],2026-05-19 13:15,,,PRéVU
2026-05-19 13:26,BT5619,Paris [CDG],2026-05-19 13:15,,,PRéVU
2026-05-19 13:26,DL8391,Paris [CDG],2026-05-19 13:15,,,PRéVU
2026-05-19 13:26,MK9016,Paris [CDG],2026-05-19 13:15,,,PRéVU
2026-05-19 13:26,SK9733,Paris [CDG],2026-05-19 13:15,,,PRéVU
2026-05-19 13:26,VN3240,Paris [CDG],2026-05-19 13:15,,,PRéVU
2026-05-19 13:26,AF6134,Lyon [LYS],2026-05-19 13:40,,,PRéVU
2026-05-19 13:56,AF7434,Paris [CDG],2026-05-19 13:15,,,PRéVU
2026-05-19 13:56,AM5793,Paris [CDG],2026-05-19 13:15,,,PRéVU
2026-05-19 13:56,AY6361,Paris [CDG],2026-05-19 13:15,,,PRéVU
2026-05-19 13:56,BT5619,Paris [CDG],2026-05-19 13:15,,,PRéVU
2026-05-19 13:56,DL8391,Paris [CDG],2026-05-19 13:15,,,PRéVU
2026-05-19 13:56,MK9016,Paris [CDG],2026-05-19 13:15,,,PRéVU
2026-05-19 13:56,SK9733,Paris [CDG],2026-05-19 13:15,,,PRéVU
2026-05-19 13:56,VN3240,Paris [CDG],2026-05-19 13:15,,,PRéVU
2026-05-19 13:56,AF6134,Lyon [LYS],2026-05-19 13:40,,,PRéVU
2026-05-19 14:26,U21826,Nice [NCE],2026-05-19 14:05,,,PRéVU
2026-05-19 14:26,U21818,Lyon [LYS],2026-05-19 14:30,,,PRéVU
2026-05-19 14:56,U21826,Nice [NCE],2026-05-19 14:05,,,PRéVU
2026-05-19 14:56,U21818,Lyon [LYS],2026-05-19 14:30,,,PRéVU
2026-05-19 15:26,V73842,Malaga [AGP],2026-05-19 15:00,,,PRéVU
2026-05-19 15:26,EI818,Cork [ORK],2026-05-19 15:10,,,PRéVU
2026-05-19 15:26,LEJ330,Munich [MUC],2026-05-19 15:11,,,PRéVU
2026-05-19 15:26,U27301,Palma de Mallorca [PMI],2026-05-19 15:50,2026-05-19 15:39,-11,EN ROUTE
2026-05-19 15:26,EC7301,Palma de Mallorca [PMI],2026-05-19 15:50,,,PRéVU
2026-05-19 15:56,V73842,Malaga [AGP],2026-05-19 15:00,,,PRéVU
2026-05-19 15:56,EI818,Cork [ORK],2026-05-19 15:10,,,PRéVU
2026-05-19 15:56,LEJ330,Munich [MUC],2026-05-19 15:11,,,PRéVU
2026-05-19 15:56,U27301,Palma de Mallorca [PMI],2026-05-19 15:50,2026-05-19 15:39,-11,EN ROUTE
2026-05-19 15:56,EC7301,Palma de Mallorca [PMI],2026-05-19 15:50,,,PRéVU
2026-05-19 16:26,U22423,Luton [LTN],2026-05-19 16:15,,,PRéVU
2026-05-19 16:26,U22769,Bristol [BRS],2026-05-19 16:15,,,PRéVU
2026-05-19 16:26,KL1445,Amsterdam [AMS],2026-05-19 16:20,,,PRéVU
2026-05-19 16:26,AF8293,Amsterdam [AMS],2026-05-19 16:20,,,PRéVU
2026-05-19 16:26,DL9160,Amsterdam [AMS],2026-05-19 16:20,,,PRéVU
2026-05-19 16:26,KQ1317,Amsterdam [AMS],2026-05-19 16:20,,,PRéVU
2026-05-19 16:26,SK6780,Amsterdam [AMS],2026-05-19 16:20,,,PRéVU
2026-05-19 16:26,WS5212,Amsterdam [AMS],2026-05-19 16:20,,,PRéVU
2026-05-19 16:26,U21641,Nice [NCE],2026-05-19 16:35,,,PRéVU
2026-05-19 16:26,V72611,Strasbourg [SXB],2026-05-19 16:55,,,PRéVU
2026-05-19 16:56,U22423,Luton [LTN],2026-05-19 16:15,,,PRéVU
2026-05-19 16:56,U22769,Bristol [BRS],2026-05-19 16:15,,,PRéVU
2026-05-19 16:56,KL1445,Amsterdam [AMS],2026-05-19 16:20,,,PRéVU
2026-05-19 16:56,AF8293,Amsterdam [AMS],2026-05-19 16:20,,,PRéVU
2026-05-19 16:56,DL9160,Amsterdam [AMS],2026-05-19 16:20,,,PRéVU
2026-05-19 16:56,KQ1317,Amsterdam [AMS],2026-05-19 16:20,,,PRéVU
2026-05-19 16:56,SK6780,Amsterdam [AMS],2026-05-19 16:20,,,PRéVU
2026-05-19 16:56,WS5212,Amsterdam [AMS],2026-05-19 16:20,,,PRéVU
2026-05-19 16:56,U21641,Nice [NCE],2026-05-19 16:35,,,PRéVU
2026-05-19 16:56,V72611,Strasbourg [SXB],2026-05-19 16:55,,,PRéVU
2026-05-19 17:26,IB1203,Madrid [MAD],2026-05-19 17:25,,,PRéVU
2026-05-19 17:26,AA8623,Madrid [MAD],2026-05-19 17:25,,,PRéVU
2026-05-19 17:26,CX1874,Madrid [MAD],2026-05-19 17:25,,,PRéVU
2026-05-19 17:26,LA1689,Madrid [MAD],2026-05-19 17:25,,,PRéVU
2026-05-19 17:26,QR5375,Madrid [MAD],2026-05-19 17:25,,,PRéVU
2026-05-19 17:26,VY5514,Madrid [MAD],2026-05-19 17:25,,,PRéVU
2026-05-19 17:26,BJ718,Tunis [TUN],2026-05-19 17:30,,,PRéVU
2026-05-19 17:26,V72765,Oran [ORN],2026-05-19 17:35,,,PRéVU
2026-05-19 17:26,AF6136,Lyon [LYS],2026-05-19 17:40,,,PRéVU
2026-05-19 17:26,VY2914,Barcelone [BCN],2026-05-19 17:45,,,PRéVU
2026-05-19 17:26,IB5439,Barcelone [BCN],2026-05-19 17:45,,,PRéVU
2026-05-19 17:26,LA5758,Barcelone [BCN],2026-05-19 17:45,,,PRéVU
2026-05-19 17:26,LL5269,Barcelone [BCN],2026-05-19 17:45,,,PRéVU
2026-05-19 17:26,QR3524,Barcelone [BCN],2026-05-19 17:45,,,PRéVU
2026-05-19 17:26,LH2258,Munich [MUC],2026-05-19 17:50,,,PRéVU
2026-05-19 17:56,IB1203,Madrid [MAD],2026-05-19 17:25,,,PRéVU
2026-05-19 17:56,AA8623,Madrid [MAD],2026-05-19 17:25,,,PRéVU
2026-05-19 17:56,CX1874,Madrid [MAD],2026-05-19 17:25,,,PRéVU
2026-05-19 17:56,LA1689,Madrid [MAD],2026-05-19 17:25,,,PRéVU
2026-05-19 17:56,QR5375,Madrid [MAD],2026-05-19 17:25,,,PRéVU
2026-05-19 17:56,VY5514,Madrid [MAD],2026-05-19 17:25,,,PRéVU
2026-05-19 17:56,BJ718,Tunis [TUN],2026-05-19 17:30,,,PRéVU
2026-05-19 17:56,V72765,Oran [ORN],2026-05-19 17:35,,,PRéVU
2026-05-19 17:56,AF6136,Lyon [LYS],2026-05-19 17:40,,,PRéVU
2026-05-19 17:56,VY2914,Barcelone [BCN],2026-05-19 17:45,,,PRéVU
2026-05-19 17:56,IB5439,Barcelone [BCN],2026-05-19 17:45,,,PRéVU
2026-05-19 17:56,LA5758,Barcelone [BCN],2026-05-19 17:45,,,PRéVU
2026-05-19 17:56,LL5269,Barcelone [BCN],2026-05-19 17:45,,,PRéVU
2026-05-19 17:56,QR3524,Barcelone [BCN],2026-05-19 17:45,,,PRéVU
2026-05-19 17:56,LH2258,Munich [MUC],2026-05-19 17:50,,,PRéVU
2026-05-19 18:26,AF7436,Paris [CDG],2026-05-19 18:10,,,EN ROUTE
2026-05-19 18:26,AM5854,Paris [CDG],2026-05-19 18:10,,,PRéVU
2026-05-19 18:26,AR7824,Paris [CDG],2026-05-19 18:10,,,PRéVU
2026-05-19 18:26,AY6327,Paris [CDG],2026-05-19 18:10,,,PRéVU
2026-05-19 18:26,DL8490,Paris [CDG],2026-05-19 18:10,,,PRéVU
2026-05-19 18:26,MK9018,Paris [CDG],2026-05-19 18:10,,,PRéVU
2026-05-19 18:26,MU1867,Paris [CDG],2026-05-19 18:10,,,PRéVU
2026-05-19 18:26,SK9732,Paris [CDG],2026-05-19 18:10,,,PRéVU
2026-05-19 18:26,WS5126,Paris [CDG],2026-05-19 18:10,,,PRéVU
2026-05-19 18:26,U21876,Porto [OPO],2026-05-19 18:35,,,EN ROUTE
2026-05-19 18:26,U21934,Essaouira [ESU],2026-05-19 18:45,,,PRéVU
2026-05-19 18:56,AF7436,Paris [CDG],2026-05-19 18:10,,,EN ROUTE
2026-05-19 18:56,AM5854,Paris [CDG],2026-05-19 18:10,,,PRéVU
2026-05-19 18:56,AR7824,Paris [CDG],2026-05-19 18:10,,,PRéVU
2026-05-19 18:56,AY6327,Paris [CDG],2026-05-19 18:10,,,PRéVU
2026-05-19 18:56,DL8490,Paris [CDG],2026-05-19 18:10,,,PRéVU
2026-05-19 18:56,MK9018,Paris [CDG],2026-05-19 18:10,,,PRéVU
2026-05-19 18:56,MU1867,Paris [CDG],2026-05-19 18:10,,,PRéVU
2026-05-19 18:56,SK9732,Paris [CDG],2026-05-19 18:10,,,PRéVU
2026-05-19 18:56,WS5126,Paris [CDG],2026-05-19 18:10,,,PRéVU
2026-05-19 18:56,U21876,Porto [OPO],2026-05-19 18:35,,,EN ROUTE
2026-05-19 18:56,U21934,Essaouira [ESU],2026-05-19 18:45,,,ARRIVéE
2026-05-19 19:26,AH1190,Alger [ALG],2026-05-19 19:00,2026-05-19 19:01,1,EN ROUTE
2026-05-19 19:26,LX552,Zurich [ZRH],2026-05-19 19:00,2026-05-19 19:11,11,EN ROUTE
2026-05-19 19:26,AT798,Casablanca [CMN],2026-05-19 19:05,2026-05-19 19:00,-5,EN ROUTE
2026-05-19 19:26,U21908,Marrakech [RAK],2026-05-19 19:05,2026-05-19 19:00,-5,EN ROUTE
2026-05-19 19:26,AF7438,Paris [CDG],2026-05-19 19:35,2026-05-19 19:25,-10,EN ROUTE
2026-05-19 19:26,AM5855,Paris [CDG],2026-05-19 19:35,2026-05-19 19:25,-10,EN ROUTE
2026-05-19 19:26,AY6331,Paris [CDG],2026-05-19 19:35,2026-05-19 19:25,-10,EN ROUTE
2026-05-19 19:26,BT5615,Paris [CDG],2026-05-19 19:35,2026-05-19 19:25,-10,EN ROUTE
2026-05-19 19:26,WS5127,Paris [CDG],2026-05-19 19:35,2026-05-19 19:25,-10,EN ROUTE
2026-05-19 19:26,V72447,Napoli [NAP],2026-05-19 19:40,2026-05-19 19:21,-19,EN ROUTE
2026-05-19 19:26,V72433,Figari [FSC],2026-05-19 19:50,2026-05-19 19:38,-12,EN ROUTE
2026-05-19 19:56,AH1190,Alger [ALG],2026-05-19 19:00,2026-05-19 19:01,1,EN ROUTE
2026-05-19 19:56,LX552,Zurich [ZRH],2026-05-19 19:00,2026-05-19 19:11,11,EN ROUTE
2026-05-19 19:56,AT798,Casablanca [CMN],2026-05-19 19:05,2026-05-19 19:00,-5,EN ROUTE
2026-05-19 19:56,U21908,Marrakech [RAK],2026-05-19 19:05,2026-05-19 19:00,-5,EN ROUTE
2026-05-19 19:56,AF7438,Paris [CDG],2026-05-19 19:35,2026-05-19 19:25,-10,EN ROUTE
2026-05-19 19:56,AM5855,Paris [CDG],2026-05-19 19:35,2026-05-19 19:25,-10,EN ROUTE
2026-05-19 19:56,AY6331,Paris [CDG],2026-05-19 19:35,2026-05-19 19:25,-10,EN ROUTE
2026-05-19 19:56,BT5615,Paris [CDG],2026-05-19 19:35,2026-05-19 19:25,-10,EN ROUTE
2026-05-19 19:56,WS5127,Paris [CDG],2026-05-19 19:35,2026-05-19 19:25,-10,EN ROUTE
2026-05-19 19:56,V72447,Napoli [NAP],2026-05-19 19:40,2026-05-19 19:21,-19,EN ROUTE
2026-05-19 19:56,V72433,Figari [FSC],2026-05-19 19:50,2026-05-19 19:38,-12,EN ROUTE
2026-10-02 15:56,V72443,Palma de Mallorca [PMI],2026-10-02 15:00,2026-10-02 14:50,-10,ARRIVéE
2026-10-02 15:56,U27301,Palma de Mallorca [PMI],2026-10-02 15:25,2026-10-02 15:14,-11,ARRIVéE
2026-10-02 16:26,W95415,Luton [LTN],2026-10-02 16:05,,,ARRIVéE
2026-10-02 16:26,BZAC18,Bordeaux [BOD],2026-10-02 16:08,,,ARRIVéE
2026-10-02 16:26,V72611,Strasbourg [SXB],2026-10-02 16:15,,,ARRIVéE
2026-10-02 16:26,ARL615C,Salamanca [SLM],2026-10-02 16:19,,,ARRIVéE
2026-10-02 16:26,KL1445,Amsterdam [AMS],2026-10-02 16:20,2026-10-02 16:36,16,EN ROUTE
2026-10-02 16:26,U27605,Lisbonne [LIS],2026-10-02 16:20,2026-10-02 16:23,3,EN ROUTE
2026-10-02 16:26,AF8293,Amsterdam [AMS],2026-10-02 16:20,2026-10-02 16:36,16,EN ROUTE
2026-10-02 16:26,DL9161,Amsterdam [AMS],2026-10-02 16:20,2026-10-02 16:36,16,EN ROUTE
2026-10-02 16:26,KQ1317,Amsterdam [AMS],2026-10-02 16:20,2026-10-02 16:36,16,EN ROUTE
2026-10-02 16:26,SK6780,Amsterdam [AMS],2026-10-02 16:20,2026-10-02 16:36,16,EN ROUTE
2026-10-02 16:26,WS5212,Amsterdam [AMS],2026-10-02 16:20,2026-10-02 16:36,16,EN ROUTE
2026-10-02 16:26,U21641,Nice [NCE],2026-10-02 16:30,2026-10-02 16:14,-16,ARRIVéE
2026-10-02 16:26,U22423,Luton [LTN],2026-10-02 16:35,2026-10-02 16:34,-1,EN ROUTE
2026-10-02 16:56,W95415,Luton [LTN],2026-10-02 16:05,,,ARRIVéE
2026-10-02 16:56,BZAC18,Bordeaux [BOD],2026-10-02 16:08,,,ARRIVéE
2026-10-02 16:56,V72611,Strasbourg [SXB],2026-10-02 16:15,,,ARRIVéE
2026-10-02 16:56,ARL615C,Salamanca [SLM],2026-10-02 16:19,,,ARRIVéE
2026-10-02 16:56,KL1445,Amsterdam [AMS],2026-10-02 16:20,2026-10-02 16:36,16,EN ROUTE
2026-10-02 16:56,U27605,Lisbonne [LIS],2026-10-02 16:20,2026-10-02 16:23,3,EN ROUTE
2026-10-02 16:56,AF8293,Amsterdam [AMS],2026-10-02 16:20,2026-10-02 16:36,16,EN ROUTE
2026-10-02 16:56,DL9161,Amsterdam [AMS],2026-10-02 16:20,2026-10-02 16:36,16,EN ROUTE
2026-10-02 16:56,KQ1317,Amsterdam [AMS],2026-10-02 16:20,2026-10-02 16:36,16,EN ROUTE
2026-10-02 16:56,SK6780,Amsterdam [AMS],2026-10-02 16:20,2026-10-02 16:36,16,EN ROUTE
2026-10-02 16:56,WS5212,Amsterdam [AMS],2026-10-02 16:20,2026-10-02 16:36,16,EN ROUTE
2026-10-02 16:56,U21641,Nice [NCE],2026-10-02 16:30,2026-10-02 16:14,-16,ARRIVéE
2026-10-02 16:56,U22423,Luton [LTN],2026-10-02 16:35,2026-10-02 16:34,-1,EN ROUTE
2026-10-02 17:26,TO4885,Sevilla [SVQ],2026-10-02 17:05,2026-10-02 16:48,-17,EN ROUTE
2026-10-02 17:26,U21894,Olbia [OLB],2026-10-02 17:20,2026-10-02 17:12,-8,EN ROUTE
2026-10-02 17:26,IB1203,Madrid [MAD],2026-10-02 17:25,2026-10-02 17:15,-10,EN ROUTE
2026-10-02 17:26,AA8623,Madrid [MAD],2026-10-02 17:25,2026-10-02 17:15,-10,EN ROUTE
2026-10-02 17:26,CX1874,Madrid [MAD],2026-10-02 17:25,2026-10-02 17:15,-10,EN ROUTE
2026-10-02 17:26,LA1689,Madrid [MAD],2026-10-02 17:25,2026-10-02 17:15,-10,EN ROUTE
2026-10-02 17:26,QR5375,Madrid [MAD],2026-10-02 17:25,2026-10-02 17:15,-10,EN ROUTE
2026-10-02 17:26,VY5514,Madrid [MAD],2026-10-02 17:25,2026-10-02 17:15,-10,EN ROUTE
2026-10-02 17:26,AY4773,Madrid [MAD],2026-10-02 17:25,2026-10-02 17:15,-10,EN ROUTE
2026-10-02 17:26,TK1391,Istanbul [IST],2026-10-02 17:55,2026-10-02 17:41,-14,EN ROUTE
2026-10-02 17:26,TG9395,Istanbul [IST],2026-10-02 17:55,2026-10-02 17:41,-14,EN ROUTE
2026-10-02 17:56,TO4885,Sevilla [SVQ],2026-10-02 17:05,2026-10-02 16:48,-17,EN ROUTE
2026-10-02 17:56,U21894,Olbia [OLB],2026-10-02 17:20,2026-10-02 17:12,-8,EN ROUTE
2026-10-02 17:56,IB1203,Madrid [MAD],2026-10-02 17:25,2026-10-02 17:15,-10,EN ROUTE
2026-10-02 17:56,AA8623,Madrid [MAD],2026-10-02 17:25,2026-10-02 17:15,-10,EN ROUTE
2026-10-02 17:56,CX1874,Madrid [MAD],2026-10-02 17:25,2026-10-02 17:15,-10,EN ROUTE
2026-10-02 17:56,LA1689,Madrid [MAD],2026-10-02 17:25,2026-10-02 17:15,-10,EN ROUTE
2026-10-02 17:56,QR5375,Madrid [MAD],2026-10-02 17:25,2026-10-02 17:15,-10,EN ROUTE
2026-10-02 17:56,VY5514,Madrid [MAD],2026-10-02 17:25,2026-10-02 17:15,-10,EN ROUTE
2026-10-02 17:56,AY4773,Madrid [MAD],2026-10-02 17:25,2026-10-02 17:15,-10,EN ROUTE
2026-10-02 17:56,TK1391,Istanbul [IST],2026-10-02 17:55,2026-10-02 17:41,-14,EN ROUTE
2026-10-02 17:56,TG9395,Istanbul [IST],2026-10-02 17:55,2026-10-02 17:41,-14,EN ROUTE
2026-10-02 18:26,AF7436,Paris [CDG],2026-10-02 18:10,,,PRéVU
2026-10-02 18:26,AM5854,Paris [CDG],2026-10-02 18:10,,,PRéVU
2026-10-02 18:26,AR7824,Paris [CDG],2026-10-02 18:10,,,PRéVU
2026-10-02 18:26,AY6327,Paris [CDG],2026-10-02 18:10,,,PRéVU
2026-10-02 18:26,DL8490,Paris [CDG],2026-10-02 18:10,,,PRéVU
2026-10-02 18:26,MK9018,Paris [CDG],2026-10-02 18:10,,,PRéVU
2026-10-02 18:26,MU1867,Paris [CDG],2026-10-02 18:10,,,PRéVU
2026-10-02 18:26,SK9732,Paris [CDG],2026-10-02 18:10,,,PRéVU
2026-10-02 18:26,WS5126,Paris [CDG],2026-10-02 18:10,,,PRéVU
2026-10-02 18:26,V72703,Rome [FCO],2026-10-02 18:20,2026-10-02 18:02,-18,EN ROUTE
2026-10-02 18:26,AZ7128,Rome [FCO],2026-10-02 18:20,2026-10-02 18:02,-18,EN ROUTE
2026-10-02 18:26,U21806,Marseille [MRS],2026-10-02 18:25,,,PRéVU
2026-10-02 18:26,PAV603,London [BQH],2026-10-02 18:29,,,PRéVU
2026-10-02 18:26,AF6136,Lyon [LYS],2026-10-02 18:35,,,PRéVU
2026-10-02 18:26,SK2781,Copenhague [CPH],2026-10-02 18:40,2026-10-02 18:48,8,EN ROUTE
2026-10-02 18:26,U21858,Menorca [MAH],2026-10-02 18:40,,,PRéVU
2026-10-02 18:26,LX552,Zurich [ZRH],2026-10-02 18:50,,,EN ROUTE
2026-10-02 18:56,AF7436,Paris [CDG],2026-10-02 18:10,,,PRéVU
2026-10-02 18:56,AM5854,Paris [CDG],2026-10-02 18:10,,,PRéVU
2026-10-02 18:56,AR7824,Paris [CDG],2026-10-02 18:10,,,PRéVU
2026-10-02 18:56,AY6327,Paris [CDG],2026-10-02 18:10,,,PRéVU
2026-10-02 18:56,DL8490,Paris [CDG],2026-10-02 18:10,,,PRéVU
2026-10-02 18:56,MK9018,Paris [CDG],2026-10-02 18:10,,,PRéVU
2026-10-02 18:56,MU1867,Paris [CDG],2026-10-02 18:10,,,PRéVU
2026-10-02 18:56,SK9732,Paris [CDG],2026-10-02 18:10,,,PRéVU
2026-10-02 18:56,WS5126,Paris [CDG],2026-10-02 18:10,,,PRéVU
2026-10-02 18:56,V72703,Rome [FCO],2026-10-02 18:20,2026-10-02 18:02,-18,EN ROUTE
2026-10-02 18:56,AZ7128,Rome [FCO],2026-10-02 18:20,2026-10-02 18:02,-18,EN ROUTE
2026-10-02 18:56,U21806,Marseille [MRS],2026-10-02 18:25,,,PRéVU
2026-10-02 18:56,PAV603,London [BQH],2026-10-02 18:29,,,PRéVU
2026-10-02 18:56,AF6136,Lyon [LYS],2026-10-02 18:35,,,PRéVU
2026-10-02 18:56,SK2781,Copenhague [CPH],2026-10-02 18:40,2026-10-02 18:49,9,EN ROUTE
2026-10-02 18:56,U21858,Menorca [MAH],2026-10-02 18:40,,,PRéVU
2026-10-02 18:56,LX552,Zurich [ZRH],2026-10-02 18:50,,,EN ROUTE
2026-10-02 19:26,U23803,Milan [MXP],2026-10-02 19:15,,,EN ROUTE
2026-10-02 19:26,V72465,Madrid [MAD],2026-10-02 19:30,,,PRéVU
2026-10-02 19:26,AF7438,Paris [CDG],2026-10-02 19:35,,,PRéVU
2026-10-02 19:26,AM5855,Paris [CDG],2026-10-02 19:35,,,PRéVU
2026-10-02 19:26,AY6331,Paris [CDG],2026-10-02 19:35,,,PRéVU
2026-10-02 19:26,BT5615,Paris [CDG],2026-10-02 19:35,,,PRéVU
2026-10-02 19:26,SK9734,Paris [CDG],2026-10-02 19:35,,,PRéVU
2026-10-02 19:26,WS5127,Paris [CDG],2026-10-02 19:35,,,PRéVU
2026-10-02 19:26,U21930,Rome [FCO],2026-10-02 19:40,,,PRéVU
2026-10-02 19:56,U23803,Milan [MXP],2026-10-02 19:15,2026-10-02 19:55,40,EN ROUTE
2026-10-02 19:56,V72465,Madrid [MAD],2026-10-02 19:30,,,ARRIVéE
2026-10-02 19:56,AF7438,Paris [CDG],2026-10-02 19:35,2026-10-02 19:44,9,EN ROUTE
2026-10-02 19:56,AM5855,Paris [CDG],2026-10-02 19:35,2026-10-02 19:44,9,EN ROUTE
2026-10-02 19:56,AY6331,Paris [CDG],2026-10-02 19:35,2026-10-02 19:44,9,EN ROUTE
2026-10-02 19:56,BT5615,Paris [CDG],2026-10-02 19:35,2026-10-02 19:44,9,EN ROUTE
2026-10-02 19:56,SK9734,Paris [CDG],2026-10-02 19:35,2026-10-02 19:44,9,EN ROUTE
2026-10-02 19:56,WS5127,Paris [CDG],2026-10-02 19:35,2026-10-02 19:44,9,EN ROUTE
2026-10-02 19:56,U21930,Rome [FCO],2026-10-02 19:40,,,ARRIVéE
2026-10-02 19:56,EC9047,Lisbonne [LIS],2026-10-02 19:57,2026-10-02 20:19,22,EN ROUTE
2026-10-02 20:26,D83632,Copenhague [CPH],2026-10-02 20:50,2026-10-02 20:51,1,EN ROUTE
2026-10-02 20:26,U21391,Genève [GVA],2026-10-02 20:55,,,PRéVU