time,temperature_2m,precipitation,wind_speed_10m,wind_gusts_10m,visibility,weather_code
2026-04-05T00:00,12.7,0.0,5.2,7.2,40400.0,1
2026-04-05T01:00,11.2,0.0,6.1,9.0,40400.0,0
2026-04-05T02:00,10.2,0.0,8.3,6.8,37620.0,0
2026-04-05T03:00,10.5,0.0,7.5,16.2,37620.0,0
2026-04-05T04:00,8.9,0.0,1.9,2.2,37620.0,0
2026-04-05T05:00,7.4,0.0,6.9,7.9,37620.0,0
2026-04-05T06:00,8.1,0.0,6.5,6.8,33660.0,0
2026-04-05T07:00,7.3,0.0,4.0,3.6,33660.0,0
2026-04-05T08:00,7.3,0.0,4.1,3.6,31040.0,3
2026-04-05T09:00,10.0,0.0,4.9,8.3,33660.0,3
2026-04-05T10:00,11.9,0.0,4.2,6.1,37600.0,3
2026-04-05T11:00,13.9,0.0,5.6,16.9,40380.0,3
2026-04-05T12:00,16.5,0.0,8.2,17.6,42700.0,3
2026-04-05T13:00,18.6,0.0,6.8,18.0,44880.0,3
2026-04-05T14:00,20.5,0.0,7.4,18.4,44880.0,3
2026-04-05T15:00,21.7,0.0,6.5,20.2,44880.0,0
2026-04-05T16:00,22.3,0.0,4.7,18.4,44880.0,0
2026-04-05T17:00,22.8,0.0,9.7,17.3,44880.0,3
2026-04-05T18:00,20.4,0.0,19.1,27.4,44880.0,3
2026-04-05T19:00,18.2,0.0,18.7,26.3,42680.0,3
2026-04-05T20:00,17.1,0.0,14.2,21.6,42680.0,3
2026-04-05T21:00,15.4,0.0,11.6,16.2,40360.0,3
2026-04-05T22:00,14.2,0.0,10.7,18.0,37580.0,3
2026-04-05T23:00,13.3,0.0,11.4,19.4,37580.0,3
2026-04-06T00:00,12.0,0.0,9.3,17.6,33620.0,2
2026-04-06T01:00,11.8,0.0,11.0,14.4,33620.0,3
2026-04-06T02:00,11.4,0.0,10.7,15.8,31000.0,3
2026-04-06T03:00,10.9,0.0,12.1,19.8,31000.0,0
2026-04-06T04:00,9.7,0.0,7.4,11.9,30980.0,0
2026-04-06T05:00,9.1,0.0,7.4,10.4,30980.0,0
2026-04-06T06:00,8.8,0.0,6.3,12.2,30980.0,0
2026-04-06T07:00,8.2,0.0,9.4,12.2,27260.0,0
2026-04-06T08:00,8.7,0.0,9.9,14.4,27260.0,0
2026-04-06T09:00,11.7,0.0,11.2,14.4,30980.0,0
2026-04-06T10:00,15.9,0.0,13.0,17.3,37540.0,0
2026-04-06T11:00,19.8,0.0,15.9,22.0,40320.0,0
2026-04-06T12:00,22.8,0.0,18.0,26.3,42640.0,0
2026-04-06T13:00,25.4,0.0,19.7,29.9,42640.0,0
2026-04-06T14:00,26.9,0.0,19.7,30.2,44820.0,0
2026-04-06T15:00,28.2,0.0,20.1,31.7,44820.0,0
2026-04-06T16:00,29.1,0.0,18.6,29.9,51760.0,0
2026-04-06T17:00,29.5,0.0,19.3,27.0,51760.0,0
2026-04-06T18:00,29.3,0.0,21.1,28.1,51940.0,0
2026-04-06T19:00,28.4,0.0,22.1,27.7,44800.0,0
2026-04-06T20:00,26.4,0.0,19.2,25.9,42620.0,0
2026-04-06T21:00,22.8,0.0,12.2,19.4,42620.0,0
2026-04-06T22:00,20.1,0.0,10.8,14.8,42620.0,0
2026-04-06T23:00,17.9,0.0,10.0,11.9,42620.0,0
2026-04-07T00:00,16.7,0.0,9.3,11.2,40300.0,1
2026-04-07T01:00,16.7,0.0,13.2,16.6,40280.0,3
2026-04-07T02:00,16.7,0.0,14.3,19.8,42600.0,3
2026-04-07T03:00,15.6,0.0,13.5,20.5,42600.0,3
2026-04-07T04:00,14.8,0.0,11.8,18.4,40280.0,3
2026-04-07T05:00,14.3,0.0,13.1,16.9,40280.0,3
2026-04-07T06:00,13.6,0.0,10.7,15.5,37500.0,0
2026-04-07T07:00,12.8,0.0,12.3,16.2,37500.0,0
2026-04-07T08:00,12.5,0.0,14.4,17.6,37500.0,0
2026-04-07T09:00,15.1,0.0,14.3,19.4,37500.0,0
2026-04-07T10:00,17.8,0.0,13.5,20.2,40260.0,0
2026-04-07T11:00,20.5,0.0,13.7,21.2,42580.0,2
2026-04-07T12:00,22.9,0.0,14.2,23.0,44760.0,3
2026-04-07T13:00,24.9,0.0,13.0,23.8,44760.0,3
2026-04-07T14:00,26.5,0.0,12.4,24.8,51660.0,1
2026-04-07T15:00,27.5,0.0,12.4,25.2,51840.0,3
2026-04-07T16:00,27.9,0.0,11.6,25.2,51840.0,0
2026-04-07T17:00,27.8,0.0,14.9,22.7,51840.0,3
2026-04-07T18:00,27.2,0.0,15.9,25.6,51640.0,3
2026-04-07T19:00,26.5,0.0,16.1,22.0,51640.0,3
2026-04-07T20:00,24.5,0.0,14.5,22.0,51640.0,3
2026-04-07T21:00,21.5,0.0,11.0,17.6,44740.0,3
2026-04-07T22:00,19.5,0.0,11.4,16.2,44740.0,3
2026-04-07T23:00,17.5,0.0,8.4,11.5,44720.0,3
2026-04-08T00:00,15.7,0.0,8.3,9.7,42560.0,0
2026-04-08T01:00,15.0,0.0,9.2,15.1,42540.0,0
2026-04-08T02:00,14.5,0.0,11.6,18.4,40240.0,0
2026-04-08T03:00,13.8,0.0,12.6,18.7,40220.0,2
2026-04-08T04:00,12.6,0.0,13.3,14.0,37460.0,0
2026-04-08T05:00,12.0,0.0,13.0,17.3,37460.0,0
2026-04-08T06:00,11.1,0.0,9.0,14.4,37440.0,0
2026-04-08T07:00,10.3,0.0,10.5,14.4,37440.0,0
2026-04-08T08:00,10.0,0.0,9.4,13.0,40220.0,3
2026-04-08T09:00,13.2,0.0,10.3,13.3,40220.0,3
2026-04-08T10:00,16.1,0.0,12.9,16.2,42520.0,3
2026-04-08T11:00,18.5,0.0,9.7,20.2,44700.0,3
2026-04-08T12:00,21.2,0.0,10.9,20.5,44700.0,0
2026-04-08T13:00,23.5,0.0,13.6,23.8,51560.0,0
2026-04-08T14:00,25.2,0.0,16.7,25.6,51740.0,0
2026-04-08T15:00,26.3,0.0,15.1,27.0,51740.0,0
2026-04-08T16:00,27.1,0.0,15.3,25.6,51740.0,0
2026-04-08T17:00,27.7,0.0,15.2,25.6,51720.0,0
2026-04-08T18:00,27.8,0.0,12.6,22.0,51720.0,3
2026-04-08T19:00,27.3,0.0,12.7,19.1,51720.0,3
2026-04-08T20:00,24.9,0.0,7.7,14.8,51720.0,3
2026-04-08T21:00,20.9,0.0,4.2,7.2,51520.0,0
2026-04-08T22:00,18.0,0.0,2.1,4.0,51520.0,0
2026-04-08T23:00,15.9,0.0,4.2,7.2,51500.0,0
2026-04-09T00:00,14.5,0.0,4.8,5.0,44660.0,0
2026-04-09T01:00,13.8,0.0,6.4,7.2,44660.0,0
2026-04-09T02:00,12.9,0.0,4.4,4.0,42480.0,0
2026-04-09T03:00,12.4,0.0,2.3,2.9,40180.0,0
2026-04-09T04:00,10.8,0.0,4.0,5.4,37400.0,0
2026-04-09T05:00,10.7,0.0,4.0,5.8,37400.0,0
2026-04-09T06:00,10.0,0.0,2.4,2.5,37400.0,0
2026-04-09T07:00,8.2,0.0,6.0,4.7,33440.0,1
2026-04-09T08:00,8.3,0.0,1.3,2.2,33440.0,2
2026-04-09T09:00,11.6,0.0,4.0,4.3,37380.0,2
2026-04-09T10:00,16.9,0.0,7.4,10.8,40160.0,1
2026-04-09T11:00,20.4,0.0,6.4,12.2,44620.0,0
2026-04-09T12:00,23.9,0.0,6.8,14.0,51440.0,3
2026-04-09T13:00,26.4,0.0,7.6,17.6,51440.0,3
2026-04-09T14:00,28.0,0.0,7.1,17.6,51620.0,3
2026-04-09T15:00,28.8,0.0,8.8,21.2,51620.0,0
2026-04-09T16:00,28.6,0.0,17.4,26.3,51620.0,0
2026-04-09T17:00,28.2,0.0,20.4,32.4,51620.0,0
2026-04-09T18:00,27.3,0.0,20.5,31.3,51600.0,0
2026-04-09T19:00,25.5,0.0,18.2,30.2,51420.0,0
2026-04-09T20:00,22.8,0.0,14.5,22.3,51420.0,3
2026-04-09T21:00,19.6,0.0,10.1,13.3,44600.0,3
2026-04-09T22:00,17.0,0.0,11.8,15.1,42440.0,0
2026-04-09T23:00,14.9,0.0,14.2,17.6,37360.0,0
2026-04-10T00:00,13.9,0.0,12.6,15.1,37360.0,0
2026-04-10T01:00,13.1,0.0,12.7,16.6,33400.0,1
2026-04-10T02:00,12.9,0.0,14.3,18.0,27060.0,3
2026-04-10T03:00,13.1,0.0,13.6,18.4,27060.0,3
2026-04-10T04:00,13.1,0.0,14.4,14.8,19880.0,3
2026-04-10T05:00,13.2,0.0,11.4,14.8,2300.0,3
2026-04-10T06:00,13.3,0.0,9.5,9.4,660.0,3
2026-04-10T07:00,13.3,0.0,7.1,9.4,27060.0,3
2026-04-10T08:00,13.2,0.0,4.3,8.3,27060.0,3
2026-04-10T09:00,13.0,0.0,5.9,11.5,33380.0,3
2026-04-10T10:00,13.2,0.0,4.6,9.4,37340.0,3
2026-04-10T11:00,13.8,0.0,2.4,7.9,37340.0,3
2026-04-10T12:00,14.9,0.0,2.1,8.6,40100.0,3
2026-04-10T13:00,17.3,0.0,3.0,10.4,40100.0,3
2026-04-10T14:00,20.1,0.0,4.0,16.2,42400.0,3
2026-04-10T15:00,22.5,0.0,7.9,22.3,42400.0,3
2026-04-10T16:00,24.1,0.0,12.3,25.6,42400.0,3
2026-04-10T17:00,23.9,0.0,13.4,26.3,44540.0,3
2026-04-10T18:00,24.1,0.0,17.9,27.7,44540.0,3
2026-04-10T19:00,23.5,0.0,17.2,27.0,44540.0,2
2026-04-10T20:00,21.6,0.0,17.7,27.4,42380.0,1
2026-04-10T21:00,19.7,0.0,15.8,24.1,40080.0,0
2026-04-10T22:00,18.4,0.0,17.0,24.5,40080.0,2
2026-04-10T23:00,17.5,0.0,16.3,23.4,37300.0,1
2026-04-11T00:00,16.5,0.0,14.8,19.1,37300.0,0
2026-04-11T01:00,15.6,0.0,12.0,17.6,37300.0,0
2026-04-11T02:00,14.9,0.0,11.8,16.6,37300.0,3
2026-04-11T03:00,14.1,0.0,11.2,15.5,37300.0,0
2026-04-11T04:00,12.9,0.0,6.4,13.7,37300.0,0
2026-04-11T05:00,12.2,0.0,5.1,2.5,37300.0,1
2026-04-11T06:00,12.0,0.0,10.9,14.8,33340.0,3
2026-04-11T07:00,12.5,0.0,13.6,14.4,27000.0,3
2026-04-11T08:00,13.4,0.0,19.2,29.2,19380.0,3
2026-04-11T09:00,13.3,0.0,18.9,32.8,26360.0,3
2026-04-11T10:00,14.2,0.0,19.6,30.6,22100.0,3
2026-04-11T11:00,14.8,0.0,16.8,30.6,37280.0,3
2026-04-11T12:00,15.4,0.0,20.2,32.8,40040.0,3
2026-04-11T13:00,15.7,0.0,19.5,27.7,40040.0,3
2026-04-11T14:00,14.3,0.0,15.4,27.7,4920.0,53
2026-04-11T15:00,12.9,0.1,27.8,35.3,4940.0,51
2026-04-11T16:00,11.6,1.2,23.2,36.7,4140.0,61
2026-04-11T17:00,11.2,1.0,12.9,25.9,4020.0,53
2026-04-11T18:00,11.0,0.2,12.8,22.0,5460.0,61
2026-04-11T19:00,10.8,2.7,9.9,23.0,9780.0,61
2026-04-11T20:00,10.3,0.0,6.2,16.2,9580.0,3
2026-04-11T21:00,10.4,0.0,6.1,12.2,33300.0,3
2026-04-11T22:00,9.8,0.0,5.5,8.3,37260.0,3
2026-04-11T23:00,9.4,0.0,6.4,7.2,37260.0,3
2026-04-12T00:00,8.7,0.0,6.2,7.2,37240.0,3
2026-04-12T01:00,8.3,0.0,5.6,5.4,37240.0,3
2026-04-12T02:00,8.2,0.0,5.4,6.5,37240.0,3
2026-04-12T03:00,7.6,0.0,6.9,7.6,37240.0,3
2026-04-12T04:00,7.3,0.0,5.9,4.7,37240.0,3
2026-04-12T05:00,7.1,0.0,6.3,6.5,37240.0,3
2026-04-12T06:00,6.8,0.0,4.8,4.0,37240.0,3
2026-04-12T07:00,6.6,0.0,5.4,1.4,37240.0,3
2026-04-12T08:00,6.5,0.0,1.1,2.9,36800.0,3
2026-04-12T09:00,8.0,0.0,4.0,6.1,37220.0,3
2026-04-12T10:00,9.2,0.0,4.3,6.8,37220.0,3
2026-04-12T11:00,10.3,0.0,3.8,11.5,37220.0,3
2026-04-12T12:00,11.4,0.0,5.1,10.1,39980.0,3
2026-04-12T13:00,11.6,0.0,4.7,12.6,39980.0,3
2026-04-12T14:00,12.8,0.0,4.6,9.0,42280.0,3
2026-04-12T15:00,14.1,0.0,2.5,14.0,42280.0,3
2026-04-12T16:00,13.7,0.0,8.7,28.4,44420.0,3
2026-04-12T17:00,14.1,0.0,10.7,27.0,44420.0,3
2026-04-12T18:00,13.6,0.0,11.7,23.0,44420.0,51
2026-04-12T19:00,12.9,0.0,11.7,19.4,42280.0,51
2026-04-12T20:00,11.4,0.0,7.3,20.9,39980.0,3
2026-04-12T21:00,9.9,0.0,8.3,9.7,39960.0,3
2026-04-12T22:00,8.6,0.0,5.0,7.6,39960.0,3
2026-04-12T23:00,7.5,0.0,7.2,7.2,39960.0,3
2026-04-13T00:00,7.0,0.0,5.2,6.1,37200.0,3
2026-04-13T01:00,6.6,0.0,7.5,10.4,37200.0,0
2026-04-13T02:00,6.8,0.0,7.2,14.4,35200.0,0
2026-04-13T03:00,4.8,0.0,5.7,4.3,29060.0,0
2026-04-13T04:00,3.5,0.0,6.4,7.9,22840.0,0
2026-04-13T05:00,5.0,0.0,6.1,6.1,22040.0,51
2026-04-13T06:00,4.7,0.0,7.7,8.3,22600.0,3
2026-04-13T07:00,4.1,0.0,10.4,9.4,20620.0,3
2026-04-13T08:00,3.7,0.0,3.1,4.3,22460.0,0
2026-04-13T09:00,6.5,0.0,6.6,7.6,25360.0,2
2026-04-13T10:00,10.1,0.0,5.8,9.0,25020.0,2
2026-04-13T11:00,12.4,0.0,4.8,16.9,15380.0,2
2026-04-13T12:00,12.1,0.0,9.8,17.6,14420.0,53
2026-04-13T13:00,14.6,0.0,7.6,17.6,42220.0,51
2026-04-13T14:00,14.5,1.4,6.6,14.8,13580.0,63
2026-04-13T15:00,13.5,0.0,2.3,24.1,42220.0,53
2026-04-13T16:00,15.4,0.1,20.6,31.7,42220.0,2
2026-04-13T17:00,15.1,0.0,19.9,27.7,42220.0,0
2026-04-13T18:00,14.9,0.0,20.6,35.6,42220.0,2
2026-04-13T19:00,14.3,0.0,21.6,31.0,42220.0,3
2026-04-13T20:00,12.8,0.0,17.3,29.5,42200.0,3
2026-04-13T21:00,10.4,0.0,9.2,19.4,39920.0,3
2026-04-13T22:00,8.5,0.0,5.5,6.1,39920.0,3
2026-04-13T23:00,7.0,0.0,6.6,6.8,37140.0,0
2026-04-14T00:00,6.3,0.0,7.6,8.6,37140.0,0
2026-04-14T01:00,5.5,0.0,7.8,7.2,37140.0,0
2026-04-14T02:00,4.9,0.0,4.9,6.5,37140.0,0
2026-04-14T03:00,3.8,0.0,5.0,7.2,33180.0,0
2026-04-14T04:00,3.5,0.0,4.0,6.5,33180.0,0
2026-04-14T05:00,3.2,0.0,5.4,7.2,33180.0,0
2026-04-14T06:00,3.2,0.0,6.6,7.9,33180.0,0
2026-04-14T07:00,3.3,0.0,6.3,7.2,33180.0,0
2026-04-14T08:00,3.7,0.0,6.0,7.6,33180.0,0
2026-04-14T09:00,7.2,0.0,8.0,10.8,33180.0,0
2026-04-14T10:00,11.6,0.0,12.4,17.3,37120.0,0
2026-04-14T11:00,14.2,0.0,11.5,17.6,39880.0,2
2026-04-14T12:00,15.7,0.0,8.6,18.7,42180.0,3
2026-04-14T13:00,17.3,0.0,9.8,20.9,42160.0,3
2026-04-14T14:00,18.5,0.0,8.9,20.2,42160.0,3
2026-04-14T15:00,19.2,0.0,8.7,22.7,44300.0,2
2026-04-14T16:00,17.5,0.0,15.5,28.8,44300.0,3
2026-04-14T17:00,19.2,0.0,13.6,26.3,44280.0,0
2026-04-14T18:00,19.0,0.0,13.8,25.2,44280.0,3
2026-04-14T19:00,17.9,0.0,16.1,25.2,42160.0,0
2026-04-14T20:00,16.4,0.0,15.5,22.7,42160.0,2
2026-04-14T21:00,14.6,0.0,12.3,20.2,39860.0,3
2026-04-14T22:00,13.5,0.0,7.7,15.5,37100.0,3
2026-04-14T23:00,13.0,0.0,3.1,7.9,33140.0,3
2026-04-15T00:00,12.4,0.0,3.8,6.5,30540.0,3
2026-04-15T01:00,11.5,0.0,5.2,6.5,26820.0,3
2026-04-15T02:00,11.7,0.0,7.0,12.6,30540.0,3
2026-04-15T03:00,11.5,0.0,8.6,9.4,30200.0,3
2026-04-15T04:00,11.4,0.0,8.0,9.7,26460.0,3
2026-04-15T05:00,11.6,0.0,7.9,10.1,24620.0,3
2026-04-15T06:00,11.4,0.0,4.5,8.6,25080.0,3
2026-04-15T07:00,11.9,0.0,5.6,10.1,25080.0,3
2026-04-15T08:00,12.1,0.0,4.2,9.4,18640.0,3
2026-04-15T09:00,12.7,0.0,3.6,7.6,24420.0,3
2026-04-15T10:00,13.9,0.0,5.9,7.6,30520.0,3
2026-04-15T11:00,14.7,0.0,2.5,9.4,11180.0,3
2026-04-15T12:00,15.5,0.0,2.9,13.0,21740.0,3
2026-04-15T13:00,16.9,0.0,9.4,18.7,33720.0,3
2026-04-15T14:00,18.2,0.0,8.4,15.5,11720.0,3
2026-04-15T15:00,19.6,0.0,2.9,15.5,11740.0,3
2026-04-15T16:00,19.3,0.3,3.1,13.0,9260.0,51
2026-04-15T17:00,20.6,0.0,13.8,24.5,9760.0,2
2026-04-15T18:00,20.9,0.0,14.3,21.2,11400.0,1
2026-04-15T19:00,19.5,0.0,16.0,29.5,39800.0,1
2026-04-15T20:00,17.8,0.0,16.5,25.9,39800.0,0
2026-04-15T21:00,15.6,0.0,13.1,21.2,37040.0,0
2026-04-15T22:00,13.7,0.0,9.1,13.0,37040.0,0
2026-04-15T23:00,12.1,0.0,4.1,7.9,33080.0,2
2026-04-16T00:00,10.9,0.0,5.0,3.6,33080.0,3
2026-04-16T01:00,9.7,0.0,3.5,3.2,30480.0,2
2026-04-16T02:00,8.6,0.0,0.5,5.0,30480.0,0
2026-04-16T03:00,7.8,0.0,3.0,1.8,30480.0,0
2026-04-16T04:00,7.8,0.0,2.6,6.1,30480.0,3
2026-04-16T05:00,6.8,0.0,3.4,4.7,26780.0,3
2026-04-16T06:00,7.9,0.0,6.8,8.3,26780.0,3
2026-04-16T07:00,7.7,0.0,5.5,5.4,9780.0,3
2026-04-16T08:00,8.4,0.0,3.6,6.5,19600.0,3
2026-04-16T09:00,10.3,0.0,5.5,6.8,26780.0,3
2026-04-16T10:00,12.9,0.0,9.7,8.3,33100.0,3
2026-04-16T11:00,14.5,0.0,11.6,13.0,37060.0,3
2026-04-16T12:00,16.9,0.0,11.2,15.5,39820.0,0
2026-04-16T13:00,18.9,0.0,10.8,21.2,42100.0,0
2026-04-16T14:00,21.2,0.0,13.7,23.4,42100.0,1
2026-04-16T15:00,22.7,0.0,14.8,25.2,42100.0,2
2026-04-16T16:00,23.2,0.0,11.9,21.6,44220.0,3
2026-04-16T17:00,22.5,0.0,14.1,22.3,44240.0,3
2026-04-16T18:00,23.0,0.0,17.9,25.2,44240.0,0
2026-04-16T19:00,22.6,0.0,16.6,24.5,44240.0,3
2026-04-16T20:00,21.5,0.0,14.4,20.2,44240.0,2
2026-04-16T21:00,18.9,0.0,8.6,14.4,42120.0,3
2026-04-16T22:00,17.2,0.0,9.8,15.8,42120.0,3
2026-04-16T23:00,16.5,0.0,11.3,21.2,39840.0,3
2026-04-17T00:00,15.6,0.0,9.7,19.1,39840.0,0
2026-04-17T01:00,14.5,0.0,7.8,11.9,39840.0,1
2026-04-17T02:00,14.0,0.0,8.3,8.6,37080.0,0
2026-04-17T03:00,12.4,0.0,6.4,6.5,37100.0,0
2026-04-17T04:00,11.5,0.0,9.8,13.3,37100.0,0
2026-04-17T05:00,11.2,0.0,8.7,11.5,37100.0,2
2026-04-17T06:00,10.5,0.0,5.9,8.6,33140.0,1
2026-04-17T07:00,9.5,0.0,5.4,5.0,33140.0,2
2026-04-17T08:00,9.4,0.0,6.4,5.4,33140.0,1
2026-04-17T09:00,13.5,0.0,8.6,10.4,37100.0,0
2026-04-17T10:00,16.7,0.0,7.4,12.6,39860.0,0
2026-04-17T11:00,20.0,0.0,8.8,16.9,39860.0,0
2026-04-17T12:00,22.3,0.0,10.7,20.5,42160.0,0
2026-04-17T13:00,24.1,0.0,9.7,21.6,44260.0,0
2026-04-17T14:00,25.2,0.0,6.8,21.6,44280.0,3
2026-04-17T15:00,26.1,0.0,6.2,20.2,50780.0,3
2026-04-17T16:00,26.7,0.0,6.9,18.7,50780.0,3
2026-04-17T17:00,27.0,0.0,3.1,15.8,50780.0,3
2026-04-17T18:00,25.8,0.0,18.2,27.7,50780.0,3
2026-04-17T19:00,23.8,0.0,16.1,26.3,50780.0,3
2026-04-17T20:00,21.4,0.0,13.5,22.0,44280.0,3
2026-04-17T21:00,18.4,0.0,10.7,18.0,42160.0,0
2026-04-17T22:00,16.2,0.0,10.0,15.1,39880.0,3
2026-04-17T23:00,14.8,0.0,6.6,11.2,39900.0,3
2026-04-18T00:00,13.6,0.0,6.7,14.8,39900.0,3
2026-04-18T01:00,13.1,0.0,7.9,15.5,37140.0,3
2026-04-18T02:00,12.3,0.0,6.9,11.9,37140.0,3
2026-04-18T03:00,11.2,0.0,3.2,11.5,33200.0,1
2026-04-18T04:00,10.3,0.0,8.0,6.1,30600.0,3
2026-04-18T05:00,10.7,0.0,9.2,14.0,26880.0,3
2026-04-18T06:00,10.4,0.0,6.8,11.5,26880.0,3
2026-04-18T07:00,10.6,0.0,8.7,17.3,26880.0,3
2026-04-18T08:00,10.9,0.0,7.0,12.2,26880.0,3
2026-04-18T09:00,13.2,0.0,7.4,13.3,30600.0,3
2026-04-18T10:00,15.4,0.0,7.6,12.2,37160.0,3
2026-04-18T11:00,18.0,0.0,5.1,15.1,39920.0,3
2026-04-18T12:00,19.8,0.0,3.7,14.8,42200.0,3
2026-04-18T13:00,22.1,0.0,3.0,15.8,44320.0,3
2026-04-18T14:00,23.6,0.0,6.2,16.2,44320.0,3
2026-04-18T15:00,24.7,0.0,9.3,18.4,44320.0,3
2026-04-18T16:00,24.7,0.0,13.0,22.0,44320.0,3
2026-04-18T17:00,22.2,0.0,19.4,29.5,44320.0,3
2026-04-18T18:00,21.3,0.0,18.6,29.9,44320.0,3
2026-04-18T19:00,20.7,0.0,15.3,24.5,44320.0,3
2026-04-18T20:00,19.7,0.0,13.4,22.3,42220.0,3
2026-04-18T21:00,17.8,0.0,9.8,18.4,39940.0,1
2026-04-18T22:00,15.8,0.0,8.4,12.6,39940.0,3
2026-04-18T23:00,14.3,0.0,6.9,14.4,37180.0,3
2026-04-19T00:00,13.2,0.0,3.8,10.1,37180.0,3
2026-04-19T01:00,12.7,0.0,4.7,4.3,37200.0,3
2026-04-19T02:00,12.2,0.0,7.1,9.4,37200.0,3
2026-04-19T03:00,12.5,0.0,12.2,14.4,37200.0,3
2026-04-19T04:00,13.5,0.0,14.8,22.0,37200.0,3
2026-04-19T05:00,12.6,0.0,10.6,22.0,33240.0,3
2026-04-19T06:00,12.1,0.0,12.8,20.5,33260.0,3
2026-04-19T07:00,12.0,0.0,12.2,20.5,33260.0,3
2026-04-19T08:00,12.0,0.0,11.1,19.1,33260.0,3
2026-04-19T09:00,13.6,0.0,14.9,22.3,37200.0,3
2026-04-19T10:00,15.2,0.0,15.8,24.1,39960.0,3
2026-04-19T11:00,17.2,0.0,13.3,24.1,39960.0,3
2026-04-19T12:00,19.5,0.0,12.5,23.0,42240.0,3
2026-04-19T13:00,21.7,0.0,11.7,25.6,44360.0,0
2026-04-19T14:00,23.4,0.0,12.3,26.3,44360.0,0
2026-04-19T15:00,24.3,0.0,14.0,27.7,44360.0,0
2026-04-19T16:00,25.0,0.0,12.8,26.3,44360.0,0
2026-04-19T17:00,25.2,0.0,15.1,24.8,44360.0,0
2026-04-19T18:00,25.0,0.0,12.3,24.8,44360.0,0
2026-04-19T19:00,24.5,0.0,11.2,20.5,44380.0,0
2026-04-19T20:00,23.0,0.0,14.0,22.0,44380.0,2
2026-04-19T21:00,20.7,0.0,13.0,19.1,44380.0,0
2026-04-19T22:00,18.7,0.0,12.2,16.9,42260.0,0
2026-04-19T23:00,17.5,0.0,13.2,20.5,42260.0,0
2026-04-20T00:00,16.9,0.0,14.4,24.1,42280.0,0
2026-04-20T01:00,16.0,0.0,14.3,23.4,40000.0,0
2026-04-20T02:00,14.9,0.0,10.1,18.4,42280.0,0
2026-04-20T03:00,13.7,0.0,9.5,14.4,40000.0,0
2026-04-20T04:00,12.8,0.0,9.8,14.8,40000.0,0
2026-04-20T05:00,12.1,0.0,7.3,14.0,40000.0,0
2026-04-20T06:00,11.6,0.0,8.0,14.0,40000.0,0
2026-04-20T07:00,11.1,0.0,8.3,11.9,40000.0,1
2026-04-20T08:00,11.3,0.0,6.4,9.0,40020.0,3
2026-04-20T09:00,13.7,0.0,7.0,15.5,40020.0,3
2026-04-20T10:00,15.6,0.0,8.1,16.2,42300.0,3
2026-04-20T11:00,18.1,0.0,11.0,23.4,44400.0,3
2026-04-20T12:00,20.9,0.0,9.9,23.8,44400.0,3
2026-04-20T13:00,23.0,0.0,8.8,21.2,50860.0,0
2026-04-20T14:00,24.4,0.0,6.0,19.8,44400.0,0
2026-04-20T15:00,25.4,0.0,6.5,18.4,50860.0,3
2026-04-20T16:00,26.3,0.0,8.5,20.2,50860.0,2
2026-04-20T17:00,26.8,0.0,13.3,22.3,50880.0,2
2026-04-20T18:00,26.1,0.0,18.3,26.6,50880.0,0
2026-04-20T19:00,25.1,0.0,17.4,26.6,50880.0,0
2026-04-20T20:00,23.6,0.0,15.1,24.5,50880.0,0
2026-04-20T21:00,21.1,0.0,14.2,23.4,50880.0,2
2026-04-20T22:00,19.4,0.0,14.8,21.6,44420.0,0
2026-04-20T23:00,18.2,0.0,19.0,28.4,44420.0,0
2026-04-21T00:00,16.9,0.0,15.3,26.3,44420.0,3
2026-04-21T01:00,15.8,0.0,12.0,20.9,44420.0,2
2026-04-21T02:00,14.7,0.0,9.9,17.6,42320.0,3
2026-04-21T03:00,13.7,0.0,11.4,17.6,42320.0,3
2026-04-21T04:00,13.0,0.0,12.2,21.2,42320.0,3
2026-04-21T05:00,12.4,0.0,11.2,18.7,40060.0,3
2026-04-21T06:00,11.8,0.0,12.3,20.9,40060.0,3
2026-04-21T07:00,10.9,0.0,11.7,19.8,40060.0,3
2026-04-21T08:00,11.2,0.0,14.0,21.6,40060.0,3
2026-04-21T09:00,13.1,0.0,15.1,23.0,42340.0,0
2026-04-21T10:00,15.7,0.0,14.3,23.4,42340.0,0
2026-04-21T11:00,18.8,0.0,14.2,24.8,42340.0,2
2026-04-21T12:00,21.0,0.0,16.3,26.3,42340.0,1
2026-04-21T13:00,23.2,0.0,18.8,31.7,44460.0,0
2026-04-21T14:00,25.1,0.0,20.3,31.7,44460.0,3
2026-04-21T15:00,26.3,0.0,21.3,32.0,50900.0,3
2026-04-21T16:00,27.1,0.0,19.1,32.4,50900.0,3
2026-04-21T17:00,27.3,0.0,19.8,33.1,50900.0,3
2026-04-21T18:00,27.1,0.0,21.8,34.9,50900.0,3
2026-04-21T19:00,26.2,0.0,19.8,32.0,50900.0,3
2026-04-21T20:00,24.7,0.0,21.6,30.2,51100.0,3
2026-04-21T21:00,22.5,0.0,23.7,36.0,50900.0,3
2026-04-21T22:00,20.8,0.0,23.3,36.0,50900.0,3
2026-04-21T23:00,19.4,0.0,21.7,40.0,50920.0,1
2026-04-22T00:00,18.6,0.0,21.3,31.0,50920.0,3
2026-04-22T01:00,19.1,0.0,21.2,37.4,50920.0,3
2026-04-22T02:00,16.1,2.3,9.7,18.4,12360.0,51
2026-04-22T03:00,17.1,0.1,10.3,16.6,40100.0,51
2026-04-22T04:00,15.3,0.3,13.4,25.6,23220.0,3
2026-04-22T05:00,14.9,0.0,14.8,20.5,40100.0,3
2026-04-22T06:00,13.9,0.0,8.7,16.6,40100.0,2
2026-04-22T07:00,13.1,0.0,8.9,9.0,40120.0,0
2026-04-22T08:00,13.4,0.0,13.0,18.4,40120.0,0
2026-04-22T09:00,15.5,0.0,13.7,21.2,40120.0,3
2026-04-22T10:00,17.9,0.0,16.0,26.3,40120.0,3
2026-04-22T11:00,20.4,0.0,16.0,26.6,42400.0,3
2026-04-22T12:00,22.4,0.0,15.8,27.4,42400.0,3
2026-04-22T13:00,25.3,0.0,12.2,28.1,44500.0,3
2026-04-22T14:00,26.4,0.0,19.2,29.2,44500.0,3
2026-04-22T15:00,24.4,0.0,27.6,40.3,42400.0,3
2026-04-22T16:00,23.3,0.0,26.0,40.0,40140.0,3
2026-04-22T17:00,21.6,0.0,26.7,37.1,40140.0,3
2026-04-22T18:00,21.0,0.0,20.6,32.8,40140.0,3
2026-04-22T19:00,20.0,0.0,17.1,29.9,40140.0,3
2026-04-22T20:00,18.5,0.0,16.6,25.2,37400.0,3
2026-04-22T21:00,16.4,0.0,14.6,22.7,37400.0,3
2026-04-22T22:00,14.9,0.0,12.8,22.0,33440.0,3
2026-04-22T23:00,14.0,0.0,12.7,19.8,30840.0,3
2026-04-23T00:00,14.1,0.0,16.8,21.2,27120.0,3
2026-04-23T01:00,14.4,0.0,12.0,19.4,27120.0,3
2026-04-23T02:00,14.5,0.0,5.4,14.4,19780.0,3
2026-04-23T03:00,14.5,0.0,10.2,17.6,18940.0,3
2026-04-23T04:00,14.4,0.0,12.5,19.8,25700.0,3
2026-04-23T05:00,14.1,0.0,11.9,19.4,25800.0,3
2026-04-23T06:00,13.4,0.0,4.2,7.9,26680.0,0
2026-04-23T07:00,12.3,0.0,9.7,4.7,19820.0,0
2026-04-23T08:00,12.8,0.0,10.0,10.8,27140.0,0
2026-04-23T09:00,15.7,0.0,14.1,19.8,30860.0,3
2026-04-23T10:00,18.2,0.0,19.5,29.9,37420.0,3
2026-04-23T11:00,20.6,0.0,23.8,37.8,40180.0,0
2026-04-23T12:00,22.3,0.0,24.7,43.2,42440.0,1
2026-04-23T13:00,23.9,0.0,26.8,41.8,44540.0,0
2026-04-23T14:00,25.1,0.0,25.7,38.9,44540.0,3
2026-04-23T15:00,25.7,0.0,25.1,38.2,44540.0,3
2026-04-23T16:00,26.5,0.0,25.9,40.7,22340.0,3
2026-04-23T17:00,26.6,0.0,25.9,43.2,22340.0,2
2026-04-23T18:00,26.3,0.0,27.0,42.5,44560.0,3
2026-04-23T19:00,25.7,0.0,26.4,42.1,44560.0,0
2026-04-23T20:00,24.3,0.0,23.3,37.4,44560.0,0
2026-04-23T21:00,22.5,0.0,19.0,33.1,44560.0,2
2026-04-23T22:00,21.2,0.0,18.8,28.4,44560.0,3
2026-04-23T23:00,20.0,0.0,19.2,29.5,44560.0,3
2026-04-24T00:00,19.3,0.0,19.2,29.9,44560.0,2
2026-04-24T01:00,17.9,0.0,19.5,30.6,44560.0,3
2026-04-24T02:00,16.8,0.0,18.6,29.2,44580.0,0
2026-04-24T03:00,15.8,0.0,18.5,27.4,42480.0,0
2026-04-24T04:00,14.6,0.0,15.5,25.2,44580.0,2
2026-04-24T05:00,13.6,0.0,13.1,20.9,44580.0,0
2026-04-24T06:00,12.9,0.0,15.2,22.3,44580.0,3
2026-04-24T07:00,12.3,0.0,12.0,20.9,44580.0,2
2026-04-24T08:00,12.7,0.0,9.0,12.2,44580.0,3
2026-04-24T09:00,15.2,0.0,15.4,20.5,44580.0,3
2026-04-24T10:00,17.2,0.0,17.6,27.4,44580.0,3
2026-04-24T11:00,19.1,0.0,15.3,24.5,44580.0,3
2026-04-24T12:00,21.0,0.0,11.6,23.4,44580.0,3
2026-04-24T13:00,23.0,0.0,6.5,18.4,44600.0,3
2026-04-24T14:00,24.3,0.0,0.4,15.5,51000.0,3
2026-04-24T15:00,26.3,0.0,7.0,13.0,51000.0,3
2026-04-24T16:00,27.2,0.0,3.7,19.8,51000.0,3
2026-04-24T17:00,27.8,0.0,7.8,15.1,51000.0,3
2026-04-24T18:00,28.0,0.0,4.8,15.8,51000.0,3
2026-04-24T19:00,25.6,0.0,19.6,32.8,51000.0,3
2026-04-24T20:00,22.6,0.0,18.1,29.2,44600.0,3
2026-04-24T21:00,19.5,0.0,13.3,24.1,42520.0,3
2026-04-24T22:00,17.4,0.0,10.4,15.5,42520.0,3
2026-04-24T23:00,16.1,0.0,9.7,14.8,37500.0,0
2026-04-25T00:00,15.2,0.0,12.3,19.4,33560.0,3
2026-04-25T01:00,15.0,0.0,14.2,19.1,27220.0,3
2026-04-25T02:00,15.1,0.0,13.6,18.7,19980.0,3
2026-04-25T03:00,15.2,0.0,17.1,22.0,19980.0,3
2026-04-25T04:00,15.3,0.0,15.0,25.9,19880.0,3
2026-04-25T05:00,15.1,0.0,15.5,22.0,26420.0,3
2026-04-25T06:00,15.1,0.0,15.6,25.9,26040.0,3
2026-04-25T07:00,15.2,0.0,12.0,23.8,26480.0,3
2026-04-25T08:00,15.3,0.0,14.8,22.3,29640.0,3
2026-04-25T09:00,15.5,0.0,11.5,24.8,33580.0,3
2026-04-25T10:00,16.0,0.0,13.6,23.4,37520.0,3
2026-04-25T11:00,16.7,0.0,15.5,25.9,37520.0,3
2026-04-25T12:00,17.1,0.0,15.9,26.6,40280.0,3
2026-04-25T13:00,17.9,0.0,13.8,26.6,40280.0,3
2026-04-25T14:00,17.4,0.0,13.6,26.3,37540.0,3
2026-04-25T15:00,18.1,0.0,12.8,25.2,40280.0,3
2026-04-25T16:00,17.8,0.0,12.7,27.0,40280.0,3
2026-04-25T17:00,17.5,0.0,13.2,23.8,40280.0,3
2026-04-25T18:00,17.0,0.0,10.5,23.4,40280.0,3
2026-04-25T19:00,16.7,0.0,9.7,21.2,40300.0,3
2026-04-25T20:00,17.1,0.0,8.3,18.4,40300.0,3
2026-04-25T21:00,16.4,0.0,10.6,14.4,37560.0,3
2026-04-25T22:00,15.8,0.0,9.2,13.0,37560.0,3
2026-04-25T23:00,15.3,0.0,8.3,13.7,37560.0,2
2026-04-26T00:00,14.7,0.0,7.4,13.7,36520.0,3
2026-04-26T01:00,14.7,0.0,5.9,9.4,33620.0,3
2026-04-26T02:00,14.7,0.0,4.7,10.8,31000.0,3
2026-04-26T03:00,14.3,0.0,2.9,9.7,27280.0,3
2026-04-26T04:00,14.2,0.0,3.9,13.0,27280.0,3
2026-04-26T05:00,14.1,0.0,5.4,10.4,26260.0,3
2026-04-26T06:00,14.0,0.0,3.1,7.6,27300.0,3
2026-04-26T07:00,14.1,0.0,1.6,4.0,27140.0,3
2026-04-26T08:00,14.2,0.0,1.4,3.2,25320.0,3
2026-04-26T09:00,15.0,0.0,2.6,8.3,26060.0,3
2026-04-26T10:00,16.0,0.0,2.9,11.5,37580.0,3
2026-04-26T11:00,17.6,0.0,5.0,14.4,40320.0,3
2026-04-26T12:00,18.7,0.0,3.9,14.4,40320.0,3
2026-04-26T13:00,19.7,0.0,2.1,15.5,42600.0,3
2026-04-26T14:00,21.1,0.0,2.6,13.7,42600.0,2
2026-04-26T15:00,23.2,0.0,5.4,10.4,42600.0,1
2026-04-26T16:00,24.1,0.0,2.4,14.4,44700.0,2
2026-04-26T17:00,24.7,0.0,9.7,24.1,44700.0,3
2026-04-26T18:00,24.7,0.0,9.7,20.9,44700.0,3
2026-04-26T19:00,24.2,0.0,7.3,6.8,44700.0,0
2026-04-26T20:00,21.7,0.0,12.7,25.2,21160.0,0
2026-04-26T21:00,18.4,0.0,14.4,21.6,40340.0,3
2026-04-26T22:00,16.3,0.0,10.8,17.6,30680.0,1
2026-04-26T23:00,15.1,0.0,8.7,15.1,37620.0,0
2026-04-27T00:00,14.2,0.0,4.6,10.4,33660.0,3
2026-04-27T01:00,13.4,0.0,4.6,7.9,31060.0,3
2026-04-27T02:00,12.9,0.0,7.1,11.5,31060.0,3
2026-04-27T03:00,13.2,0.0,7.0,11.2,27340.0,3
2026-04-27T04:00,11.8,0.0,6.8,13.0,27340.0,3
2026-04-27T05:00,11.5,0.0,4.7,6.5,27340.0,3
2026-04-27T06:00,11.1,0.0,7.6,11.2,27340.0,3
2026-04-27T07:00,11.3,0.0,6.6,9.4,27340.0,3
2026-04-27T08:00,12.2,0.0,6.8,10.8,2160.0,3
2026-04-27T09:00,13.3,0.0,7.7,14.4,27340.0,3
2026-04-27T10:00,15.6,0.0,6.6,11.5,33680.0,3
2026-04-27T11:00,19.1,0.0,8.2,14.8,40380.0,3
2026-04-27T12:00,22.4,0.0,6.8,18.4,42640.0,3
2026-04-27T13:00,24.8,0.0,8.7,19.4,51100.0,3
2026-04-27T14:00,26.4,0.0,10.8,21.6,51100.0,3
2026-04-27T15:00,27.0,0.0,12.9,26.6,51100.0,1
2026-04-27T16:00,27.1,0.0,14.6,28.4,51100.0,0
2026-04-27T17:00,27.5,0.0,9.8,23.0,51300.0,3
2026-04-27T18:00,25.7,0.0,16.8,33.5,51100.0,3
2026-04-27T19:00,24.6,0.0,13.2,27.7,51100.0,3
2026-04-27T20:00,22.8,0.0,13.2,23.8,51100.0,3
2026-04-27T21:00,20.2,0.0,11.2,19.4,51100.0,3
2026-04-27T22:00,18.4,0.0,6.9,16.2,51100.0,3
2026-04-27T23:00,17.1,0.0,6.6,12.6,44760.0,3
2026-04-28T00:00,16.5,0.0,4.8,9.7,44760.0,3
2026-04-28T01:00,15.9,0.0,0.8,5.8,44760.0,3
2026-04-28T02:00,15.7,0.0,3.1,11.9,42680.0,3
2026-04-28T03:00,15.9,0.0,0.7,10.1,42680.0,3
2026-04-28T04:00,15.4,0.0,2.5,3.2,42680.0,3
2026-04-28T05:00,15.0,0.0,3.4,4.7,40420.0,3
2026-04-28T06:00,14.9,0.0,2.1,1.4,40420.0,3
2026-04-28T07:00,13.8,0.0,5.8,7.6,40420.0,3
2026-04-28T08:00,14.3,0.0,5.5,8.3,40420.0,3
2026-04-28T09:00,15.6,0.0,3.2,4.3,40420.0,3
2026-04-28T10:00,17.5,0.0,4.7,14.4,42680.0,3
2026-04-28T11:00,20.3,0.0,2.5,13.3,42680.0,3
2026-04-28T12:00,22.8,0.0,2.2,13.7,44780.0,3
2026-04-28T13:00,22.9,0.0,1.1,16.9,51120.0,3
2026-04-28T14:00,24.2,0.0,7.0,18.0,51120.0,3
2026-04-28T15:00,24.3,0.0,7.4,18.7,44780.0,3
2026-04-28T16:00,23.0,0.0,19.5,40.0,44780.0,3
2026-04-28T17:00,23.2,0.0,11.9,28.8,44780.0,3
2026-04-28T18:00,21.7,0.0,5.1,19.1,44780.0,51
2026-04-28T19:00,20.5,0.8,11.8,20.2,44800.0,3
2026-04-28T20:00,17.5,0.0,6.9,20.5,42700.0,53
2026-04-28T21:00,16.6,0.0,1.1,8.3,42700.0,3
2026-04-28T22:00,15.9,0.0,5.0,9.4,40460.0,3
2026-04-28T23:00,15.4,0.0,4.6,4.0,37720.0,3
2026-04-29T00:00,16.9,0.0,8.2,14.8,37720.0,3
2026-04-29T01:00,16.8,0.1,9.2,13.0,18880.0,0
2026-04-29T02:00,16.5,0.0,8.5,8.6,8540.0,3
2026-04-29T03:00,14.8,0.0,5.3,10.4,3680.0,51
2026-04-29T04:00,14.8,0.2,4.3,16.6,4600.0,53
2026-04-29T05:00,14.5,2.4,6.1,5.4,2640.0,61
2026-04-29T06:00,14.7,0.0,6.3,13.0,4920.0,53
2026-04-29T07:00,14.5,0.2,8.9,7.2,4020.0,53
2026-04-29T08:00,14.9,0.6,9.4,18.4,19680.0,53
2026-04-29T09:00,15.7,0.0,12.1,19.1,26320.0,51
2026-04-29T10:00,15.9,0.1,10.8,16.9,16820.0,3
2026-04-29T11:00,16.4,0.5,17.3,23.4,4960.0,51
2026-04-29T12:00,17.7,0.2,15.2,21.2,12740.0,3
2026-04-29T13:00,18.5,0.0,14.8,28.1,37740.0,3
2026-04-29T14:00,19.2,0.0,16.0,23.4,37740.0,3
2026-04-29T15:00,20.0,0.0,17.9,19.4,40480.0,3
2026-04-29T16:00,20.3,0.0,18.8,26.6,6240.0,3
2026-04-29T17:00,20.9,0.0,18.6,32.0,14840.0,51
2026-04-29T18:00,21.2,0.0,14.8,23.4,40500.0,3
2026-04-29T19:00,22.2,0.0,13.6,21.2,40500.0,3
2026-04-29T20:00,21.0,0.0,12.9,20.9,37760.0,3
2026-04-29T21:00,19.9,0.0,9.6,13.0,37760.0,3
2026-04-29T22:00,18.9,0.0,10.0,13.3,37760.0,3
2026-04-29T23:00,17.9,0.0,8.7,9.4,33820.0,3
2026-04-30T00:00,17.0,0.0,10.9,13.0,37780.0,3
2026-04-30T01:00,17.0,0.0,13.8,16.2,37780.0,3
2026-04-30T02:00,16.8,0.0,12.4,11.2,37780.0,3
2026-04-30T03:00,16.0,0.0,10.1,14.0,33840.0,3
2026-04-30T04:00,15.7,0.0,6.1,10.4,37780.0,3
2026-04-30T05:00,15.0,0.0,10.0,13.0,33840.0,3
2026-04-30T06:00,15.3,0.0,11.3,14.4,33840.0,3
2026-04-30T07:00,14.6,0.0,7.0,8.6,9740.0,3
2026-04-30T08:00,15.3,0.5,9.3,18.4,29540.0,63
2026-04-30T09:00,15.5,2.3,6.9,12.2,28100.0,53
2026-04-30T10:00,15.9,0.0,13.4,16.9,13020.0,61
2026-04-30T11:00,16.5,0.0,14.2,21.2,11880.0,3
2026-04-30T12:00,17.2,0.0,6.6,14.4,37800.0,3
2026-04-30T13:00,20.0,0.0,5.0,15.8,40540.0,3
2026-04-30T14:00,21.8,0.0,9.4,20.5,40540.0,3
2026-04-30T15:00,22.2,0.0,12.5,22.0,42800.0,3
2026-04-30T16:00,21.6,1.0,16.8,31.3,42800.0,61
2026-04-30T17:00,20.5,0.0,16.2,24.8,8740.0,3
2026-04-30T18:00,20.7,0.0,15.5,24.5,18120.0,61
2026-04-30T19:00,19.7,0.0,10.5,19.1,35340.0,1
2026-04-30T20:00,18.6,0.0,6.9,13.3,20260.0,0
2026-04-30T21:00,17.4,0.0,1.1,12.2,25900.0,0
2026-04-30T22:00,15.9,0.0,1.9,2.9,28940.0,0
2026-04-30T23:00,14.5,0.0,2.3,2.9,30620.0,0
2026-05-01T00:00,13.8,0.0,4.9,3.2,27540.0,0
2026-05-01T01:00,13.2,0.0,5.5,8.6,27540.0,0
2026-05-01T02:00,12.4,0.0,5.4,6.5,100.0,0
2026-05-01T03:00,11.6,0.0,1.1,8.3,100.0,0
2026-05-01T04:00,11.1,0.0,4.4,6.1,100.0,1
2026-05-01T05:00,11.3,0.0,2.2,5.4,100.0,0
2026-05-01T06:00,10.4,0.0,0.8,2.2,120.0,3
2026-05-01T07:00,11.2,0.0,3.5,3.6,140.0,3
2026-05-01T08:00,12.3,0.0,4.1,4.0,180.0,3
2026-05-01T09:00,15.1,0.0,5.4,10.4,19900.0,3
2026-05-01T10:00,17.9,0.0,9.5,17.3,12460.0,3
2026-05-01T11:00,19.9,0.0,15.3,23.8,4880.0,2
2026-05-01T12:00,20.9,0.0,20.0,33.5,17300.0,3
2026-05-01T13:00,22.3,0.0,20.3,31.7,42840.0,2
2026-05-01T14:00,23.5,0.0,18.1,30.6,40580.0,1
2026-05-01T15:00,24.2,0.0,19.0,31.0,42840.0,1
2026-05-01T16:00,24.7,0.0,17.4,28.8,42840.0,3
2026-05-01T17:00,25.1,0.0,16.0,28.1,20820.0,3
2026-05-01T18:00,24.8,0.0,19.2,27.0,40600.0,2
2026-05-01T19:00,24.4,0.0,19.2,26.3,40600.0,3
2026-05-01T20:00,23.2,0.0,15.9,25.9,11200.0,3
2026-05-01T21:00,21.5,0.0,13.9,22.7,33920.0,3
2026-05-01T22:00,20.2,0.0,14.2,15.5,33940.0,3
2026-05-01T23:00,19.3,0.0,18.4,26.6,37880.0,3
2026-05-02T00:00,18.1,0.0,16.5,27.4,40620.0,3
2026-05-02T01:00,17.2,0.0,14.6,22.7,42860.0,3
2026-05-02T02:00,16.6,0.0,13.4,18.7,42880.0,2
2026-05-02T03:00,15.1,0.0,12.7,22.3,40620.0,3
2026-05-02T04:00,14.5,0.0,12.8,19.1,40620.0,3
2026-05-02T05:00,13.8,0.0,13.6,22.3,37900.0,3
2026-05-02T06:00,13.4,0.0,12.7,18.7,37900.0,3
2026-05-02T07:00,13.2,0.0,12.8,21.2,37900.0,0
2026-05-02T08:00,14.0,0.0,14.8,19.8,31340.0,3
2026-05-02T09:00,15.3,0.0,10.7,20.9,33960.0,51
2026-05-02T10:00,15.4,0.0,12.5,16.6,33960.0,53
2026-05-02T11:00,16.7,0.1,7.7,8.6,33960.0,51
2026-05-02T12:00,16.8,0.1,13.9,14.4,37900.0,3
2026-05-02T13:00,17.9,0.0,14.3,32.0,37920.0,51
2026-05-02T14:00,17.8,0.5,13.3,27.0,6960.0,53
2026-05-02T15:00,20.2,0.0,7.2,18.0,15600.0,3
2026-05-02T16:00,19.9,0.0,7.1,15.5,9420.0,81
2026-05-02T17:00,18.3,0.4,4.6,21.2,13580.0,63
2026-05-02T18:00,17.5,0.0,1.8,10.8,3400.0,53
2026-05-02T19:00,17.0,0.0,7.0,8.3,2100.0,53
2026-05-02T20:00,15.7,0.0,7.9,5.4,3800.0,53
2026-05-02T21:00,15.1,1.2,7.6,6.8,25120.0,51
2026-05-02T22:00,15.4,1.3,12.3,12.6,10000.0,51
2026-05-02T23:00,15.4,0.0,15.0,19.1,5200.0,3
2026-05-03T00:00,14.9,0.2,17.6,20.2,5420.0,53
2026-05-03T01:00,14.8,0.0,14.3,19.4,6820.0,55
2026-05-03T02:00,14.5,0.0,12.1,18.4,10260.0,53
2026-05-03T03:00,14.8,0.0,11.4,13.0,20340.0,3
2026-05-03T04:00,14.0,0.0,3.6,7.2,9340.0,3
2026-05-03T05:00,14.1,0.0,4.0,1.8,13580.0,3
2026-05-03T06:00,14.2,0.0,8.0,6.5,10460.0,3
2026-05-03T07:00,14.1,0.0,9.2,14.0,11980.0,3
2026-05-03T08:00,14.2,0.0,8.8,15.8,15320.0,3
2026-05-03T09:00,15.2,0.0,8.3,15.1,10920.0,3
2026-05-03T10:00,16.4,0.0,8.2,15.5,12920.0,3
2026-05-03T11:00,18.3,0.0,7.9,21.2,34020.0,3
2026-05-03T12:00,20.0,0.0,13.0,28.8,6840.0,3
2026-05-03T13:00,20.2,0.0,11.2,30.6,11740.0,53
2026-05-03T14:00,20.9,1.8,12.0,21.2,22420.0,51
2026-05-03T15:00,20.4,0.0,11.4,27.0,18260.0,53
2026-05-03T16:00,19.0,7.4,6.1,16.2,26320.0,61
2026-05-03T17:00,21.0,0.0,12.9,26.6,40700.0,3
2026-05-03T18:00,20.4,0.0,10.4,22.3,21380.0,3
2026-05-03T19:00,19.3,0.0,4.1,14.8,37980.0,3
2026-05-03T20:00,18.3,0.0,7.3,15.8,19860.0,3
2026-05-03T21:00,16.8,0.2,6.9,11.5,15260.0,51
2026-05-03T22:00,16.2,0.1,10.2,9.4,26900.0,51
2026-05-03T23:00,15.9,0.0,7.3,11.2,20380.0,3
2026-05-04T00:00,15.3,0.3,10.2,19.1,27180.0,51
2026-05-04T01:00,14.9,0.0,13.9,18.7,11840.0,63
2026-05-04T02:00,14.9,1.4,10.9,18.4,3620.0,63
2026-05-04T03:00,13.7,1.8,11.2,16.9,4880.0,51
2026-05-04T04:00,14.1,0.0,9.4,12.2,6500.0,51
2026-05-04T05:00,14.0,0.0,4.0,5.0,5480.0,3
2026-05-04T06:00,14.1,1.5,4.0,7.2,3460.0,63
2026-05-04T07:00,13.8,0.4,2.2,10.4,8380.0,61
2026-05-04T08:00,13.9,0.1,6.3,4.0,21680.0,51
2026-05-04T09:00,14.4,1.0,2.6,13.0,740.0,63
2026-05-04T10:00,14.9,1.9,2.6,4.7,14820.0,63
2026-05-04T11:00,15.9,0.2,5.1,11.5,22980.0,51
2026-05-04T12:00,17.4,0.0,8.2,18.7,38020.0,2
2026-05-04T13:00,17.1,0.3,15.1,26.6,15680.0,55
2026-05-04T14:00,17.5,0.0,12.9,28.4,5420.0,53
2026-05-04T15:00,17.3,0.0,9.4,24.5,9560.0,53
2026-05-04T16:00,16.5,0.2,11.7,26.6,13700.0,51
2026-05-04T17:00,16.3,0.5,21.5,17.6,6040.0,63
2026-05-04T18:00,16.5,0.0,15.3,27.7,6900.0,61
2026-05-04T19:00,16.3,0.0,13.6,24.8,6380.0,3
2026-05-04T20:00,14.9,0.0,15.8,27.0,10320.0,3
2026-05-04T21:00,14.0,0.0,11.3,19.8,18660.0,3
2026-05-04T22:00,13.5,0.0,11.1,15.5,31480.0,3
2026-05-04T23:00,13.2,0.0,9.8,18.7,29700.0,1
2026-05-05T00:00,12.5,0.0,7.2,13.0,24700.0,0
2026-05-05T01:00,12.1,0.0,6.1,8.3,24300.0,2
2026-05-05T02:00,12.0,0.0,8.3,8.6,14580.0,3
2026-05-05T03:00,11.7,0.0,6.6,6.5,17600.0,3
2026-05-05T04:00,12.2,0.0,7.6,8.6,15480.0,3
2026-05-05T05:00,12.1,0.0,6.7,8.3,15400.0,3
2026-05-05T06:00,11.8,0.0,5.1,6.8,14860.0,51
2026-05-05T07:00,11.4,0.0,2.8,10.8,18060.0,3
2026-05-05T08:00,12.2,0.1,9.0,9.0,13120.0,2
2026-05-05T09:00,13.6,0.1,9.1,10.4,13180.0,3
2026-05-05T10:00,14.1,0.0,13.0,18.4,10860.0,3
2026-05-05T11:00,13.9,1.2,14.5,22.7,9220.0,51
2026-05-05T12:00,12.8,1.3,10.9,27.7,9880.0,63
2026-05-05T13:00,13.5,0.0,9.1,29.2,7980.0,61
2026-05-05T14:00,15.0,0.0,10.8,24.1,2560.0,3
2026-05-05T15:00,16.5,0.0,12.7,20.9,5960.0,81
2026-05-05T16:00,14.2,0.0,14.8,40.7,14500.0,53
2026-05-05T17:00,15.1,0.6,13.7,25.9,15680.0,3
2026-05-05T18:00,15.5,0.0,17.8,27.7,24000.0,53
2026-05-05T19:00,15.6,0.0,18.8,31.0,40820.0,3
2026-05-05T20:00,14.9,0.0,15.5,23.0,38080.0,3
2026-05-05T21:00,13.4,0.0,12.1,18.4,31940.0,0
2026-05-05T22:00,11.7,0.0,9.2,13.0,29900.0,3
2026-05-05T23:00,10.8,0.0,10.0,15.8,26120.0,3
2026-05-06T00:00,10.9,0.0,9.1,16.9,27220.0,3
2026-05-06T01:00,10.3,0.0,13.0,14.4,25660.0,3
2026-05-06T02:00,10.0,0.0,11.7,19.1,15500.0,3
2026-05-06T03:00,10.7,0.0,8.3,12.2,9380.0,3
2026-05-06T04:00,10.8,0.0,14.3,15.1,10160.0,3
2026-05-06T05:00,10.3,0.0,13.9,21.2,9600.0,3
2026-05-06T06:00,10.5,0.0,15.4,24.8,10860.0,3
2026-05-06T07:00,11.2,2.7,14.5,22.0,12320.0,51
2026-05-06T08:00,11.4,0.7,13.9,19.4,11920.0,55
2026-05-06T09:00,12.2,0.0,16.6,22.0,12540.0,3
2026-05-06T10:00,13.2,0.7,9.3,23.8,16480.0,51
2026-05-06T11:00,13.6,0.8,18.2,25.9,8460.0,53
2026-05-06T12:00,15.0,0.0,19.8,34.2,38120.0,61
2026-05-06T13:00,15.2,0.0,23.9,32.8,43100.0,3
2026-05-06T14:00,15.5,0.0,20.8,36.7,38140.0,3
2026-05-06T15:00,15.5,0.0,23.1,35.6,40860.0,51
2026-05-06T16:00,15.0,0.0,21.9,40.0,8520.0,2
2026-05-06T17:00,16.5,0.0,25.5,37.1,38140.0,3
2026-05-06T18:00,15.4,0.0,22.7,37.8,30580.0,3
2026-05-06T19:00,15.6,0.0,20.5,31.7,40860.0,2
2026-05-06T20:00,15.3,0.0,18.4,28.4,40860.0,1
2026-05-06T21:00,13.7,0.0,12.6,23.4,38140.0,2
2026-05-06T22:00,11.9,0.0,8.4,11.2,32620.0,1
2026-05-06T23:00,11.1,0.0,9.0,12.6,30760.0,1
2026-05-07T00:00,10.9,0.0,8.6,15.1,31500.0,1
2026-05-07T01:00,10.9,0.0,9.1,12.6,31560.0,0
2026-05-07T02:00,9.6,0.0,6.3,9.4,29500.0,1
2026-05-07T03:00,8.4,0.0,6.6,9.7,32000.0,0
2026-05-07T04:00,7.1,0.0,6.8,6.8,31080.0,0
2026-05-07T05:00,6.7,0.0,7.2,9.0,31620.0,1
2026-05-07T06:00,6.6,0.0,6.6,9.7,31620.0,0
2026-05-07T07:00,6.0,0.0,6.7,7.6,31620.0,0
2026-05-07T08:00,7.7,0.0,6.5,7.2,31620.0,0
2026-05-07T09:00,12.4,0.0,3.8,6.1,34240.0,0
2026-05-07T10:00,15.3,0.0,3.1,10.1,38180.0,0
2026-05-07T11:00,16.8,0.0,0.8,13.7,40900.0,1
2026-05-07T12:00,18.5,0.0,4.2,11.9,43140.0,0
2026-05-07T13:00,19.7,0.0,4.0,18.0,43140.0,0
2026-05-07T14:00,20.6,0.0,8.1,18.7,45200.0,0
2026-05-07T15:00,21.3,0.0,11.3,22.3,45200.0,0
2026-05-07T16:00,21.5,0.0,10.8,25.2,45220.0,0
2026-05-07T17:00,21.9,0.0,12.6,23.0,45220.0,0
2026-05-07T18:00,21.9,0.0,14.4,23.4,45220.0,0
2026-05-07T19:00,21.3,0.0,16.6,24.8,43160.0,3
2026-05-07T20:00,20.2,0.0,13.8,22.3,43160.0,3
2026-05-07T21:00,18.0,0.0,10.0,14.4,40920.0,3
2026-05-07T22:00,16.0,0.0,8.8,12.2,40920.0,3
2026-05-07T23:00,14.7,0.0,7.2,10.8,40920.0,3
2026-05-08T00:00,13.5,0.0,2.4,6.8,38200.0,3
2026-05-08T01:00,11.9,0.0,1.5,2.5,38220.0,0
2026-05-08T02:00,10.9,0.0,4.0,5.8,38220.0,0
2026-05-08T03:00,10.4,0.0,6.6,9.0,34280.0,0
2026-05-08T04:00,10.0,0.0,5.6,6.5,34280.0,0
2026-05-08T05:00,9.6,0.0,7.2,9.7,34280.0,0
2026-05-08T06:00,9.5,0.0,8.9,9.0,34280.0,0
2026-05-08T07:00,9.3,0.0,8.7,9.0,34280.0,0
2026-05-08T08:00,11.3,0.0,9.0,13.0,34280.0,0
2026-05-08T09:00,15.2,0.0,11.9,14.8,34280.0,0
2026-05-08T10:00,18.0,0.0,16.3,25.6,38240.0,0
2026-05-08T11:00,20.3,0.0,17.9,28.4,40960.0,3
2026-05-08T12:00,22.1,0.0,19.0,29.9,43200.0,3
2026-05-08T13:00,23.4,0.0,18.1,31.7,45260.0,3
2026-05-08T14:00,24.1,0.0,18.4,31.7,45260.0,3
2026-05-08T15:00,24.4,0.0,19.7,31.7,51460.0,3
2026-05-08T16:00,24.4,0.0,19.6,33.8,51460.0,3
2026-05-08T17:00,24.3,0.0,18.9,31.7,51460.0,3
2026-05-08T18:00,23.4,0.0,17.9,29.5,4960.0,3
2026-05-08T19:00,23.1,0.0,19.2,29.2,33860.0,3
2026-05-08T20:00,21.6,0.0,7.2,25.6,40980.0,3
2026-05-08T21:00,19.2,0.0,10.8,12.6,40980.0,3
2026-05-08T22:00,16.5,1.3,4.0,11.2,38260.0,3
2026-05-08T23:00,15.6,0.0,8.9,22.7,38260.0,3
2026-05-09T00:00,16.0,0.0,8.1,7.9,34320.0,3
2026-05-09T01:00,14.8,0.0,3.4,7.6,33960.0,3
2026-05-09T02:00,14.4,0.0,9.4,23.0,34320.0,1
2026-05-09T03:00,13.3,0.0,2.9,5.0,31720.0,0
2026-05-09T04:00,13.2,0.0,5.2,9.0,31720.0,3
2026-05-09T05:00,13.0,0.0,9.1,10.1,31720.0,0
2026-05-09T06:00,12.1,0.0,9.3,9.0,31720.0,0
2026-05-09T07:00,12.9,0.0,14.8,19.1,27980.0,0
2026-05-09T08:00,14.2,0.0,13.8,20.2,31720.0,2
2026-05-09T09:00,16.2,0.0,16.8,27.4,34340.0,2
2026-05-09T10:00,17.8,0.0,17.7,28.1,38280.0,2
2026-05-09T11:00,19.3,0.0,18.4,28.8,38280.0,3
2026-05-09T12:00,21.3,0.0,16.1,25.6,38300.0,3
2026-05-09T13:00,23.0,0.0,16.9,28.8,41020.0,3
2026-05-09T14:00,23.7,0.0,19.7,32.8,41020.0,3
2026-05-09T15:00,24.2,0.0,18.4,32.4,41020.0,3
2026-05-09T16:00,24.1,0.0,15.9,29.5,41020.0,3
2026-05-09T17:00,24.1,0.0,16.8,26.3,43260.0,3
2026-05-09T18:00,24.0,0.0,14.8,27.7,41020.0,3
2026-05-09T19:00,23.5,0.0,13.3,23.4,43260.0,3
2026-05-09T20:00,22.4,0.0,8.4,19.8,43260.0,3
2026-05-09T21:00,21.2,0.0,12.5,12.2,41020.0,3
2026-05-09T22:00,18.4,0.0,7.3,25.9,41040.0,3
2026-05-09T23:00,17.6,0.0,1.3,18.7,38320.0,3
2026-05-10T00:00,18.3,0.0,13.8,15.1,38320.0,3
2026-05-10T01:00,17.6,0.0,11.1,19.4,38320.0,3
2026-05-10T02:00,16.8,0.0,10.8,16.2,38320.0,3
2026-05-10T03:00,15.8,0.0,6.8,17.3,38320.0,3
2026-05-10T04:00,15.7,0.0,11.5,19.1,34380.0,3
2026-05-10T05:00,15.5,0.0,12.4,19.1,31780.0,3
2026-05-10T06:00,14.5,0.0,11.8,17.6,13460.0,3
2026-05-10T07:00,14.4,0.0,12.0,10.1,27540.0,3
2026-05-10T08:00,14.9,0.0,9.9,16.6,31560.0,2
2026-05-10T09:00,16.3,0.0,11.8,20.5,31780.0,3
2026-05-10T10:00,18.1,0.0,15.3,30.6,38340.0,2
2026-05-10T11:00,19.5,0.2,21.0,32.8,24700.0,2
2026-05-10T12:00,20.8,0.0,25.0,36.7,43300.0,3
2026-05-10T13:00,21.8,0.0,26.1,37.4,43300.0,1
2026-05-10T14:00,21.7,0.0,24.8,40.7,45360.0,1
2026-05-10T15:00,22.2,0.0,26.0,42.1,41060.0,2
2026-05-10T16:00,21.9,0.0,24.7,42.8,45360.0,0
2026-05-10T17:00,22.7,0.0,22.4,40.3,45360.0,1
2026-05-10T18:00,21.6,0.0,19.4,37.1,45360.0,3
2026-05-10T19:00,20.1,0.0,18.4,31.3,43320.0,3
2026-05-10T20:00,18.5,0.0,11.7,19.8,41080.0,3
2026-05-10T21:00,17.4,0.0,10.7,21.2,41080.0,3
2026-05-10T22:00,16.4,0.0,11.9,20.2,7340.0,0
2026-05-10T23:00,15.2,0.0,6.5,14.0,16900.0,3
2026-05-11T00:00,13.8,0.0,8.8,11.2,20700.0,0
2026-05-11T01:00,13.5,0.0,11.6,15.5,19000.0,0
2026-05-11T02:00,12.6,0.0,8.4,12.6,31820.0,0
2026-05-11T03:00,11.6,0.0,9.3,9.7,12040.0,0
2026-05-11T04:00,11.4,0.0,10.4,13.7,25120.0,0
2026-05-11T05:00,10.9,0.0,11.0,13.3,19300.0,0
2026-05-11T06:00,10.4,0.0,9.0,11.5,23060.0,2
2026-05-11T07:00,11.4,0.0,10.3,12.6,27780.0,0
2026-05-11T08:00,12.9,0.0,10.5,16.2,23960.0,0
2026-05-11T09:00,15.9,0.0,14.3,23.0,28140.0,0
2026-05-11T10:00,17.8,0.0,19.2,32.4,21640.0,3
2026-05-11T11:00,18.7,0.0,20.8,34.2,15280.0,2
2026-05-11T12:00,19.8,0.0,23.7,35.3,20380.0,3
2026-05-11T13:00,20.3,0.0,27.6,40.3,17980.0,2
2026-05-11T14:00,20.2,0.0,27.5,44.3,18240.0,3
2026-05-11T15:00,20.6,0.0,27.4,44.6,13120.0,2
2026-05-11T16:00,19.0,0.0,30.5,44.6,12840.0,0
2026-05-11T17:00,19.6,0.0,26.7,44.3,8660.0,51
2026-05-11T18:00,19.2,0.0,23.9,39.6,11340.0,1
2026-05-11T19:00,18.1,0.0,22.6,36.7,35160.0,1
2026-05-11T20:00,16.7,0.0,19.5,36.4,41140.0,2
2026-05-11T21:00,15.2,0.0,14.8,28.8,38420.0,0
2026-05-11T22:00,13.8,0.0,9.7,20.9,38420.0,0
2026-05-11T23:00,12.7,0.0,9.2,13.3,34500.0,0
2026-05-12T00:00,11.8,0.0,6.6,13.3,33420.0,0
2026-05-12T01:00,10.9,0.0,6.5,9.0,34140.0,0
2026-05-12T02:00,10.4,0.0,6.8,11.9,34500.0,0
2026-05-12T03:00,9.8,0.0,5.6,9.0,31880.0,0
2026-05-12T04:00,9.7,0.0,4.2,9.7,34300.0,0
2026-05-12T05:00,9.1,0.0,1.8,5.4,34500.0,0
2026-05-12T06:00,7.7,0.0,2.8,2.2,31900.0,0
2026-05-12T07:00,7.7,0.0,2.6,1.1,31900.0,0
2026-05-12T08:00,8.9,0.0,0.7,1.8,29560.0,3
2026-05-12T09:00,13.1,0.0,5.5,4.0,37360.0,0
2026-05-12T10:00,16.0,0.0,10.0,20.2,40680.0,0
2026-05-12T11:00,17.0,0.0,9.9,20.2,43680.0,2
2026-05-12T12:00,18.2,0.0,4.9,18.4,43680.0,2
2026-05-12T13:00,18.5,0.0,7.3,20.9,43680.0,3
2026-05-12T14:00,18.7,0.0,12.6,31.7,43680.0,3
2026-05-12T15:00,19.7,0.0,8.5,25.2,43660.0,3
2026-05-12T16:00,19.5,0.0,11.2,25.6,43660.0,3
2026-05-12T17:00,18.3,0.0,14.7,25.9,43660.0,3
2026-05-12T18:00,18.3,0.0,16.4,27.0,47640.0,3
2026-05-12T19:00,17.5,0.0,20.7,28.1,47620.0,3
2026-05-12T20:00,16.4,0.0,18.3,26.3,43660.0,3
2026-05-12T21:00,14.6,0.0,14.8,27.0,43660.0,3
2026-05-12T22:00,13.3,0.0,10.9,21.2,40640.0,3
2026-05-12T23:00,12.6,0.0,9.6,14.4,40640.0,3
2026-05-13T00:00,12.3,0.0,8.3,15.1,37320.0,3
2026-05-13T01:00,12.0,0.0,9.0,12.2,37320.0,3
2026-05-13T02:00,12.0,0.0,8.3,11.9,37320.0,3
2026-05-13T03:00,11.7,0.0,9.0,12.6,37300.0,3
2026-05-13T04:00,11.3,0.0,10.1,13.3,37300.0,51
2026-05-13T05:00,11.7,0.0,9.6,13.7,37300.0,3
2026-05-13T06:00,12.0,0.1,11.2,14.4,37300.0,3
2026-05-13T07:00,11.6,0.3,12.1,14.8,17880.0,3
2026-05-13T08:00,12.6,0.0,8.5,16.2,13780.0,3
2026-05-13T09:00,13.3,0.0,12.0,21.2,14300.0,3
2026-05-13T10:00,14.1,0.0,11.2,24.1,13100.0,0
2026-05-13T11:00,15.4,0.0,16.5,24.5,7760.0,1
2026-05-13T12:00,17.1,0.0,16.6,29.5,11160.0,2
2026-05-13T13:00,17.6,0.0,23.4,39.6,43620.0,2
2026-05-13T14:00,18.9,0.0,29.4,41.0,19300.0,3
2026-05-13T15:00,17.9,0.0,32.4,46.8,43600.0,3
2026-05-13T16:00,18.5,0.0,32.0,46.8,43600.0,3
2026-05-13T17:00,17.6,0.0,34.2,51.1,26960.0,3
2026-05-13T18:00,17.7,0.0,28.4,45.4,43600.0,2
2026-05-13T19:00,16.8,0.0,28.1,43.6,43600.0,1
2026-05-13T20:00,15.8,0.0,26.8,41.4,40580.0,1
2026-05-13T21:00,14.8,0.0,21.3,38.2,26760.0,3
2026-05-13T22:00,14.2,0.0,16.6,36.0,22420.0,3
2026-05-13T23:00,13.7,0.1,19.1,33.1,20500.0,51
2026-05-14T00:00,13.1,0.3,16.3,32.4,29300.0,51
2026-05-14T01:00,13.1,0.0,21.3,35.6,15120.0,51
2026-05-14T02:00,12.3,0.1,15.6,28.4,7260.0,53
2026-05-14T03:00,11.6,0.1,20.4,27.4,3780.0,61
2026-05-14T04:00,11.5,0.6,13.7,28.4,4200.0,53
2026-05-14T05:00,11.0,0.0,13.7,31.7,12280.0,3
2026-05-14T06:00,10.5,0.1,11.9,27.0,6700.0,51
2026-05-14T07:00,9.9,0.0,12.9,20.2,12100.0,3
2026-05-14T08:00,11.0,0.0,13.9,20.2,11280.0,0
2026-05-14T09:00,11.2,1.0,18.9,34.2,4740.0,53
2026-05-14T10:00,11.6,0.6,23.9,41.0,13460.0,53
2026-05-14T11:00,12.8,0.7,23.9,43.6,5080.0,55
2026-05-14T12:00,13.0,0.6,16.8,28.1,40540.0,51
2026-05-14T13:00,14.0,0.6,25.6,40.0,8500.0,55
2026-05-14T14:00,13.5,0.5,22.9,39.6,6980.0,61
2026-05-14T15:00,14.5,0.4,28.6,51.5,11320.0,53
2026-05-14T16:00,13.4,0.1,27.2,43.2,4840.0,51
2026-05-14T17:00,12.7,0.2,23.7,41.4,4100.0,61
2026-05-14T18:00,12.3,1.2,21.4,28.4,5860.0,53
2026-05-14T19:00,10.7,1.5,25.5,41.8,3640.0,63
2026-05-14T20:00,11.1,1.6,11.8,14.0,3440.0,63
2026-05-14T21:00,9.7,1.7,10.6,16.9,2740.0,51
2026-05-14T22:00,9.5,0.9,13.4,20.5,2680.0,53
2026-05-14T23:00,9.3,1.2,6.0,15.5,2980.0,63
2026-05-15T00:00,9.4,0.8,5.9,11.9,4280.0,55
2026-05-15T01:00,9.0,1.1,5.5,14.8,5580.0,61
2026-05-15T02:00,9.0,1.2,6.6,11.9,8780.0,61
2026-05-15T03:00,8.5,0.1,5.6,6.5,12400.0,51
2026-05-15T04:00,7.9,0.0,7.2,10.4,6080.0,51
2026-05-15T05:00,7.7,0.0,7.6,15.1,20240.0,3
2026-05-15T06:00,6.7,0.0,5.7,11.9,15800.0,3
2026-05-15T07:00,6.2,0.0,6.4,6.5,16880.0,3
2026-05-15T08:00,7.4,0.0,7.5,13.7,17080.0,0
2026-05-15T09:00,10.2,0.0,6.8,14.4,14660.0,0
2026-05-15T10:00,11.8,0.0,11.9,22.0,12020.0,0
2026-05-15T11:00,13.1,0.0,11.4,22.3,10680.0,2
2026-05-15T12:00,13.5,0.0,10.1,22.0,11280.0,1
2026-05-15T13:00,14.9,0.0,11.9,23.4,29920.0,3
2026-05-15T14:00,16.2,0.0,11.4,25.2,5080.0,3
2026-05-15T15:00,17.0,0.0,12.9,26.3,7440.0,1
2026-05-15T16:00,17.1,0.0,15.5,27.4,6980.0,1
2026-05-15T17:00,17.5,0.0,17.7,30.6,6560.0,1
2026-05-15T18:00,15.9,0.4,19.6,32.8,9220.0,51
2026-05-15T19:00,15.1,0.0,24.7,37.4,20860.0,0
2026-05-15T20:00,14.1,0.0,20.9,32.8,43480.0,0
2026-05-15T21:00,12.3,0.0,16.2,28.1,43480.0,0
2026-05-15T22:00,10.5,0.0,10.1,23.0,40460.0,0
2026-05-15T23:00,9.2,0.0,10.1,13.3,37140.0,0
2026-05-16T00:00,8.0,0.0,9.9,11.9,37140.0,0
2026-05-16T01:00,7.8,0.0,9.2,14.8,37140.0,3
2026-05-16T02:00,8.5,0.2,15.8,17.3,7940.0,0
2026-05-16T03:00,8.7,0.1,8.1,31.0,19180.0,3
2026-05-16T04:00,8.4,0.0,17.2,25.2,9660.0,51
2026-05-16T05:00,7.9,0.0,8.2,15.1,12760.0,51
2026-05-16T06:00,8.5,0.1,10.2,11.2,22720.0,0
2026-05-16T07:00,8.3,0.0,11.9,14.8,29340.0,3
2026-05-16T08:00,8.9,0.0,10.7,11.9,33140.0,0
2026-05-16T09:00,10.5,0.6,7.6,18.0,14740.0,51
2026-05-16T10:00,12.0,0.0,7.2,19.1,14680.0,3
2026-05-16T11:00,13.8,0.0,10.1,19.1,16240.0,3
2026-05-16T12:00,14.7,0.1,11.2,25.9,14820.0,3
2026-05-16T13:00,14.4,0.0,14.6,25.6,40420.0,3
2026-05-16T14:00,15.4,0.0,18.3,27.4,43420.0,2
2026-05-16T15:00,16.7,0.0,18.3,26.3,43420.0,51
2026-05-16T16:00,15.4,0.0,20.6,29.9,43420.0,3
2026-05-16T17:00,16.5,0.0,19.8,27.0,16060.0,3
2026-05-16T18:00,15.4,0.0,20.2,29.5,9920.0,1
2026-05-16T19:00,14.6,0.0,15.2,28.1,8660.0,1
2026-05-16T20:00,15.0,0.0,14.9,22.7,15920.0,1
2026-05-16T21:00,13.5,0.0,12.6,23.8,10980.0,3
2026-05-16T22:00,12.8,0.0,8.7,9.7,12580.0,3
2026-05-16T23:00,12.1,0.0,7.9,6.5,21460.0,3
2026-05-17T00:00,11.2,0.0,11.3,13.3,11160.0,2
2026-05-17T01:00,10.9,0.0,11.7,13.3,12760.0,3
2026-05-17T02:00,10.8,0.0,11.8,12.2,6540.0,3
2026-05-17T03:00,10.5,0.0,12.2,12.2,16820.0,3
2026-05-17T04:00,9.9,0.0,8.4,10.4,13760.0,3
2026-05-17T05:00,10.0,0.0,12.1,11.5,19540.0,3
2026-05-17T06:00,9.5,0.0,9.2,8.3,20120.0,51
2026-05-17T07:00,10.5,0.0,9.8,10.1,22080.0,3
2026-05-17T08:00,11.7,0.0,9.7,14.4,12800.0,51
2026-05-17T09:00,13.1,0.0,11.2,18.7,18720.0,3
2026-05-17T10:00,15.3,0.0,10.9,19.1,14480.0,3
2026-05-17T11:00,15.8,0.1,17.1,27.7,18200.0,51
2026-05-17T12:00,16.2,0.0,23.5,34.2,37100.0,2
2026-05-17T13:00,17.5,0.0,20.5,38.2,40420.0,61
2026-05-17T14:00,17.2,0.2,19.7,28.8,43440.0,53
2026-05-17T15:00,17.2,0.0,21.6,32.0,18880.0,3
2026-05-17T16:00,18.3,0.0,19.8,34.2,43440.0,3
2026-05-17T17:00,17.9,0.0,24.3,37.1,43440.0,3
2026-05-17T18:00,18.1,0.0,22.5,37.1,43440.0,1
2026-05-17T19:00,17.0,0.0,21.1,36.0,43440.0,0
2026-05-17T20:00,16.2,0.0,17.3,29.5,40420.0,0
2026-05-17T21:00,14.3,0.0,10.2,22.0,40420.0,0
2026-05-17T22:00,12.2,0.0,7.3,12.6,37100.0,0
2026-05-17T23:00,11.7,0.0,6.1,9.0,16620.0,1
2026-05-18T00:00,11.2,0.0,7.3,11.2,13260.0,1
2026-05-18T01:00,10.5,0.0,5.7,7.9,16360.0,0
2026-05-18T02:00,9.7,0.0,7.8,8.3,29340.0,3
2026-05-18T03:00,8.5,0.0,8.2,9.7,27380.0,3
2026-05-18T04:00,8.8,0.0,9.5,10.4,29060.0,3
2026-05-18T05:00,8.7,0.0,5.7,7.6,29340.0,3
2026-05-18T06:00,9.1,0.0,10.4,7.9,33120.0,3
2026-05-18T07:00,8.8,0.0,9.4,11.2,33120.0,3
2026-05-18T08:00,10.1,0.0,9.2,12.6,13620.0,3
2026-05-18T09:00,12.6,0.0,6.6,14.8,37100.0,3
2026-05-18T10:00,14.3,0.0,7.2,15.1,21720.0,3
2026-05-18T11:00,16.5,0.0,8.7,20.9,43440.0,51
2026-05-18T12:00,15.4,1.2,15.2,16.9,43440.0,51
2026-05-18T13:00,16.2,0.3,10.3,16.2,47420.0,3
2026-05-18T14:00,17.6,0.0,10.3,23.8,43440.0,3
2026-05-18T15:00,18.4,0.0,16.9,22.7,43440.0,3
2026-05-18T16:00,18.9,0.0,20.0,24.1,43440.0,3
2026-05-18T17:00,19.0,0.0,16.0,24.8,47420.0,1
2026-05-18T18:00,18.5,0.0,14.8,25.6,43440.0,3
2026-05-18T19:00,18.0,0.0,15.4,22.7,43440.0,1
2026-05-18T20:00,16.9,0.0,10.8,17.6,43440.0,3
2026-05-18T21:00,15.3,0.0,7.3,13.7,40420.0,3
2026-05-18T22:00,13.7,0.0,4.3,6.8,37100.0,3
2026-05-18T23:00,12.6,0.0,2.4,3.2,37100.0,3
2026-05-19T00:00,12.3,0.0,3.6,5.0,37100.0,3
2026-05-19T01:00,12.1,0.0,4.7,7.2,23340.0,3
2026-05-19T02:00,12.1,0.0,1.1,5.8,33100.0,3
2026-05-19T03:00,12.2,0.0,3.1,6.5,33100.0,3
2026-05-19T04:00,12.6,0.0,5.9,5.4,33100.0,3
2026-05-19T05:00,12.2,0.0,4.1,5.8,37100.0,3
2026-05-19T06:00,12.2,0.0,5.8,8.3,37100.0,3
2026-05-19T07:00,12.4,0.0,6.2,4.3,37100.0,3
2026-05-19T08:00,13.8,0.0,9.0,8.6,37100.0,3
2026-05-19T09:00,15.1,0.0,9.7,15.1,37100.0,3
2026-05-19T10:00,16.1,0.0,12.1,14.8,40420.0,3
2026-05-19T11:00,18.0,0.0,9.7,15.5,43440.0,3
2026-05-19T12:00,20.5,0.0,8.7,25.2,47420.0,3
2026-05-19T13:00,20.7,0.0,8.8,26.6,5120.0,3
2026-05-19T14:00,21.8,0.0,9.9,25.6,47420.0,3
2026-05-19T15:00,21.3,0.0,14.4,29.5,47420.0,51
2026-05-19T16:00,21.3,0.0,17.3,31.3,5640.0,3
2026-05-19T17:00,21.6,0.0,19.9,29.5,43440.0,3
2026-05-19T18:00,20.3,0.0,15.6,26.6,43440.0,1
2026-05-19T19:00,20.9,0.0,15.7,27.7,43440.0,0
2026-05-19T20:00,20.1,0.0,14.3,27.0,43440.0,0
2026-05-19T21:00,18.1,0.0,10.3,20.5,40420.0,0
2026-05-19T22:00,16.4,0.0,8.1,13.7,37100.0,1
2026-05-19T23:00,15.6,0.0,7.6,12.6,29580.0,2
2026-05-20T00:00,14.4,0.0,6.5,11.2,33100.0,0
2026-05-20T01:00,13.8,0.0,5.4,8.6,30540.0,0
2026-05-20T02:00,13.4,0.0,4.0,6.8,15120.0,3
2026-05-20T03:00,12.6,0.0,6.9,6.8,12420.0,3
2026-05-20T04:00,13.8,0.0,7.1,10.4,20920.0,3
2026-05-20T05:00,13.9,0.0,8.1,10.1,17060.0,0
2026-05-20T06:00,13.4,0.0,7.2,11.5,17060.0,3
2026-05-20T07:00,13.8,0.0,4.4,13.3,16780.0,3
2026-05-20T08:00,14.7,0.0,6.3,6.8,17060.0,3
2026-05-20T09:00,16.5,0.0,7.3,13.7,19280.0,3
2026-05-20T10:00,17.4,0.0,8.7,16.2,15140.0,3
2026-05-20T11:00,18.5,0.0,5.2,14.0,40440.0,3
2026-05-20T12:00,19.7,0.0,4.0,14.8,40440.0,3
2026-05-20T13:00,21.0,0.0,5.2,16.2,40420.0,3
2026-05-20T14:00,21.5,0.0,2.8,12.2,14860.0,3
2026-05-20T15:00,22.3,0.0,3.9,11.5,14940.0,53
2026-05-20T16:00,22.5,0.0,8.6,19.8,40440.0,1
2026-05-20T17:00,22.9,0.0,3.5,18.7,43440.0,2
2026-05-20T18:00,23.7,0.0,4.0,14.4,31680.0,3
2026-05-20T19:00,23.8,0.0,4.8,12.2,40440.0,1
2026-05-20T20:00,23.0,0.0,12.0,18.7,40440.0,0
2026-05-20T21:00,19.9,0.0,12.5,21.2,40440.0,1
2026-05-20T22:00,17.6,0.0,8.0,13.7,40440.0,3
2026-05-20T23:00,16.1,0.0,9.3,13.7,37100.0,3
2026-05-21T00:00,15.1,0.0,7.8,15.1,33100.0,3
2026-05-21T01:00,14.2,0.0,6.9,10.1,33100.0,2
2026-05-21T02:00,13.8,0.0,9.4,14.0,29320.0,0
2026-05-21T03:00,14.0,0.0,12.7,15.8,29320.0,0
2026-05-21T04:00,13.0,0.0,9.0,17.3,29320.0,3
2026-05-21T05:00,12.7,0.0,8.6,15.1,29320.0,3
2026-05-21T06:00,11.9,0.0,7.9,11.9,29320.0,0
2026-05-21T07:00,11.5,0.0,5.8,9.7,29320.0,0
2026-05-21T08:00,13.5,0.0,8.7,6.5,29320.0,0
2026-05-21T09:00,18.1,0.0,12.3,15.5,33100.0,0
2026-05-21T10:00,21.2,0.0,15.9,22.0,37100.0,0
2026-05-21T11:00,23.4,0.0,17.9,25.2,40440.0,3
2026-05-21T12:00,25.2,0.0,16.7,25.9,43440.0,0
2026-05-21T13:00,26.9,0.0,15.5,25.6,43440.0,0
2026-05-21T14:00,28.1,0.0,15.8,25.6,47440.0,0
2026-05-21T15:00,29.3,0.0,14.6,25.9,47440.0,0
2026-05-21T16:00,30.1,0.0,14.1,24.1,47440.0,0
2026-05-21T17:00,30.9,0.0,12.2,21.2,47440.0,0
2026-05-21T18:00,31.0,0.0,10.5,19.4,47440.0,0
2026-05-21T19:00,30.7,0.0,12.2,19.8,47440.0,0
2026-05-21T20:00,29.4,0.0,13.3,20.9,47440.0,0
2026-05-21T21:00,27.2,0.0,12.4,16.2,43440.0,0
2026-05-21T22:00,24.6,0.0,9.0,13.3,43440.0,0
2026-05-21T23:00,22.7,0.0,7.6,13.0,43440.0,3
2026-05-22T00:00,21.4,0.0,5.4,8.6,40440.0,3
2026-05-22T01:00,20.3,0.0,5.8,9.7,40440.0,2
2026-05-22T02:00,19.2,0.0,6.4,8.6,37100.0,0
2026-05-22T03:00,17.5,0.0,6.6,5.8,37100.0,0
2026-05-22T04:00,16.3,0.0,5.7,4.7,37100.0,0
2026-05-22T05:00,15.8,0.0,5.4,6.8,37100.0,3
2026-05-22T06:00,15.6,0.0,7.4,8.3,37100.0,3
2026-05-22T07:00,16.2,0.0,7.0,9.7,33100.0,3
2026-05-22T08:00,18.4,0.0,7.3,8.6,37100.0,3
2026-05-22T09:00,22.6,0.0,11.6,13.0,37080.0,3
2026-05-22T10:00,25.4,0.0,12.4,19.4,40420.0,3
2026-05-22T11:00,27.9,0.0,14.3,20.2,40440.0,3
2026-05-22T12:00,30.0,0.0,12.1,23.4,43460.0,1
2026-05-22T13:00,31.4,0.0,12.6,25.2,47440.0,0
2026-05-22T14:00,32.7,0.0,15.0,27.0,54400.0,0
2026-05-22T15:00,33.7,0.0,12.9,28.1,54400.0,0
2026-05-22T16:00,34.1,0.0,15.3,27.7,54400.0,0
2026-05-22T17:00,33.8,0.0,17.1,28.4,54400.0,0
2026-05-22T18:00,33.6,0.0,16.7,27.7,54400.0,0
2026-05-22T19:00,32.8,0.0,16.3,25.6,54400.0,3
2026-05-22T20:00,31.4,0.0,14.1,24.5,47440.0,3
2026-05-22T21:00,29.2,0.0,12.1,15.1,47440.0,3
2026-05-22T22:00,26.2,0.0,8.7,12.6,47440.0,3
2026-05-22T23:00,24.0,0.0,6.7,7.9,47440.0,3
2026-05-23T00:00,21.7,0.0,5.8,8.6,43460.0,3
2026-05-23T01:00,21.0,0.0,6.7,13.3,40440.0,0
2026-05-23T02:00,20.3,0.0,6.1,11.5,40440.0,3
2026-05-23T03:00,18.6,0.0,5.4,9.4,40440.0,3
2026-05-23T04:00,17.5,0.0,5.6,8.6,37100.0,3
2026-05-23T05:00,17.3,0.0,6.6,6.8,37100.0,3
2026-05-23T06:00,16.7,0.0,6.2,9.4,37100.0,3
2026-05-23T07:00,16.0,0.0,4.7,8.3,33080.0,3
2026-05-23T08:00,17.4,0.0,2.9,10.1,33080.0,3
2026-05-23T09:00,21.8,0.0,3.2,6.8,37100.0,3
2026-05-23T10:00,24.6,0.0,3.3,9.4,40440.0,0
2026-05-23T11:00,27.2,0.0,5.6,15.8,43460.0,0
2026-05-23T12:00,29.8,0.0,5.9,19.1,47460.0,0
2026-05-23T13:00,31.3,0.0,9.5,16.6,47460.0,3
2026-05-23T14:00,32.1,0.0,8.7,18.7,54400.0,3
2026-05-23T15:00,33.2,0.0,9.3,20.2,54360.0,3
2026-05-23T16:00,33.4,0.0,10.2,22.0,54360.0,3
2026-05-23T17:00,34.1,0.0,9.7,22.3,54360.0,3
2026-05-23T18:00,32.6,0.0,9.6,20.9,54360.0,3
2026-05-23T19:00,31.9,0.0,10.6,18.7,54360.0,1
2026-05-23T20:00,30.1,0.0,12.1,16.9,54360.0,0
2026-05-23T21:00,27.1,0.0,6.1,11.9,54360.0,3
2026-05-23T22:00,24.1,0.0,7.1,10.4,54400.0,1
2026-05-23T23:00,22.2,0.0,4.9,9.4,47460.0,0
2026-05-24T00:00,21.1,0.0,3.7,6.5,47460.0,0
2026-05-24T01:00,20.6,0.0,4.0,10.8,47460.0,1
2026-05-24T02:00,19.3,0.0,5.6,7.9,40440.0,1
2026-05-24T03:00,19.3,0.0,6.6,13.7,40440.0,0
2026-05-24T04:00,18.4,0.0,5.6,13.3,37080.0,0
2026-05-24T05:00,17.8,0.0,8.4,14.0,37080.0,3
2026-05-24T06:00,17.2,0.0,8.6,9.4,33080.0,3
2026-05-24T07:00,16.4,0.0,8.2,11.5,33080.0,3
2026-05-24T08:00,19.0,0.0,3.1,6.1,33080.0,3
2026-05-24T09:00,22.9,0.0,3.3,7.2,37080.0,3
2026-05-24T10:00,26.6,0.0,5.9,13.3,40440.0,1
2026-05-24T11:00,29.6,0.0,5.2,17.6,43460.0,0
2026-05-24T12:00,31.6,0.0,6.9,14.8,47460.0,0
2026-05-24T13:00,33.4,0.0,11.5,23.4,54400.0,0
2026-05-24T14:00,34.3,0.0,12.3,27.7,54360.0,0
2026-05-24T15:00,34.7,0.0,15.7,30.2,54360.0,0
2026-05-24T16:00,34.8,0.0,13.5,30.2,54360.0,0
2026-05-24T17:00,34.9,0.0,15.6,29.9,54360.0,0
2026-05-24T18:00,34.9,0.0,18.6,31.7,54360.0,0
2026-05-24T19:00,34.3,0.0,22.9,34.2,54360.0,0
2026-05-24T20:00,33.1,0.0,18.1,32.4,54360.0,0
2026-05-24T21:00,31.5,0.0,15.8,22.0,54400.0,0
2026-05-24T22:00,29.2,0.0,10.4,17.6,47460.0,0
2026-05-24T23:00,27.0,0.0,9.2,15.1,54400.0,0
2026-05-25T00:00,24.3,0.0,9.4,13.3,47460.0,0
2026-05-25T01:00,23.7,0.0,6.3,8.3,47460.0,0
2026-05-25T02:00,22.9,0.0,6.8,9.4,43460.0,0
2026-05-25T03:00,21.8,0.0,7.8,8.6,43460.0,0
2026-05-25T04:00,20.7,0.0,9.5,17.3,40440.0,0
2026-05-25T05:00,20.7,0.0,8.7,14.8,40440.0,0
2026-05-25T06:00,19.9,0.0,4.1,9.7,40440.0,0
2026-05-25T07:00,18.8,0.0,3.6,4.0,40440.0,0
2026-05-25T08:00,21.5,0.0,6.9,8.3,40440.0,0
2026-05-25T09:00,25.3,0.0,13.0,19.4,43460.0,0
2026-05-25T10:00,27.3,0.0,16.6,28.4,43460.0,0
2026-05-25T11:00,29.3,0.0,14.7,26.3,47480.0,0
2026-05-25T12:00,30.8,0.0,18.6,29.2,47480.0,0
2026-05-25T13:00,31.7,0.0,16.1,32.8,54400.0,0
2026-05-25T14:00,33.0,0.0,14.7,31.7,54400.0,1
2026-05-25T15:00,34.0,0.0,14.7,32.8,54400.0,0
2026-05-25T16:00,34.9,0.0,11.9,28.8,54400.0,0
2026-05-25T17:00,35.3,0.0,12.3,29.5,54360.0,0
2026-05-25T18:00,35.3,0.0,14.5,27.7,54360.0,0
2026-05-25T19:00,34.6,0.0,20.0,31.7,54360.0,0
2026-05-25T20:00,33.5,0.0,19.1,32.4,54400.0,0
2026-05-25T21:00,31.6,0.0,16.0,23.4,54400.0,0
2026-05-25T22:00,28.9,0.0,8.9,14.8,47480.0,0
2026-05-25T23:00,26.4,0.0,7.9,12.6,47480.0,0
2026-05-26T00:00,25.5,0.0,11.3,13.0,47480.0,0
2026-05-26T01:00,24.3,0.0,10.8,14.0,47480.0,0
2026-05-26T02:00,22.9,0.0,6.9,11.5,43460.0,0
2026-05-26T03:00,21.6,0.0,9.1,12.2,43460.0,0
2026-05-26T04:00,19.9,0.0,9.0,10.8,43460.0,0
2026-05-26T05:00,18.8,0.0,7.3,9.7,43460.0,0
2026-05-26T06:00,18.4,0.0,10.1,10.8,40440.0,0
2026-05-26T07:00,17.6,0.0,7.4,10.8,40440.0,0
2026-05-26T08:00,20.6,0.0,9.3,14.8,40440.0,3
2026-05-26T09:00,24.0,0.0,14.3,22.7,43460.0,3
2026-05-26T10:00,26.0,0.0,14.3,22.0,47480.0,1
2026-05-26T11:00,28.5,0.0,9.4,19.1,47480.0,3
2026-05-26T12:00,30.8,0.0,6.9,16.9,54400.0,3
2026-05-26T13:00,32.6,0.0,1.9,13.3,54400.0,3
2026-05-26T14:00,34.5,0.0,8.1,23.4,54360.0,3
2026-05-26T15:00,35.0,0.0,18.3,33.5,54360.0,1
2026-05-26T16:00,35.1,0.0,19.6,32.0,54360.0,1
2026-05-26T17:00,35.2,0.0,17.7,36.0,54360.0,0
2026-05-26T18:00,35.0,0.0,15.5,29.5,54380.0,0
2026-05-26T19:00,34.7,0.0,15.5,28.8,54400.0,0
2026-05-26T20:00,33.7,0.0,9.8,26.3,54400.0,0
2026-05-26T21:00,31.9,0.0,11.4,19.4,54380.0,0
2026-05-26T22:00,29.3,0.0,6.8,15.8,54380.0,0
2026-05-26T23:00,26.4,0.0,2.9,6.8,47480.0,0
2026-05-27T00:00,24.6,0.0,8.7,11.2,47480.0,0
2026-05-27T01:00,23.9,0.0,8.8,11.2,43480.0,0
2026-05-27T02:00,22.8,0.0,6.6,9.4,40440.0,0
2026-05-27T03:00,20.2,0.0,4.7,17.3,43480.0,0
2026-05-27T04:00,20.4,0.0,5.3,8.6,43480.0,0
2026-05-27T05:00,20.0,0.0,8.7,14.4,40440.0,0
2026-05-27T06:00,19.4,0.0,6.6,13.7,40440.0,0
2026-05-27T07:00,18.8,0.0,8.2,13.7,40440.0,0
2026-05-27T08:00,21.6,0.0,9.8,17.3,40440.0,0
2026-05-27T09:00,24.5,0.0,13.1,21.6,43480.0,0
2026-05-27T10:00,26.9,0.0,9.0,19.8,43480.0,0
2026-05-27T11:00,29.8,0.0,5.1,15.8,47480.0,0
2026-05-27T12:00,32.2,0.0,6.0,13.7,54380.0,0
2026-05-27T13:00,34.4,0.0,8.9,22.0,54380.0,0
2026-05-27T14:00,35.8,0.0,10.1,23.0,54360.0,0
2026-05-27T15:00,36.7,0.0,7.0,23.0,54360.0,0
2026-05-27T16:00,37.3,0.0,3.9,20.5,54360.0,3
2026-05-27T17:00,37.7,0.0,7.3,22.0,54340.0,2
2026-05-27T18:00,36.8,0.0,7.8,27.0,54340.0,0
2026-05-27T19:00,36.5,0.0,8.7,25.9,54340.0,1
2026-05-27T20:00,35.1,0.0,9.9,12.2,54340.0,0
2026-05-27T21:00,32.0,0.0,10.3,19.4,54360.0,1
2026-05-27T22:00,28.8,0.0,5.6,9.7,54360.0,0
2026-05-27T23:00,26.0,0.0,6.8,10.8,47500.0,1
2026-05-28T00:00,23.9,0.0,4.3,14.8,43480.0,0
2026-05-28T01:00,22.8,0.0,3.9,10.8,40440.0,3
2026-05-28T02:00,21.9,0.0,6.1,10.1,40440.0,3
2026-05-28T03:00,20.8,0.0,4.9,10.8,37080.0,3
2026-05-28T04:00,19.7,0.0,6.5,7.6,37080.0,0
2026-05-28T05:00,19.2,0.0,3.8,4.7,37080.0,0
2026-05-28T06:00,18.8,0.0,1.3,2.2,37080.0,1
2026-05-28T07:00,18.3,0.0,1.1,2.5,37080.0,3
2026-05-28T08:00,21.2,0.0,4.2,5.0,37080.0,3
2026-05-28T09:00,26.0,0.0,5.9,6.5,40440.0,3
2026-05-28T10:00,30.2,0.0,5.2,12.6,43480.0,3
2026-05-28T11:00,33.1,0.0,4.5,13.7,47500.0,3
2026-05-28T12:00,35.4,0.0,9.1,19.1,54380.0,3
2026-05-28T13:00,36.6,0.0,8.4,22.7,54360.0,3
2026-05-28T14:00,37.4,0.0,9.1,24.1,54360.0,3
2026-05-28T15:00,37.7,0.0,15.0,31.3,54360.0,0
2026-05-28T16:00,37.8,0.0,13.0,29.5,54360.0,2
2026-05-28T17:00,37.8,0.0,16.5,27.7,54360.0,3
2026-05-28T18:00,37.5,0.0,13.0,27.7,54360.0,0
2026-05-28T19:00,36.6,0.0,15.8,29.5,54360.0,0
2026-05-28T20:00,35.2,0.0,12.8,24.5,28380.0,0
2026-05-28T21:00,33.4,0.0,8.6,16.2,54380.0,0
2026-05-28T22:00,30.9,0.0,9.6,9.4,54380.0,2
2026-05-28T23:00,29.2,0.0,15.1,24.1,54380.0,0
2026-05-29T00:00,26.6,0.0,7.1,22.7,54380.0,0
2026-05-29T01:00,25.2,0.0,7.4,15.5,47500.0,0
2026-05-29T02:00,23.9,0.0,7.0,13.0,43480.0,0
2026-05-29T03:00,22.8,0.0,1.8,8.6,43480.0,0
2026-05-29T04:00,20.8,0.0,5.4,13.0,43480.0,0
2026-05-29T05:00,20.7,0.0,5.5,14.8,43480.0,0
2026-05-29T06:00,20.4,0.0,5.7,10.8,40440.0,0
2026-05-29T07:00,19.6,0.0,3.8,9.7,40440.0,0
2026-05-29T08:00,21.5,0.0,6.0,6.8,40440.0,0
2026-05-29T09:00,25.4,0.0,6.6,11.2,43480.0,0
2026-05-29T10:00,27.2,0.0,9.9,18.4,47500.0,0
2026-05-29T11:00,29.2,0.0,12.0,20.5,47500.0,0
2026-05-29T12:00,30.5,0.0,9.4,23.0,54380.0,0
2026-05-29T13:00,31.8,0.0,9.6,21.2,54380.0,3
2026-05-29T14:00,33.0,0.0,8.9,19.4,54360.0,3
2026-05-29T15:00,33.6,0.0,7.6,19.4,54380.0,3
2026-05-29T16:00,33.2,0.0,1.8,19.4,54380.0,3
2026-05-29T17:00,33.3,0.0,10.9,19.1,47500.0,3
2026-05-29T18:00,29.8,0.0,18.4,29.2,47500.0,3
2026-05-29T19:00,28.6,0.0,19.5,25.6,47520.0,3
2026-05-29T20:00,27.3,0.0,16.4,23.8,43480.0,3
2026-05-29T21:00,23.8,0.0,18.9,27.0,40440.0,3
2026-05-29T22:00,21.3,0.0,17.0,24.1,37080.0,3
2026-05-29T23:00,20.2,0.0,15.3,22.7,29320.0,3
2026-05-30T00:00,19.9,0.0,12.4,19.1,24580.0,3
2026-05-30T01:00,19.8,0.0,15.7,21.6,11520.0,3
2026-05-30T02:00,19.7,0.0,13.2,20.9,5960.0,3
2026-05-30T03:00,19.9,0.0,13.4,24.1,4540.0,3
2026-05-30T04:00,19.6,0.0,13.2,23.4,4520.0,3
2026-05-30T05:00,19.8,0.0,13.4,20.9,15660.0,3
2026-05-30T06:00,19.8,0.0,10.3,21.6,15720.0,3
2026-05-30T07:00,19.5,0.0,10.0,19.1,14960.0,3
2026-05-30T08:00,19.8,0.0,11.5,19.1,23980.0,3
2026-05-30T09:00,20.6,0.0,11.5,20.9,34180.0,3
2026-05-30T10:00,21.6,0.0,13.6,23.4,37080.0,3
2026-05-30T11:00,22.8,0.0,12.4,22.0,40440.0,3
2026-05-30T12:00,23.9,0.0,13.2,26.3,40440.0,1
2026-05-30T13:00,24.7,0.0,14.4,27.4,40440.0,2
2026-05-30T14:00,25.8,0.0,15.5,28.4,40440.0,3
2026-05-30T15:00,24.9,0.0,16.3,29.9,40440.0,3
2026-05-30T16:00,24.7,0.0,16.0,31.3,40440.0,2
2026-05-30T17:00,24.0,0.0,17.7,29.5,40440.0,0
2026-05-30T18:00,23.4,0.0,17.3,30.6,40440.0,3
2026-05-30T19:00,22.5,0.0,14.0,29.2,40440.0,2
2026-05-30T20:00,21.5,0.0,14.8,28.4,37080.0,1
2026-05-30T21:00,20.8,0.0,14.2,24.1,37080.0,3
2026-05-30T22:00,20.2,0.0,11.7,18.0,37080.0,3
2026-05-30T23:00,20.0,0.0,13.0,19.8,37080.0,3
2026-05-31T00:00,19.3,0.0,13.6,18.7,33060.0,3
2026-05-31T01:00,19.4,0.0,15.6,22.0,33040.0,3
2026-05-31T02:00,19.6,0.0,12.4,20.9,17900.0,3
2026-05-31T03:00,19.3,0.0,9.4,19.8,18480.0,3
2026-05-31T04:00,18.6,0.0,10.0,14.8,16520.0,3
2026-05-31T05:00,18.7,0.0,9.0,11.5,16280.0,3
2026-05-31T06:00,19.0,0.0,7.5,14.8,33040.0,3
2026-05-31T07:00,18.7,0.0,7.3,16.2,33040.0,3
2026-05-31T08:00,19.0,0.0,7.3,11.5,37080.0,3
2026-05-31T09:00,20.3,0.0,10.1,18.0,37080.0,3
2026-05-31T10:00,21.7,0.0,12.6,21.2,40440.0,3
2026-05-31T11:00,23.1,0.0,12.6,23.4,43480.0,3
2026-05-31T12:00,24.5,0.0,14.2,26.3,47520.0,3
2026-05-31T13:00,24.6,0.0,16.6,27.7,47520.0,3
2026-05-31T14:00,25.0,0.0,17.6,28.8,43480.0,3
2026-05-31T15:00,25.2,0.0,17.2,32.8,43500.0,3
2026-05-31T16:00,25.2,0.0,16.3,33.1,43480.0,3
2026-05-31T17:00,26.0,0.0,16.0,31.3,43500.0,0
2026-05-31T18:00,25.4,0.0,18.7,31.7,43480.0,0
2026-05-31T19:00,24.3,0.0,17.1,29.9,43500.0,0
2026-05-31T20:00,23.1,0.0,16.4,27.0,43500.0,0
2026-05-31T21:00,21.0,0.0,14.6,23.0,40440.0,0
2026-05-31T22:00,19.2,0.0,9.2,17.6,37080.0,0
2026-05-31T23:00,17.8,0.0,8.9,16.9,37080.0,0
2026-06-01T00:00,16.9,0.0,7.8,18.4,33040.0,1
2026-06-01T01:00,16.1,0.0,4.7,11.9,29300.0,2
2026-06-01T02:00,15.7,0.0,3.6,6.8,29300.0,3
2026-06-01T03:00,15.9,0.0,3.4,5.8,29300.0,3
2026-06-01T04:00,16.1,0.0,4.0,6.1,29300.0,3
2026-06-01T05:00,15.6,0.0,4.9,5.0,29300.0,3
2026-06-01T06:00,15.1,0.0,5.2,6.1,28020.0,3
2026-06-01T07:00,16.0,0.0,3.1,7.2,27880.0,3
2026-06-01T08:00,17.5,0.0,4.0,5.8,23240.0,3
2026-06-01T09:00,19.1,0.0,1.5,7.2,27520.0,2
2026-06-01T10:00,21.1,0.0,3.7,11.5,14960.0,3
2026-06-01T11:00,22.3,0.0,3.4,19.4,17480.0,3
2026-06-01T12:00,23.8,0.0,3.0,19.1,40440.0,3
2026-06-01T13:00,23.9,0.0,5.4,18.4,40440.0,3
2026-06-01T14:00,25.1,0.0,4.7,17.3,14620.0,3
2026-06-01T15:00,25.7,0.0,3.3,19.4,40440.0,3
2026-06-01T16:00,25.5,0.0,15.1,24.5,4780.0,3
2026-06-01T17:00,24.4,0.0,14.3,22.7,17960.0,3
2026-06-01T18:00,25.0,0.0,11.2,22.7,5720.0,3
2026-06-01T19:00,24.2,0.0,14.8,25.9,21860.0,3
2026-06-01T20:00,23.5,0.0,15.8,23.4,40440.0,3
2026-06-01T21:00,21.8,0.0,10.9,16.9,40440.0,3
2026-06-01T22:00,19.8,0.0,9.7,19.1,36500.0,0
2026-06-01T23:00,18.2,0.0,4.1,16.9,33040.0,0
2026-06-02T00:00,17.0,0.0,4.6,4.0,33040.0,0
2026-06-02T01:00,15.9,0.0,5.2,10.1,29300.0,2
2026-06-02T02:00,15.6,0.0,5.8,8.3,24580.0,3
2026-06-02T03:00,15.4,0.0,4.9,5.8,23160.0,3
2026-06-02T04:00,17.4,0.0,8.3,10.4,19720.0,3
2026-06-02T05:00,17.0,0.0,7.6,11.9,16280.0,3
2026-06-02T06:00,17.1,0.2,13.1,22.0,24580.0,3
2026-06-02T07:00,17.5,0.0,13.9,24.8,9500.0,3
2026-06-02T08:00,18.3,0.0,16.1,29.5,10060.0,1
2026-06-02T09:00,20.0,0.0,22.3,37.1,3660.0,3
2026-06-02T10:00,18.9,2.5,22.4,55.8,7860.0,63
2026-06-02T11:00,20.6,0.5,19.1,33.8,11700.0,51
2026-06-02T12:00,19.1,0.8,23.0,40.7,12460.0,3
2026-06-02T13:00,20.6,0.0,26.8,46.4,14940.0,3
2026-06-02T14:00,22.0,0.0,29.4,50.0,8940.0,3
2026-06-02T15:00,21.3,0.0,27.8,50.8,17500.0,3
2026-06-02T16:00,22.2,0.0,31.3,48.2,17280.0,3
2026-06-02T17:00,21.8,0.0,28.3,45.0,16280.0,3
2026-06-02T18:00,21.4,0.0,29.2,42.5,13760.0,2
2026-06-02T19:00,19.6,0.1,28.5,52.9,12400.0,51
2026-06-02T20:00,18.9,0.0,22.1,43.6,11260.0,3
2026-06-02T21:00,18.2,0.0,18.9,33.8,9680.0,2
2026-06-02T22:00,17.6,0.0,17.5,33.5,14980.0,3
2026-06-02T23:00,16.5,0.3,12.0,20.9,20920.0,53
2026-06-03T00:00,15.5,0.0,10.9,17.3,16200.0,3
2026-06-03T01:00,15.8,0.0,13.4,20.9,19880.0,51
2026-06-03T02:00,15.9,0.1,11.9,20.2,16920.0,51
2026-06-03T03:00,16.1,0.0,9.4,17.6,18760.0,3
2026-06-03T04:00,15.4,0.0,7.0,18.7,19460.0,3
2026-06-03T05:00,15.8,0.0,13.0,18.7,20180.0,3
2026-06-03T06:00,15.1,0.0,10.9,15.1,18680.0,3
2026-06-03T07:00,15.3,0.0,9.0,9.4,25260.0,51
2026-06-03T08:00,16.0,0.0,10.7,11.9,22780.0,0
2026-06-03T09:00,17.6,0.0,11.4,16.2,37960.0,1
2026-06-03T10:00,18.7,0.0,16.3,27.0,43500.0,3
2026-06-03T11:00,19.7,0.0,19.6,30.2,43500.0,3
2026-06-03T12:00,20.2,0.0,23.7,32.8,43500.0,3
2026-06-03T13:00,20.5,0.0,17.4,34.9,43500.0,3
2026-06-03T14:00,20.4,0.0,23.8,36.7,43500.0,3
2026-06-03T15:00,19.4,0.0,23.3,37.8,40440.0,3
2026-06-03T16:00,19.2,0.0,23.0,32.4,40440.0,3
2026-06-03T17:00,20.2,0.0,21.5,34.2,40440.0,3
2026-06-03T18:00,19.9,0.0,22.6,33.5,40440.0,3
2026-06-03T19:00,19.9,0.0,19.5,33.1,37060.0,3
2026-06-03T20:00,19.6,0.0,17.1,31.3,12840.0,3
2026-06-03T21:00,19.0,0.0,15.2,28.8,37060.0,3
2026-06-03T22:00,18.4,0.0,13.5,27.7,29820.0,3
2026-06-03T23:00,18.0,0.0,14.8,22.0,23060.0,3
2026-06-04T00:00,17.7,0.0,12.9,25.9,13820.0,3
2026-06-04T01:00,17.9,0.0,15.8,24.1,12600.0,3
2026-06-04T02:00,17.7,0.0,14.0,27.0,26680.0,3
2026-06-04T03:00,17.7,0.0,14.7,34.2,33020.0,51
2026-06-04T04:00,17.3,0.0,12.6,25.2,8600.0,51
2026-06-04T05:00,17.4,0.0,17.9,27.0,9120.0,3
2026-06-04T06:00,17.1,0.0,16.9,25.2,9800.0,3
2026-06-04T07:00,17.3,0.0,17.8,34.6,6180.0,3
2026-06-04T08:00,17.2,0.1,17.0,33.8,4460.0,3
2026-06-04T09:00,17.1,0.3,18.3,32.0,5760.0,51
2026-06-04T10:00,17.1,0.1,18.7,36.4,14260.0,61
2026-06-04T11:00,17.6,0.1,20.6,28.8,33020.0,3
2026-06-04T12:00,18.5,0.0,25.0,37.1,15040.0,53
2026-06-04T13:00,18.6,0.0,24.5,40.3,7380.0,3
2026-06-04T14:00,18.6,0.0,22.0,37.8,3400.0,3
2026-06-04T15:00,17.6,0.0,22.0,32.0,6420.0,61
2026-06-04T16:00,19.0,0.0,22.3,43.2,40440.0,51
2026-06-04T17:00,19.7,0.1,24.2,41.0,13480.0,51
2026-06-04T18:00,19.4,0.0,24.4,43.2,8100.0,3
2026-06-04T19:00,19.1,0.0,27.3,39.6,26840.0,3
2026-06-04T20:00,18.2,0.0,22.9,38.9,21980.0,3
2026-06-04T21:00,16.7,0.0,20.0,30.6,17260.0,3
2026-06-04T22:00,15.3,0.0,12.3,24.8,20860.0,0
2026-06-04T23:00,14.8,0.0,11.2,19.4,24160.0,0
2026-06-05T00:00,14.3,0.4,8.6,11.2,20960.0,3
2026-06-05T01:00,13.7,0.0,7.6,6.8,13480.0,2
2026-06-05T02:00,12.2,0.0,7.9,9.4,10420.0,0
2026-06-05T03:00,11.8,0.0,3.3,7.6,14800.0,51
2026-06-05T04:00,10.4,0.0,6.6,5.4,23720.0,0
2026-06-05T05:00,10.5,0.0,8.2,10.1,25700.0,0
2026-06-05T06:00,9.9,0.0,9.3,9.7,25040.0,51
2026-06-05T07:00,11.2,0.0,7.9,10.1,29000.0,3
2026-06-05T08:00,12.4,0.0,11.1,9.0,27540.0,51
2026-06-05T09:00,14.5,0.0,10.8,15.1,13660.0,51
2026-06-05T10:00,16.7,0.0,5.6,13.7,5400.0,0
2026-06-05T11:00,18.1,0.0,1.3,14.4,8640.0,2
2026-06-05T12:00,18.1,0.0,5.6,24.8,14300.0,3
2026-06-05T13:00,17.4,1.0,5.9,19.4,34780.0,2
2026-06-05T14:00,19.5,0.0,4.8,19.8,43500.0,3
2026-06-05T15:00,19.7,0.0,9.8,16.2,23800.0,53
2026-06-05T16:00,19.6,0.4,0.7,16.6,43520.0,3
2026-06-05T17:00,21.0,0.0,11.2,16.2,43520.0,3
2026-06-05T18:00,20.3,0.0,9.8,20.5,43520.0,3
2026-06-05T19:00,19.9,0.0,10.9,17.6,43520.0,3
2026-06-05T20:00,19.6,0.0,7.6,19.1,43500.0,3
2026-06-05T21:00,18.4,0.0,7.4,10.8,40440.0,3
2026-06-05T22:00,16.6,0.0,4.3,6.1,40440.0,3
2026-06-05T23:00,16.0,0.0,6.5,5.8,40440.0,3
2026-06-06T00:00,14.9,0.0,7.8,6.5,37060.0,2
2026-06-06T01:00,13.4,0.0,5.6,4.7,37060.0,0
2026-06-06T02:00,12.1,0.0,5.9,5.0,37060.0,0
2026-06-06T03:00,12.2,0.0,5.2,7.6,37060.0,0
2026-06-06T04:00,11.3,0.0,6.3,10.4,37060.0,0
2026-06-06T05:00,11.5,0.0,7.1,7.2,37060.0,0
2026-06-06T06:00,11.2,0.0,8.3,10.4,37060.0,0
2026-06-06T07:00,11.5,0.0,9.0,10.8,37060.0,0
2026-06-06T08:00,14.9,0.0,12.7,20.9,37060.0,0
2026-06-06T09:00,17.7,0.0,15.8,21.6,21100.0,3
2026-06-06T10:00,18.8,0.0,26.4,42.8,9660.0,3
2026-06-06T11:00,19.0,0.0,21.6,35.6,36080.0,3
2026-06-06T12:00,19.8,0.0,25.2,41.4,43520.0,3
2026-06-06T13:00,20.4,0.0,24.7,44.6,43520.0,3
2026-06-06T14:00,22.6,0.0,26.5,41.8,47580.0,3
2026-06-06T15:00,22.9,0.0,24.2,41.0,47580.0,2
2026-06-06T16:00,22.8,0.0,24.5,40.7,47580.0,3
2026-06-06T17:00,22.6,0.0,23.1,38.9,43520.0,0
2026-06-06T18:00,21.8,0.0,21.2,37.4,43520.0,0
2026-06-06T19:00,21.2,0.0,19.7,32.0,43520.0,0
2026-06-06T20:00,20.0,0.0,17.5,28.8,43520.0,0
2026-06-06T21:00,18.4,0.0,12.6,22.7,43520.0,1
2026-06-06T22:00,16.5,0.0,8.3,16.9,40440.0,3
2026-06-06T23:00,15.1,0.0,7.2,10.1,40440.0,3
2026-06-07T00:00,14.9,0.0,5.9,11.5,40440.0,3
2026-06-07T01:00,14.9,0.0,5.6,9.7,37060.0,3
2026-06-07T02:00,14.6,0.0,5.4,7.6,37060.0,3
2026-06-07T03:00,13.9,0.0,2.5,6.5,33020.0,3
2026-06-07T04:00,12.0,0.0,4.2,4.0,33020.0,3
2026-06-07T05:00,11.4,0.0,3.6,6.1,33020.0,3
2026-06-07T06:00,11.0,0.0,3.7,3.2,29300.0,3
2026-06-07T07:00,11.0,0.0,6.4,5.8,29300.0,3
2026-06-07T08:00,13.4,0.0,8.4,13.0,33020.0,3
2026-06-07T09:00,16.8,0.0,8.8,14.0,37060.0,3
2026-06-07T10:00,19.0,0.0,10.4,19.8,40440.0,0
2026-06-07T11:00,20.5,0.0,11.4,23.8,43520.0,0
2026-06-07T12:00,22.4,0.0,13.8,24.8,43520.0,0
2026-06-07T13:00,23.5,0.0,14.2,29.2,43520.0,0
2026-06-07T14:00,24.5,0.0,13.8,27.4,43520.0,0
2026-06-07T15:00,25.7,0.0,12.0,25.9,43520.0,0
2026-06-07T16:00,26.7,0.0,12.8,24.8,43520.0,0
2026-06-07T17:00,27.8,0.0,13.7,24.8,43520.0,1
2026-06-07T18:00,27.9,0.0,13.9,26.3,43520.0,3
2026-06-07T19:00,27.7,0.0,11.0,24.1,43520.0,3
2026-06-07T20:00,26.8,0.0,10.5,20.5,47600.0,0
2026-06-07T21:00,25.6,0.0,7.9,10.8,43520.0,3
2026-06-07T22:00,23.1,0.0,6.0,9.7,43520.0,3
2026-06-07T23:00,20.4,0.0,4.3,6.5,43520.0,2
2026-06-08T00:00,18.6,0.0,5.3,11.9,40440.0,0
2026-06-08T01:00,17.7,0.0,8.9,12.2,37060.0,1
2026-06-08T02:00,16.7,0.0,7.9,15.5,12820.0,0
2026-06-08T03:00,16.1,0.0,12.9,18.0,19600.0,2
2026-06-08T04:00,16.1,0.0,4.0,18.4,29300.0,51
2026-06-08T05:00,15.6,1.4,4.4,15.1,12040.0,53
2026-06-08T06:00,15.6,0.2,8.9,12.6,10840.0,51
2026-06-08T07:00,15.9,0.0,7.6,14.8,19820.0,3
2026-06-08T08:00,16.6,0.0,8.0,14.0,26180.0,3
2026-06-08T09:00,17.6,0.0,9.8,20.5,28660.0,3
2026-06-08T10:00,18.0,0.0,10.6,19.4,37060.0,3
2026-06-08T11:00,19.3,0.0,9.5,20.2,40440.0,3
2026-06-08T12:00,20.1,0.0,12.6,24.5,40440.0,2
2026-06-08T13:00,22.3,0.0,16.4,28.4,43520.0,3
2026-06-08T14:00,23.3,0.0,18.7,33.5,40440.0,2
2026-06-08T15:00,23.6,0.0,19.9,38.5,43520.0,2
2026-06-08T16:00,23.2,0.0,18.5,38.9,43520.0,1
2026-06-08T17:00,23.7,0.0,21.7,36.0,43520.0,1
2026-06-08T18:00,22.7,0.0,20.3,37.4,43520.0,1
2026-06-08T19:00,22.0,0.0,20.7,34.6,43520.0,0
2026-06-08T20:00,20.5,0.0,21.4,33.8,43520.0,0
2026-06-08T21:00,19.0,0.0,17.3,29.2,43520.0,0
2026-06-08T22:00,17.8,0.0,12.3,26.6,40440.0,0
2026-06-08T23:00,17.0,0.0,13.4,19.4,35280.0,2
2026-06-09T00:00,16.7,0.1,17.8,34.9,9440.0,51
2026-06-09T01:00,16.1,0.0,12.9,30.6,20720.0,51
2026-06-09T02:00,15.7,0.0,13.5,27.7,16140.0,3
2026-06-09T03:00,14.4,0.0,8.9,20.5,28660.0,3
2026-06-09T04:00,13.5,0.0,6.9,13.0,28520.0,3
2026-06-09T05:00,12.4,0.0,3.1,6.8,28880.0,3
2026-06-09T06:00,12.2,0.0,3.4,5.4,28280.0,3
2026-06-09T07:00,10.7,0.0,4.8,8.6,32260.0,3
2026-06-09T08:00,12.5,0.0,4.7,6.5,33000.0,3
2026-06-09T09:00,15.7,0.0,5.4,12.6,32100.0,3
2026-06-09T10:00,16.7,0.0,9.1,19.4,20300.0,3
2026-06-09T11:00,17.0,0.0,10.8,18.4,18880.0,3
2026-06-09T12:00,18.8,0.0,8.7,20.5,47600.0,3
2026-06-09T13:00,20.1,0.0,10.7,15.1,15460.0,2
2026-06-09T14:00,21.4,0.0,9.9,25.6,47600.0,3
2026-06-09T15:00,22.3,0.0,14.3,23.8,47600.0,2
2026-06-09T16:00,22.6,0.0,15.8,29.9,47600.0,3
2026-06-09T17:00,22.2,0.0,16.5,33.8,47600.0,2
2026-06-09T18:00,21.7,0.0,18.6,34.6,47600.0,2
2026-06-09T19:00,20.9,0.0,19.6,34.6,47600.0,2
2026-06-09T20:00,18.9,0.0,19.5,33.5,43520.0,3
2026-06-09T21:00,17.5,0.0,16.2,25.9,43520.0,3
2026-06-09T22:00,16.1,0.0,9.2,16.2,40440.0,0
2026-06-09T23:00,14.9,0.0,6.2,7.6,40440.0,0
2026-06-10T00:00,13.2,0.0,5.1,7.9,37060.0,1
2026-06-10T01:00,12.3,0.0,6.5,8.6,37060.0,0
2026-06-10T02:00,11.9,0.0,6.2,8.3,33000.0,3
2026-06-10T03:00,12.1,0.0,5.4,5.8,33000.0,51
2026-06-10T04:00,11.3,0.0,4.1,5.8,14260.0,0
2026-06-10T05:00,10.2,0.0,4.6,7.9,10780.0,0
2026-06-10T06:00,10.9,0.0,5.6,7.2,13800.0,3
2026-06-10T07:00,10.8,0.0,8.6,8.6,10040.0,3
2026-06-10T08:00,12.9,0.0,10.2,17.3,9240.0,51
2026-06-10T09:00,13.9,0.5,6.1,11.9,24060.0,53
2026-06-10T10:00,15.3,0.0,4.4,15.5,17900.0,2
2026-06-10T11:00,16.9,0.0,7.6,18.0,19660.0,3
2026-06-10T12:00,17.7,0.0,9.9,17.6,13620.0,51
2026-06-10T13:00,16.6,0.1,6.5,23.8,18400.0,51
2026-06-10T14:00,19.6,0.0,13.3,23.4,18040.0,3
2026-06-10T15:00,20.5,0.2,13.3,33.8,14840.0,3
2026-06-10T16:00,21.2,0.0,13.8,30.2,19000.0,3
2026-06-10T17:00,21.6,0.0,18.3,32.0,47620.0,3
2026-06-10T18:00,21.3,0.0,19.7,34.9,47620.0,3
2026-06-10T19:00,20.5,0.0,16.4,32.0,43540.0,3
2026-06-10T20:00,19.4,0.0,17.5,29.9,43540.0,3
2026-06-10T21:00,17.8,0.0,15.3,26.3,40440.0,3
2026-06-10T22:00,16.0,0.0,10.0,23.0,40460.0,3
2026-06-10T23:00,14.3,0.0,6.5,11.9,37060.0,3
2026-06-11T00:00,13.1,0.0,5.9,6.5,37060.0,3
2026-06-11T01:00,12.0,0.0,5.7,5.0,37060.0,3
2026-06-11T02:00,10.9,0.0,4.7,4.3,33000.0,3
2026-06-11T03:00,10.2,0.0,4.6,5.8,33000.0,3
2026-06-11T04:00,9.7,0.0,3.4,5.8,33000.0,3
2026-06-11T05:00,10.7,0.0,3.0,5.4,37060.0,3
2026-06-11T06:00,11.3,0.0,5.4,7.4,37060.0,3
2026-06-11T07:00,11.7,0.0,3.6,5.0,37040.0,3
2026-06-11T08:00,11.9,0.0,5.5,9.0,37060.0,51
2026-06-11T09:00,14.1,0.0,5.4,8.3,40460.0,3
2026-06-11T10:00,17.3,0.0,5.8,16.2,16420.0,3
2026-06-11T11:00,19.3,0.0,3.6,14.0,40460.0,3
2026-06-11T12:00,20.4,0.0,1.9,18.4,43540.0,3
2026-06-11T13:00,20.7,0.0,7.2,20.9,43540.0,3
2026-06-11T14:00,21.9,0.0,11.6,23.0,43540.0,3
2026-06-11T15:00,23.7,0.0,11.4,23.8,47620.0,3
2026-06-11T16:00,23.7,0.0,11.8,29.2,47620.0,1
2026-06-11T17:00,24.3,0.0,13.7,26.3,47620.0,0
2026-06-11T18:00,23.6,0.0,16.7,30.2,47620.0,0
2026-06-11T19:00,22.5,0.0,16.4,28.4,43540.0,0
2026-06-11T20:00,21.1,0.0,18.1,28.1,43540.0,0
2026-06-11T21:00,19.0,0.0,15.0,23.8,43540.0,0
2026-06-11T22:00,16.8,0.0,10.2,19.1,40460.0,0
2026-06-11T23:00,15.0,0.0,6.3,9.4,37040.0,0
2026-06-12T00:00,13.9,0.0,5.9,7.6,37040.0,0
2026-06-12T01:00,12.8,0.0,3.8,8.3,37040.0,0
2026-06-12T02:00,12.4,0.0,5.2,9.4,33000.0,0
2026-06-12T03:00,11.7,0.0,3.6,4.0,33000.0,0
2026-06-12T04:00,10.3,0.0,4.0,4.0,33000.0,0
2026-06-12T05:00,9.8,0.0,4.0,4.3,33000.0,0
2026-06-12T06:00,9.2,0.0,1.8,4.3,33000.0,0
2026-06-12T07:00,9.0,0.0,3.1,3.2,33000.0,0
2026-06-12T08:00,12.4,0.0,3.3,4.3,33000.0,0
2026-06-12T09:00,16.9,0.0,2.8,6.5,37040.0,0
2026-06-12T10:00,19.1,0.0,2.7,9.7,40460.0,0
2026-06-12T11:00,21.2,0.0,2.4,10.8,40460.0,0
2026-06-12T12:00,23.1,0.0,2.2,18.4,43540.0,0
2026-06-12T13:00,25.2,0.0,5.4,17.6,47640.0,0
2026-06-12T14:00,26.4,0.0,4.9,17.6,47640.0,0
2026-06-12T15:00,27.8,0.0,9.1,20.2,47640.0,0
2026-06-12T16:00,28.7,0.0,6.6,20.9,47640.0,0
2026-06-12T17:00,30.1,0.0,12.5,22.7,47640.0,0
2026-06-12T18:00,29.0,0.0,14.0,27.7,47640.0,0
2026-06-12T19:00,28.4,0.0,13.0,23.8,47640.0,0
2026-06-12T20:00,27.5,0.0,13.0,18.4,47640.0,0
2026-06-12T21:00,25.2,0.0,15.4,21.2,43540.0,1
2026-06-12T22:00,22.7,0.0,10.8,17.3,40460.0,3
2026-06-12T23:00,20.7,0.0,11.2,17.3,40460.0,3
2026-06-13T00:00,19.1,0.0,8.7,16.6,37040.0,3
2026-06-13T01:00,17.6,0.0,6.6,6.5,37040.0,3
2026-06-13T02:00,16.6,0.0,8.7,13.7,32980.0,0
2026-06-13T03:00,15.8,0.0,10.1,13.7,29280.0,0
2026-06-13T04:00,15.1,0.0,5.4,9.0,29280.0,0
2026-06-13T05:00,14.4,0.0,8.3,11.5,24620.0,0
2026-06-13T06:00,14.2,0.0,9.0,12.6,24620.0,0
2026-06-13T07:00,14.7,0.0,10.5,16.9,24620.0,0
2026-06-13T08:00,17.5,0.0,11.2,15.1,29280.0,3
2026-06-13T09:00,21.7,0.0,14.1,19.4,32980.0,0
2026-06-13T10:00,25.4,0.0,17.4,25.9,37040.0,3
2026-06-13T11:00,28.1,0.0,20.7,32.8,43540.0,3
2026-06-13T12:00,30.2,0.0,19.2,32.8,47640.0,1
2026-06-13T13:00,32.1,0.0,18.7,35.3,54360.0,0
2026-06-13T14:00,33.2,0.0,20.0,35.6,54340.0,0
2026-06-13T15:00,34.4,0.0,21.2,33.8,54340.0,0
2026-06-13T16:00,35.0,0.0,19.8,35.3,54340.0,0
2026-06-13T17:00,35.3,0.0,20.2,31.3,54320.0,3
2026-06-13T18:00,35.2,0.0,15.5,30.6,54340.0,3
2026-06-13T19:00,34.4,0.0,14.1,27.0,54320.0,3
2026-06-13T20:00,33.5,0.0,14.4,22.0,54340.0,3
2026-06-13T21:00,32.0,0.0,10.2,18.4,54340.0,3
2026-06-13T22:00,29.2,0.0,11.4,18.4,54340.0,3
2026-06-13T23:00,27.2,0.0,12.5,22.3,54340.0,3
2026-06-14T00:00,25.3,0.0,13.6,27.0,54340.0,3
2026-06-14T01:00,24.5,0.0,11.2,20.2,54340.0,2
2026-06-14T02:00,23.6,0.0,14.3,19.8,54340.0,2
2026-06-14T03:00,22.4,0.0,13.5,21.6,54360.0,3
2026-06-14T04:00,21.1,0.0,13.2,20.9,54360.0,0
2026-06-14T05:00,20.6,0.0,11.9,19.1,47640.0,0
2026-06-14T06:00,19.6,0.0,11.5,19.1,47640.0,0
2026-06-14T07:00,18.6,0.0,10.6,16.2,47640.0,0
2026-06-14T08:00,21.6,0.0,12.8,22.7,47640.0,0
2026-06-14T09:00,25.1,0.0,19.3,27.4,47640.0,0
2026-06-14T10:00,28.0,0.0,21.3,32.4,47660.0,0
2026-06-14T11:00,30.0,0.0,22.8,33.5,54360.0,0
2026-06-14T12:00,31.7,0.0,24.5,43.6,54340.0,0
2026-06-14T13:00,33.4,0.0,29.4,45.7,54320.0,2
2026-06-14T14:00,34.3,0.0,25.7,43.2,54320.0,3
2026-06-14T15:00,34.9,0.0,26.1,42.1,54320.0,0
2026-06-14T16:00,35.3,0.0,22.6,39.6,54320.0,3
2026-06-14T17:00,35.6,0.0,22.4,37.1,54320.0,3
2026-06-14T18:00,35.4,0.0,19.6,31.7,54320.0,2
2026-06-14T19:00,34.9,0.0,19.3,29.2,54320.0,0
2026-06-14T20:00,33.9,0.0,17.2,28.1,54320.0,0
2026-06-14T21:00,32.3,0.0,12.3,18.7,54320.0,0
2026-06-14T22:00,29.2,0.0,6.4,12.2,54340.0,0
2026-06-14T23:00,27.5,0.0,12.1,21.6,54340.0,0
2026-06-15T00:00,24.8,0.0,11.1,21.6,54340.0,0
2026-06-15T01:00,23.8,0.0,10.0,20.2,54340.0,0
2026-06-15T02:00,22.9,0.0,12.0,21.2,54360.0,0
2026-06-15T03:00,22.7,0.0,11.6,22.3,54360.0,0
2026-06-15T04:00,21.1,0.0,11.8,16.6,54360.0,0
2026-06-15T05:00,19.7,0.0,8.2,14.8,54360.0,0
2026-06-15T06:00,18.4,0.0,6.5,8.3,54360.0,3
2026-06-15T07:00,17.7,0.0,6.6,7.9,47660.0,3
2026-06-15T08:00,20.5,0.0,7.6,10.8,47660.0,0
2026-06-15T09:00,24.9,0.0,12.6,16.9,47660.0,0
2026-06-15T10:00,27.6,0.0,12.2,21.6,54360.0,0
2026-06-15T11:00,29.9,0.0,15.9,27.0,54360.0,0
2026-06-15T12:00,32.0,0.0,15.6,27.7,54340.0,0
2026-06-15T13:00,33.4,0.0,13.9,29.2,54340.0,3
2026-06-15T14:00,34.7,0.0,11.2,26.6,54320.0,0
2026-06-15T15:00,35.4,0.0,7.4,27.0,54320.0,0
2026-06-15T16:00,35.0,0.0,8.4,10.4,54320.0,0
2026-06-15T17:00,32.7,0.0,22.8,39.2,47660.0,0
2026-06-15T18:00,31.0,0.0,22.4,34.9,47660.0,0
2026-06-15T19:00,29.1,0.0,19.5,29.9,47660.0,0
2026-06-15T20:00,27.2,0.0,21.0,27.4,43560.0,0
2026-06-15T21:00,24.5,0.0,18.4,27.0,40460.0,0
2026-06-15T22:00,21.4,0.0,17.9,25.6,32980.0,0
2026-06-15T23:00,19.6,0.0,18.2,26.6,29280.0,2
2026-06-16T00:00,18.9,0.0,18.3,23.0,24620.0,2
2026-06-16T01:00,18.8,0.0,18.2,22.0,24620.0,3
2026-06-16T02:00,19.2,0.0,16.9,22.0,23920.0,3
2026-06-16T03:00,19.3,0.0,18.3,23.4,28880.0,3
2026-06-16T04:00,19.2,0.0,19.2,26.6,29280.0,3
2026-06-16T05:00,19.1,0.0,16.4,25.6,29280.0,3
2026-06-16T06:00,19.1,0.0,13.5,23.4,32960.0,3
2026-06-16T07:00,19.0,0.0,13.1,19.8,32960.0,3
2026-06-16T08:00,19.4,0.0,11.6,20.9,37040.0,3
2026-06-16T09:00,20.2,0.0,12.7,22.3,37040.0,3
2026-06-16T10:00,21.0,0.0,12.8,22.0,37040.0,3
2026-06-16T11:00,22.6,0.0,12.4,24.5,40440.0,3
2026-06-16T12:00,24.0,0.0,13.2,24.8,40440.0,0
2026-06-16T13:00,25.1,0.0,10.7,22.7,43540.0,1
2026-06-16T14:00,26.5,0.0,8.9,23.4,43540.0,0
2026-06-16T15:00,27.6,0.0,7.3,24.5,43540.0,0
2026-06-16T16:00,28.4,0.0,5.5,21.6,43540.0,0
2026-06-16T17:00,29.0,0.0,6.4,20.2,43540.0,0
2026-06-16T18:00,29.3,0.0,8.4,19.4,43540.0,0
2026-06-16T19:00,28.9,0.0,9.7,20.5,43540.0,0
2026-06-16T20:00,28.2,0.0,8.5,20.9,43540.0,0
2026-06-16T21:00,25.5,0.0,15.5,23.4,43540.0,0
2026-06-16T22:00,22.6,0.0,10.3,15.5,40440.0,0
2026-06-16T23:00,20.8,0.0,8.8,13.3,40440.0,0
2026-06-17T00:00,19.6,0.0,6.9,10.4,37020.0,0
2026-06-17T01:00,18.8,0.0,7.8,10.4,37020.0,0
2026-06-17T02:00,18.1,0.0,7.1,10.4,32940.0,0
2026-06-17T03:00,17.2,0.0,6.8,11.2,29260.0,0
2026-06-17T04:00,16.7,0.0,7.9,10.1,29260.0,0
2026-06-17T05:00,16.4,0.0,5.2,10.1,24600.0,0
2026-06-17T06:00,16.1,0.0,7.1,10.4,24600.0,0
2026-06-17T07:00,16.0,0.0,7.0,9.4,24600.0,0
2026-06-17T08:00,18.5,0.0,7.4,11.5,29240.0,0
2026-06-17T09:00,21.5,0.0,5.2,9.7,37000.0,0
2026-06-17T10:00,24.8,0.0,4.0,12.2,40420.0,0
2026-06-17T11:00,27.5,0.0,4.7,12.6,40420.0,0
2026-06-17T12:00,29.7,0.0,5.4,16.6,43520.0,0
2026-06-17T13:00,31.6,0.0,6.2,19.4,43520.0,0
2026-06-17T14:00,33.3,0.0,6.6,18.4,47640.0,0
2026-06-17T15:00,34.9,0.0,8.3,20.9,47640.0,0
2026-06-17T16:00,35.5,0.0,6.6,22.3,54340.0,0
2026-06-17T17:00,35.9,0.0,4.6,22.7,54340.0,0
2026-06-17T18:00,36.2,0.0,8.4,20.5,54340.0,0
2026-06-17T19:00,35.9,0.0,11.2,22.3,54340.0,0
2026-06-17T20:00,35.2,0.0,11.0,22.3,54340.0,0
2026-06-17T21:00,31.1,0.0,11.9,7.6,54340.0,0
2026-06-17T22:00,28.6,0.0,12.5,20.9,47640.0,0
2026-06-17T23:00,27.4,0.0,10.9,18.7,43520.0,0
2026-06-18T00:00,26.2,0.0,11.8,16.6,43500.0,0
2026-06-18T01:00,25.1,0.0,10.1,16.2,43500.0,0
2026-06-18T02:00,24.1,0.0,9.2,13.7,40400.0,0
2026-06-18T03:00,22.5,0.0,11.4,22.3,40400.0,0
2026-06-18T04:00,21.0,0.0,9.6,16.9,36980.0,0
2026-06-18T05:00,20.2,0.0,5.2,5.4,36980.0,0
2026-06-18T06:00,20.0,0.0,7.7,6.1,32920.0,0
2026-06-18T07:00,19.8,0.0,3.4,7.2,36980.0,2
2026-06-18T08:00,21.4,0.0,7.4,11.5,36980.0,0
2026-06-18T09:00,24.0,0.0,15.5,21.2,40400.0,0
2026-06-18T10:00,26.5,0.0,14.5,20.2,40400.0,0
2026-06-18T11:00,29.3,0.0,11.6,23.4,43500.0,0
2026-06-18T12:00,31.8,0.0,12.8,27.0,47620.0,0
2026-06-18T13:00,34.5,0.0,12.7,27.0,47620.0,0
2026-06-18T14:00,36.4,0.0,10.9,28.8,54320.0,0
2026-06-18T15:00,38.1,0.0,13.7,27.7,54320.0,3
2026-06-18T16:00,38.7,0.0,9.8,24.8,12040.0,0
2026-06-18T17:00,38.7,0.0,14.5,31.7,54320.0,2
2026-06-18T18:00,38.1,0.0,12.7,30.2,54320.0,0
2026-06-18T19:00,36.7,0.0,6.9,27.4,54320.0,3
2026-06-18T20:00,36.0,0.0,9.4,33.8,54320.0,3
2026-06-18T21:00,34.7,0.0,5.1,22.0,54320.0,0
2026-06-18T22:00,30.3,0.0,13.4,23.8,47620.0,0
2026-06-18T23:00,28.0,0.0,8.4,14.8,40380.0,3
2026-06-19T00:00,26.9,0.0,9.0,14.8,40380.0,0
2026-06-19T01:00,26.2,0.0,3.6,8.3,43480.0,0
2026-06-19T02:00,25.0,0.0,10.0,9.7,40380.0,3
2026-06-19T03:00,23.7,0.0,9.4,7.2,36960.0,3
2026-06-19T04:00,23.1,0.0,2.7,6.8,32880.0,0
2026-06-19T05:00,22.2,0.0,8.9,10.8,32700.0,0
2026-06-19T06:00,21.4,0.0,4.3,11.9,32880.0,0
2026-06-19T07:00,21.0,0.0,6.6,10.8,32880.0,3
2026-06-19T08:00,22.0,0.0,9.7,17.3,29200.0,0
2026-06-19T09:00,23.8,0.0,9.7,18.7,32880.0,0
2026-06-19T10:00,25.5,0.0,10.7,20.5,36960.0,0
2026-06-19T11:00,27.4,0.0,9.7,22.0,40380.0,0
2026-06-19T12:00,29.5,0.0,9.2,24.1,43480.0,0
2026-06-19T13:00,31.9,0.0,8.9,22.7,47600.0,0
2026-06-19T14:00,33.9,0.0,7.1,17.3,54320.0,0
2026-06-19T15:00,34.5,0.0,7.8,24.1,54320.0,0
2026-06-19T16:00,34.7,0.0,8.6,24.8,27060.0,0
2026-06-19T17:00,35.6,0.0,8.0,22.7,54320.0,0
2026-06-19T18:00,35.5,0.0,8.7,19.4,54300.0,3
2026-06-19T19:00,34.9,0.0,10.1,14.0,54320.0,3
2026-06-19T20:00,32.3,0.0,18.0,27.0,47600.0,3
2026-06-19T21:00,29.7,0.0,12.8,22.0,43460.0,0
2026-06-19T22:00,27.9,0.0,9.6,13.3,43460.0,0
2026-06-19T23:00,22.8,0.0,14.7,45.0,40360.0,3
2026-06-20T00:00,22.5,0.8,14.7,27.4,40360.0,1
2026-06-20T01:00,21.1,0.0,10.7,16.9,36940.0,3
2026-06-20T02:00,21.0,0.0,15.3,20.9,15440.0,3
2026-06-20T03:00,20.5,0.0,10.2,4.3,22640.0,3
2026-06-20T04:00,20.2,0.0,9.5,16.9,24080.0,3
2026-06-20T05:00,20.0,0.0,5.9,9.4,24520.0,3
2026-06-20T06:00,19.8,0.0,7.0,15.5,24520.0,3
2026-06-20T07:00,19.2,0.0,5.4,6.1,17240.0,3
2026-06-20T08:00,20.0,0.0,5.4,6.5,18600.0,1
2026-06-20T09:00,22.4,0.0,9.2,13.7,32860.0,0
2026-06-20T10:00,24.9,0.0,6.1,15.1,36920.0,0
2026-06-20T11:00,27.8,0.0,2.9,15.1,40340.0,3
2026-06-20T12:00,29.8,0.0,5.4,15.5,43460.0,3
2026-06-20T13:00,31.5,0.0,5.6,14.8,43460.0,3
2026-06-20T14:00,32.8,0.0,3.8,16.6,47580.0,3
2026-06-20T15:00,34.1,0.0,3.8,19.1,47580.0,3
2026-06-20T16:00,35.0,0.0,3.6,17.3,47580.0,3
2026-06-20T17:00,36.1,0.0,13.1,22.0,54300.0,3
2026-06-20T18:00,35.4,0.0,8.9,15.1,8340.0,3
2026-06-20T19:00,35.0,0.0,6.5,14.4,54300.0,3
2026-06-20T20:00,34.2,0.0,8.6,22.0,47580.0,3
2026-06-20T21:00,32.7,0.0,11.3,20.9,47580.0,3
2026-06-20T22:00,29.3,0.0,12.6,18.0,43440.0,3
2026-06-20T23:00,27.9,0.0,12.1,23.0,40340.0,3
2026-06-21T00:00,26.3,0.0,11.2,19.4,26220.0,3
2026-06-21T01:00,25.2,0.0,12.0,20.9,36900.0,3
2026-06-21T02:00,24.4,0.0,13.8,20.2,36900.0,3
2026-06-21T03:00,24.0,0.0,9.0,16.2,36540.0,3
2026-06-21T04:00,23.4,0.0,2.2,5.8,36900.0,3
2026-06-21T05:00,22.5,0.0,3.9,0.7,36900.0,3
2026-06-21T06:00,22.2,0.0,9.6,13.3,36900.0,0
2026-06-21T07:00,22.0,0.0,11.2,10.1,40320.0,0
2026-06-21T08:00,24.9,0.0,11.7,15.8,40320.0,0
2026-06-21T09:00,27.7,0.0,14.2,21.2,43440.0,3
2026-06-21T10:00,29.9,0.0,14.3,22.3,43440.0,0
2026-06-21T11:00,32.2,0.0,13.5,25.9,47560.0,0
2026-06-21T12:00,34.1,0.0,13.4,21.6,47560.0,0
2026-06-21T13:00,36.2,0.0,16.9,25.9,54300.0,0
2026-06-21T14:00,38.0,0.0,18.1,31.3,54280.0,0
2026-06-21T15:00,39.3,0.0,17.9,34.6,54280.0,0
2026-06-21T16:00,40.1,0.0,19.1,33.8,54280.0,1
2026-06-21T17:00,40.5,0.0,22.1,34.6,54280.0,0
2026-06-21T18:00,40.6,0.0,21.0,31.3,54280.0,0
2026-06-21T19:00,40.2,0.0,22.6,32.0,54280.0,0
2026-06-21T20:00,39.3,0.0,20.3,33.1,54280.0,0
2026-06-21T21:00,37.4,0.0,14.7,27.0,54280.0,0
2026-06-21T22:00,35.0,0.0,14.1,23.8,54280.0,0
2026-06-21T23:00,32.9,0.0,11.6,16.2,54280.0,0
2026-06-22T00:00,30.3,0.0,6.9,13.3,54280.0,0
2026-06-22T01:00,29.2,0.0,6.6,10.8,54280.0,0
2026-06-22T02:00,27.9,0.0,8.1,13.3,43420.0,0
2026-06-22T03:00,27.5,0.0,12.3,17.3,43420.0,0
2026-06-22T04:00,26.3,0.0,9.4,18.0,43420.0,0
2026-06-22T05:00,25.7,0.0,8.9,15.8,40300.0,0
2026-06-22T06:00,25.6,0.0,10.7,18.4,40300.0,0
2026-06-22T07:00,25.3,0.0,13.7,18.4,43420.0,0
2026-06-22T08:00,26.6,0.0,12.6,20.2,43420.0,0
2026-06-22T09:00,28.9,0.0,15.9,20.2,43420.0,0
2026-06-22T10:00,31.2,0.0,12.4,20.9,47560.0,0
2026-06-22T11:00,33.6,0.0,10.3,22.7,47560.0,0
2026-06-22T12:00,35.9,0.0,8.9,20.9,54280.0,0
2026-06-22T13:00,38.1,0.0,11.9,24.8,54260.0,0
2026-06-22T14:00,39.6,0.0,9.7,28.1,54260.0,0
2026-06-22T15:00,41.0,0.0,6.1,24.8,54260.0,0
2026-06-22T16:00,42.3,0.0,9.7,25.2,54260.0,0
2026-06-22T17:00,42.4,0.0,13.6,30.6,54260.0,0
2026-06-22T18:00,42.2,0.0,15.7,28.4,54260.0,0
2026-06-22T19:00,41.8,0.0,15.2,26.6,54260.0,0
2026-06-22T20:00,40.6,0.0,14.0,25.9,54260.0,0
2026-06-22T21:00,38.7,0.0,12.6,18.7,54260.0,0
2026-06-22T22:00,35.7,0.0,9.2,14.8,54260.0,0
2026-06-22T23:00,33.1,0.0,4.5,11.5,54280.0,0
2026-06-23T00:00,30.2,0.0,4.7,5.4,54280.0,2
2026-06-23T01:00,29.2,0.0,6.3,8.6,54280.0,3
2026-06-23T02:00,28.2,0.0,0.7,4.7,47540.0,0
2026-06-23T03:00,26.6,0.0,5.0,7.2,47540.0,0
2026-06-23T04:00,25.5,0.0,5.9,11.9,47540.0,0
2026-06-23T05:00,24.5,0.0,4.6,7.2,43400.0,3
2026-06-23T06:00,24.0,0.0,7.4,11.9,43400.0,0
2026-06-23T07:00,24.1,0.0,8.1,11.2,43400.0,0
2026-06-23T08:00,27.1,0.0,10.7,13.3,43400.0,0
2026-06-23T09:00,30.3,0.0,12.3,20.2,43400.0,0
2026-06-23T10:00,33.1,0.0,12.6,22.3,47540.0,0
2026-06-23T11:00,35.7,0.0,9.7,19.8,54260.0,0
2026-06-23T12:00,38.1,0.0,8.9,21.2,54260.0,0
2026-06-23T13:00,40.0,0.0,13.9,24.5,54260.0,0
2026-06-23T14:00,41.4,0.0,13.6,28.1,54240.0,0
2026-06-23T15:00,42.5,0.0,15.9,31.3,54240.0,0
2026-06-23T16:00,43.0,0.0,15.3,32.8,54240.0,0
2026-06-23T17:00,43.5,0.0,15.0,30.2,54240.0,0
2026-06-23T18:00,43.3,0.0,16.2,32.8,54240.0,0
2026-06-23T19:00,42.6,0.0,17.4,31.7,54240.0,0
2026-06-23T20:00,41.7,0.0,14.6,24.5,54240.0,0
2026-06-23T21:00,39.8,0.0,11.6,16.9,54240.0,0
2026-06-23T22:00,36.5,0.0,6.6,12.6,54240.0,0
2026-06-23T23:00,33.9,0.0,9.7,13.0,54260.0,0
2026-06-24T00:00,31.6,0.0,9.4,14.4,54260.0,0
2026-06-24T01:00,30.5,0.0,10.2,20.5,54260.0,0
2026-06-24T02:00,30.0,0.0,10.0,20.5,54260.0,0
2026-06-24T03:00,28.4,0.0,7.0,15.5,47520.0,0
2026-06-24T04:00,27.1,0.0,5.8,9.4,47520.0,0
2026-06-24T05:00,26.2,0.0,9.1,16.6,47520.0,0
2026-06-24T06:00,25.2,0.0,5.1,9.0,43380.0,0
2026-06-24T07:00,24.7,0.0,7.7,9.0,43380.0,0
2026-06-24T08:00,27.3,0.0,6.1,9.0,43380.0,0
2026-06-24T09:00,30.7,0.0,11.5,16.6,43380.0,0
2026-06-24T10:00,32.9,0.0,9.8,19.1,47520.0,0
2026-06-24T11:00,35.5,0.0,9.7,19.1,47520.0,0
2026-06-24T12:00,37.7,0.0,12.7,23.0,54260.0,0
2026-06-24T13:00,39.8,0.0,12.0,26.6,54240.0,0
2026-06-24T14:00,41.4,0.0,14.5,30.2,54240.0,0
2026-06-24T15:00,42.5,0.0,19.8,31.0,54240.0,0
2026-06-24T16:00,42.8,0.0,17.2,34.9,54240.0,0
2026-06-24T17:00,42.9,0.0,17.4,34.6,54240.0,0
2026-06-24T18:00,42.8,0.0,18.6,32.8,54240.0,0
2026-06-24T19:00,42.2,0.0,17.2,31.3,54220.0,0
2026-06-24T20:00,41.3,0.0,11.9,27.0,54220.0,0
2026-06-24T21:00,39.4,0.0,8.5,19.1,54240.0,0
2026-06-24T22:00,36.7,0.0,5.6,14.0,54240.0,0
2026-06-24T23:00,34.3,0.0,3.6,16.2,54240.0,0
2026-06-25T00:00,32.8,0.0,13.3,26.3,54260.0,0
2026-06-25T01:00,31.4,0.0,12.6,17.6,54260.0,0
2026-06-25T02:00,30.0,0.0,9.9,19.4,54240.0,0
2026-06-25T03:00,28.5,0.0,11.2,12.2,54240.0,0
2026-06-25T04:00,27.4,0.0,13.0,20.2,47500.0,0
2026-06-25T05:00,26.3,0.0,9.0,13.0,47500.0,0
2026-06-25T06:00,25.9,0.0,11.8,16.9,47500.0,0
2026-06-25T07:00,26.1,0.0,9.7,18.7,47500.0,0
2026-06-25T08:00,27.9,0.0,12.5,19.4,47500.0,0
2026-06-25T09:00,29.9,0.0,15.9,24.1,47500.0,0
2026-06-25T10:00,31.8,0.0,15.0,25.2,47500.0,0
2026-06-25T11:00,33.5,0.0,13.4,27.7,47500.0,0
2026-06-25T12:00,35.5,0.0,13.7,30.2,54240.0,0
2026-06-25T13:00,37.4,0.0,9.4,28.8,54240.0,0
2026-06-25T14:00,39.3,0.0,6.3,23.4,54240.0,0
2026-06-25T15:00,40.7,0.0,5.0,27.7,54240.0,0
2026-06-25T16:00,41.3,0.0,6.2,37.1,54240.0,0
2026-06-25T17:00,40.9,0.0,10.7,33.8,54240.0,0
2026-06-25T18:00,36.0,0.0,29.1,52.6,48460.0,51
2026-06-25T19:00,34.8,0.0,21.5,33.5,3140.0,3
2026-06-25T20:00,35.0,0.0,1.5,29.9,15860.0,3
2026-06-25T21:00,32.0,0.0,17.1,33.5,40220.0,3
2026-06-25T22:00,29.0,0.0,11.9,40.0,40220.0,3
2026-06-25T23:00,28.1,0.0,20.5,22.3,40220.0,3
2026-06-26T00:00,25.1,0.0,26.1,37.8,34360.0,3
2026-06-26T01:00,23.2,0.0,14.4,36.7,32700.0,3
2026-06-26T02:00,23.1,0.0,27.1,34.6,7480.0,53
2026-06-26T03:00,23.1,0.0,14.3,10.1,16980.0,3
2026-06-26T04:00,22.3,0.0,12.7,22.3,17120.0,3
2026-06-26T05:00,22.0,0.0,8.4,16.9,15940.0,1
2026-06-26T06:00,22.1,0.0,5.0,15.8,17120.0,3
2026-06-26T07:00,22.3,0.0,7.7,6.5,7300.0,3
2026-06-26T08:00,23.1,0.0,5.6,13.0,20120.0,3
2026-06-26T09:00,24.6,0.0,6.0,15.1,28540.0,1
2026-06-26T10:00,26.3,0.0,6.1,13.0,35800.0,0
2026-06-26T11:00,28.5,0.0,4.0,14.0,40200.0,0
2026-06-26T12:00,30.4,0.0,4.9,15.5,40200.0,0
2026-06-26T13:00,32.5,0.0,3.8,17.6,43320.0,0
2026-06-26T14:00,34.0,0.0,2.8,22.0,43320.0,0
2026-06-26T15:00,35.3,0.0,5.9,19.1,12420.0,0
2026-06-26T16:00,36.0,0.0,13.2,27.0,47480.0,1
2026-06-26T17:00,35.7,0.0,6.7,28.4,47480.0,0
2026-06-26T18:00,35.8,0.0,6.9,20.5,47480.0,0
2026-06-26T19:00,34.6,0.0,15.6,31.0,47480.0,0
2026-06-26T20:00,33.3,0.0,13.8,27.4,47480.0,0
2026-06-26T21:00,31.2,0.0,13.9,20.5,43320.0,0
2026-06-26T22:00,28.5,0.0,12.0,19.8,43320.0,0
2026-06-26T23:00,27.1,0.0,9.3,14.8,43320.0,0
2026-06-27T00:00,26.3,0.0,7.3,11.5,43320.0,0
2026-06-27T01:00,25.6,0.0,7.8,13.0,43320.0,0
2026-06-27T02:00,25.2,0.0,7.9,13.0,40180.0,3
2026-06-27T03:00,24.5,0.0,6.9,14.0,40180.0,0
2026-06-27T04:00,23.7,0.0,1.3,6.1,40180.0,0
2026-06-27T05:00,23.4,0.0,2.9,2.9,36740.0,3
2026-06-27T06:00,23.1,0.0,2.1,5.8,36740.0,3
2026-06-27T07:00,22.8,0.0,2.5,5.8,36740.0,2
2026-06-27T08:00,24.8,0.0,5.0,10.1,40180.0,0
2026-06-27T09:00,26.0,0.0,7.6,14.4,40180.0,0
2026-06-27T10:00,28.2,0.0,5.9,15.5,43300.0,3
2026-06-27T11:00,30.4,0.0,7.4,18.0,43300.0,3
2026-06-27T12:00,33.3,0.0,6.6,20.5,47460.0,3
2026-06-27T13:00,35.0,0.0,11.9,25.9,47460.0,2
2026-06-27T14:00,36.1,0.0,16.5,28.1,16320.0,1
2026-06-27T15:00,37.2,0.0,17.4,30.6,3960.0,3
2026-06-27T16:00,36.5,0.0,19.1,30.2,9020.0,2
2026-06-27T17:00,36.0,0.0,22.0,34.2,47460.0,3
2026-06-27T18:00,36.0,0.0,21.7,34.9,47460.0,0
2026-06-27T19:00,33.2,0.0,21.6,35.6,47460.0,0
2026-06-27T20:00,31.4,0.0,17.6,27.4,47460.0,0
2026-06-27T21:00,28.7,0.0,13.7,24.5,43300.0,0
2026-06-27T22:00,26.6,0.0,8.9,14.8,43300.0,1
2026-06-27T23:00,25.1,0.0,11.9,20.9,6020.0,1
2026-06-28T00:00,24.2,0.0,15.6,26.3,6320.0,0
2026-06-28T01:00,22.1,0.0,13.7,37.8,10640.0,3
2026-06-28T02:00,22.0,0.7,16.9,19.4,2280.0,3
2026-06-28T03:00,21.9,2.0,8.2,34.6,2940.0,55
2026-06-28T04:00,20.9,0.1,12.6,33.8,2740.0,51
2026-06-28T05:00,20.1,0.0,3.7,18.7,2740.0,1
2026-06-28T06:00,19.6,0.0,9.0,15.8,4800.0,2
2026-06-28T07:00,19.6,0.0,11.9,17.6,13700.0,3
2026-06-28T08:00,20.6,0.0,8.7,21.2,8880.0,3
2026-06-28T09:00,22.4,0.0,3.8,9.0,21740.0,3
2026-06-28T10:00,23.5,0.0,2.6,10.1,36720.0,3
2026-06-28T11:00,24.9,0.0,1.6,14.4,36720.0,3
2026-06-28T12:00,25.0,0.0,13.6,13.0,40160.0,3
2026-06-28T13:00,26.6,0.0,6.5,17.6,43280.0,3
2026-06-28T14:00,27.7,0.0,11.9,20.2,43280.0,3
2026-06-28T15:00,29.7,0.0,10.5,18.0,43280.0,3
2026-06-28T16:00,30.0,0.0,11.0,19.8,43280.0,3
2026-06-28T17:00,29.5,0.0,14.2,23.0,43280.0,3
2026-06-28T18:00,27.9,0.0,20.2,27.4,43280.0,3
2026-06-28T19:00,26.4,0.0,21.8,37.8,40140.0,3
2026-06-28T20:00,24.9,0.0,22.6,32.8,40140.0,3
2026-06-28T21:00,23.5,0.0,15.8,30.2,40140.0,3
2026-06-28T22:00,22.8,0.0,11.8,22.0,40140.0,3
2026-06-28T23:00,22.5,0.0,10.2,9.0,36700.0,53
2026-06-29T00:00,20.9,0.0,7.1,12.2,36700.0,3
2026-06-29T01:00,20.7,0.0,5.4,6.5,36700.0,51
2026-06-29T02:00,20.6,0.0,9.2,12.6,8200.0,3
2026-06-29T03:00,21.0,0.0,14.8,21.6,14300.0,3
2026-06-29T04:00,20.5,0.0,18.1,26.6,11500.0,3
2026-06-29T05:00,19.9,0.0,13.9,27.0,24060.0,3
2026-06-29T06:00,19.5,0.0,10.3,19.4,24280.0,3
2026-06-29T07:00,19.5,0.0,11.5,16.9,24280.0,2
2026-06-29T08:00,20.1,0.0,10.8,20.9,28460.0,0
2026-06-29T09:00,21.9,0.0,14.8,20.9,36680.0,0
2026-06-29T10:00,23.6,0.0,10.8,22.7,40120.0,2
2026-06-29T11:00,25.0,0.0,9.9,20.5,40120.0,2
2026-06-29T12:00,26.4,0.0,8.0,21.2,43260.0,1
2026-06-29T13:00,27.7,0.0,9.2,21.2,43260.0,3
2026-06-29T14:00,29.1,0.0,8.5,20.5,47420.0,1
2026-06-29T15:00,30.5,0.0,7.1,19.8,47420.0,2
2026-06-29T16:00,31.2,0.0,8.7,21.6,47420.0,3
2026-06-29T17:00,30.4,0.0,18.2,33.8,47420.0,2
2026-06-29T18:00,29.3,0.0,20.2,37.4,47420.0,0
2026-06-29T19:00,28.2,0.0,17.8,30.6,47420.0,0
2026-06-29T20:00,26.6,0.0,18.6,27.0,47420.0,0
2026-06-29T21:00,24.3,0.0,17.6,28.1,43240.0,0
2026-06-29T22:00,22.1,0.0,12.2,22.3,43240.0,0
2026-06-29T23:00,20.8,0.0,11.2,19.1,40120.0,0
2026-06-30T00:00,19.8,0.0,10.0,17.3,40120.0,0
2026-06-30T01:00,18.9,0.0,7.9,14.4,36660.0,0
2026-06-30T02:00,18.4,0.0,7.6,14.8,36660.0,0
2026-06-30T03:00,18.3,0.0,5.6,10.1,32580.0,0
2026-06-30T04:00,17.5,0.0,7.1,10.4,32580.0,0
2026-06-30T05:00,17.2,0.0,7.1,10.1,28900.0,0
2026-06-30T06:00,17.0,0.0,7.2,11.5,28900.0,3
2026-06-30T07:00,17.0,0.0,5.4,9.4,28900.0,3
2026-06-30T08:00,19.1,0.0,6.8,11.2,28900.0,2
2026-06-30T09:00,21.8,0.0,11.1,15.1,36660.0,3
2026-06-30T10:00,24.0,0.0,13.7,24.1,40100.0,3
2026-06-30T11:00,25.6,0.0,14.0,23.0,43240.0,3
2026-06-30T12:00,27.4,0.0,13.8,24.5,43240.0,3
2026-06-30T13:00,29.0,0.0,13.6,27.0,43240.0,0
2026-06-30T14:00,30.0,0.0,17.7,28.8,47420.0,3
2026-06-30T15:00,30.2,0.0,20.4,31.7,47420.0,3
2026-06-30T16:00,29.8,0.0,23.8,40.7,47420.0,3
2026-06-30T17:00,28.8,0.0,22.0,37.1,47420.0,3
2026-06-30T18:00,27.7,0.0,22.6,37.8,43240.0,3
2026-06-30T19:00,26.1,0.0,22.7,37.4,43220.0,1
2026-06-30T20:00,24.4,0.0,21.4,33.5,43220.0,2
2026-06-30T21:00,22.2,0.0,19.5,29.5,40100.0,0
2026-06-30T22:00,20.5,0.0,13.9,26.3,40100.0,3
2026-06-30T23:00,19.2,0.0,11.6,23.0,40100.0,0
2026-07-01T00:00,18.5,0.0,8.9,19.1,36640.0,1
2026-07-01T01:00,17.9,0.0,9.0,16.6,36640.0,1
2026-07-01T02:00,17.4,0.0,8.3,16.6,35800.0,3
2026-07-01T03:00,17.9,0.0,7.5,15.1,33960.0,3
2026-07-01T04:00,17.0,0.0,5.8,14.0,34820.0,3
2026-07-01T05:00,16.8,0.0,6.4,9.7,36640.0,3
2026-07-01T06:00,16.9,0.0,8.4,12.2,31740.0,3
2026-07-01T07:00,17.0,0.0,7.2,14.0,32540.0,3
2026-07-01T08:00,18.4,0.0,6.1,14.8,36640.0,3
2026-07-01T09:00,20.5,0.0,10.7,22.3,36640.0,3
2026-07-01T10:00,22.1,0.0,14.4,23.0,29540.0,3
2026-07-01T11:00,24.0,0.0,16.6,27.7,43220.0,3
2026-07-01T12:00,25.1,0.0,16.3,29.9,43220.0,3
2026-07-01T13:00,26.0,0.0,17.2,30.6,47400.0,3
2026-07-01T14:00,26.6,0.0,20.1,33.5,47400.0,3
2026-07-01T15:00,27.3,0.0,19.1,29.2,47400.0,3
2026-07-01T16:00,27.6,0.0,16.8,31.3,47400.0,3
2026-07-01T17:00,27.3,0.0,18.1,33.8,47360.0,3
2026-07-01T18:00,26.6,0.0,20.8,33.1,47400.0,3
2026-07-01T19:00,25.2,0.0,21.1,34.2,47400.0,3
2026-07-01T20:00,23.7,0.0,20.6,31.0,43200.0,3
2026-07-01T21:00,21.9,0.0,17.7,28.8,43200.0,1
2026-07-01T22:00,20.0,0.0,12.9,25.6,40060.0,1
2026-07-01T23:00,18.8,0.0,9.5,18.7,40060.0,0
2026-07-02T00:00,17.9,0.0,9.4,14.4,36620.0,0
2026-07-02T01:00,17.3,0.0,9.7,15.1,36620.0,0
2026-07-02T02:00,16.9,0.0,9.9,15.1,28840.0,0
2026-07-02T03:00,16.4,0.0,8.1,11.9,28840.0,0
2026-07-02T04:00,16.0,0.0,7.9,13.3,28840.0,0
2026-07-02T05:00,15.8,0.0,6.3,9.7,28840.0,0
2026-07-02T06:00,15.4,0.0,4.6,5.4,24220.0,1
2026-07-02T07:00,14.5,0.0,4.4,4.3,24220.0,0
2026-07-02T08:00,17.1,0.0,3.2,6.1,28840.0,0
2026-07-02T09:00,20.9,0.0,6.6,10.1,36620.0,0
2026-07-02T10:00,23.5,0.0,5.1,13.0,43200.0,0
2026-07-02T11:00,25.5,0.0,10.1,23.4,43200.0,0
2026-07-02T12:00,27.1,0.0,13.0,27.4,47380.0,0
2026-07-02T13:00,28.8,0.0,13.7,26.6,47380.0,0
2026-07-02T14:00,29.8,0.0,14.9,27.0,47380.0,0
2026-07-02T15:00,30.2,0.0,17.0,31.3,54160.0,0
2026-07-02T16:00,30.6,0.0,15.9,31.7,47380.0,0
2026-07-02T17:00,30.1,0.0,19.9,33.1,47380.0,0
2026-07-02T18:00,29.0,0.0,22.8,36.4,47380.0,0
2026-07-02T19:00,26.8,0.0,21.0,34.2,47380.0,0
2026-07-02T20:00,24.9,0.0,20.4,32.4,43180.0,0
2026-07-02T21:00,22.7,0.0,20.0,28.1,40040.0,0
2026-07-02T22:00,20.9,0.0,16.0,26.3,36600.0,0
2026-07-02T23:00,20.0,0.0,13.6,20.5,36600.0,0
2026-07-03T00:00,19.4,0.0,15.2,19.1,32500.0,1
2026-07-03T01:00,19.5,0.0,11.2,19.4,32500.0,3
2026-07-03T02:00,19.7,0.0,10.6,14.8,28820.0,3
2026-07-03T03:00,19.6,0.0,12.0,17.6,28820.0,3
2026-07-03T04:00,19.5,0.0,12.4,16.9,28820.0,3
2026-07-03T05:00,19.2,0.0,10.6,17.6,28820.0,2
2026-07-03T06:00,18.9,0.0,6.9,16.2,28820.0,3
2026-07-03T07:00,19.1,0.0,8.7,13.0,28820.0,3
2026-07-03T08:00,19.6,0.0,8.3,13.0,32200.0,3
2026-07-03T09:00,20.5,0.0,7.1,12.6,14740.0,3
2026-07-03T10:00,21.6,0.0,7.0,11.2,10460.0,3
2026-07-03T11:00,22.7,0.0,3.6,15.1,22980.0,3
2026-07-03T12:00,24.7,0.0,7.4,14.4,39100.0,2
2026-07-03T13:00,26.1,0.0,4.3,17.3,40020.0,3
2026-07-03T14:00,27.8,0.0,6.9,18.4,31200.0,3
2026-07-03T15:00,29.4,0.0,6.5,19.4,47360.0,2
2026-07-03T16:00,30.5,0.0,9.0,20.9,47360.0,3
2026-07-03T17:00,31.3,0.0,9.5,23.4,47360.0,1
2026-07-03T18:00,29.8,0.0,23.5,38.9,47360.0,0
2026-07-03T19:00,28.3,0.0,20.9,34.9,47360.0,1
2026-07-03T20:00,27.4,0.0,19.3,26.6,24400.0,0
2026-07-03T21:00,25.6,0.0,15.5,25.9,40020.0,0
2026-07-03T22:00,23.5,0.0,12.9,20.2,40020.0,0
2026-07-03T23:00,21.9,0.0,9.8,16.6,40020.0,0
2026-07-04T00:00,20.6,0.0,9.4,16.6,40020.0,0
2026-07-04T01:00,19.7,0.0,7.9,13.7,40020.0,0
2026-07-04T02:00,18.7,0.0,5.9,8.6,40020.0,0
2026-07-04T03:00,17.7,0.0,5.1,6.1,36560.0,0
2026-07-04T04:00,16.9,0.0,5.2,8.3,36560.0,0
2026-07-04T05:00,16.5,0.0,5.2,6.5,36560.0,0
2026-07-04T06:00,16.5,0.0,6.5,11.5,40020.0,0
2026-07-04T07:00,16.3,0.0,6.5,11.5,40020.0,0
2026-07-04T08:00,19.3,0.0,6.2,9.4,40000.0,0
2026-07-04T09:00,23.7,0.0,9.2,11.2,43160.0,0
2026-07-04T10:00,26.8,0.0,12.2,20.5,47340.0,0
2026-07-04T11:00,29.3,0.0,12.2,24.8,47340.0,0
2026-07-04T12:00,31.1,0.0,15.3,27.4,54140.0,0
2026-07-04T13:00,32.4,0.0,14.3,27.7,54140.0,0
2026-07-04T14:00,33.3,0.0,13.1,30.6,54140.0,0
2026-07-04T15:00,34.2,0.0,14.1,29.9,54140.0,0
2026-07-04T16:00,35.0,0.0,14.1,29.9,54140.0,0
2026-07-04T17:00,35.2,0.0,14.9,29.9,54140.0,0
2026-07-04T18:00,35.2,0.0,16.6,31.3,54120.0,0
2026-07-04T19:00,34.7,0.0,19.9,31.0,54120.0,0
2026-07-04T20:00,33.5,0.0,19.5,29.5,54120.0,0
2026-07-04T21:00,31.2,0.0,19.1,30.2,54120.0,0
2026-07-04T22:00,27.7,0.0,17.4,29.2,54120.0,0
2026-07-04T23:00,25.4,0.0,14.0,22.3,54140.0,0
2026-07-05T00:00,23.5,0.0,11.3,18.7,54140.0,0
2026-07-05T01:00,21.9,0.0,7.3,14.8,54140.0,0
2026-07-05T02:00,20.7,0.0,8.0,12.2,47340.0,0
2026-07-05T03:00,19.3,0.0,8.5,14.0,47340.0,0
2026-07-05T04:00,17.9,0.0,6.1,12.2,47340.0,0
2026-07-05T05:00,17.5,0.0,5.8,10.8,47340.0,0
2026-07-05T06:00,17.2,0.0,6.2,8.3,47340.0,0
2026-07-05T07:00,17.1,0.0,4.9,9.4,47340.0,0
2026-07-05T08:00,19.9,0.0,9.4,13.0,47320.0,0
2026-07-05T09:00,24.0,0.0,11.8,16.2,47320.0,0
2026-07-05T10:00,27.6,0.0,10.6,20.2,54140.0,0
2026-07-05T11:00,30.2,0.0,12.9,24.1,54140.0,0
2026-07-05T12:00,32.3,0.0,11.6,23.8,54120.0,0
2026-07-05T13:00,33.9,0.0,10.3,23.4,54120.0,0
2026-07-05T14:00,35.1,0.0,10.2,24.5,54120.0,0
2026-07-05T15:00,36.2,0.0,12.7,30.2,54120.0,0
2026-07-05T16:00,36.8,0.0,10.7,27.4,54120.0,1
2026-07-05T17:00,37.5,0.0,15.3,25.2,54120.0,0
2026-07-05T18:00,37.4,0.0,18.3,32.4,54120.0,2
2026-07-05T19:00,36.7,0.0,18.7,30.6,54120.0,2
2026-07-05T20:00,35.6,0.0,16.7,28.4,54120.0,0
2026-07-05T21:00,33.6,0.0,16.7,24.5,54120.0,0
2026-07-05T22:00,30.7,0.0,14.7,23.4,54120.0,0
2026-07-05T23:00,28.3,0.0,13.9,22.3,54120.0,0
2026-07-06T00:00,26.4,0.0,10.9,20.9,54120.0,0
2026-07-06T01:00,24.9,0.0,9.9,16.6,54120.0,0
2026-07-06T02:00,23.5,0.0,7.1,14.4,54120.0,0
2026-07-06T03:00,22.6,0.0,10.0,13.3,47320.0,0
2026-07-06T04:00,21.5,0.0,8.7,12.2,47320.0,0
2026-07-06T05:00,21.2,0.0,9.5,10.4,47320.0,0
2026-07-06T06:00,20.4,0.0,8.4,14.0,47320.0,0
2026-07-06T07:00,19.7,0.0,8.0,15.1,47320.0,0
2026-07-06T08:00,23.0,0.0,11.3,19.1,47320.0,0
2026-07-06T09:00,27.9,0.0,15.6,20.5,47320.0,0
2026-07-06T10:00,30.8,0.0,20.3,32.0,47320.0,0
2026-07-06T11:00,32.5,0.0,21.0,32.0,54120.0,0
2026-07-06T12:00,34.5,0.0,20.2,33.1,54120.0,0
2026-07-06T13:00,36.0,0.0,17.1,33.5,54100.0,0
2026-07-06T14:00,37.6,0.0,20.0,33.5,54100.0,0
2026-07-06T15:00,38.9,0.0,19.9,33.8,54100.0,0
2026-07-06T16:00,39.6,0.0,19.3,34.2,54100.0,0
2026-07-06T17:00,39.7,0.0,18.5,32.8,54100.0,0
2026-07-06T18:00,39.6,0.0,17.7,30.2,54100.0,0
2026-07-06T19:00,39.2,0.0,15.9,27.0,54100.0,0
2026-07-06T20:00,38.3,0.0,14.3,24.5,54100.0,0
2026-07-06T21:00,36.6,0.0,11.4,18.7,54100.0,0
2026-07-06T22:00,32.7,0.0,7.6,12.6,54100.0,0
2026-07-06T23:00,30.5,0.0,10.8,12.2,54100.0,0
2026-07-07T00:00,28.3,0.0,8.8,13.3,54100.0,0
2026-07-07T01:00,27.4,0.0,11.2,16.6,54100.0,0
2026-07-07T02:00,26.0,0.0,9.2,19.8,54100.0,0
2026-07-07T03:00,24.1,0.0,6.6,9.4,54100.0,0
2026-07-07T04:00,21.3,0.0,6.3,9.0,54120.0,0
2026-07-07T05:00,21.5,0.0,6.7,11.2,54120.0,0
2026-07-07T06:00,20.6,0.0,5.4,9.4,54120.0,0
2026-07-07T07:00,19.6,0.0,6.4,7.9,54100.0,0
2026-07-07T08:00,22.3,0.0,6.6,5.0,47300.0,0
2026-07-07T09:00,28.4,0.0,12.2,17.6,54100.0,0
2026-07-07T10:00,31.1,0.0,14.6,23.8,54100.0,0
2026-07-07T11:00,33.1,0.0,6.5,19.1,54100.0,0
2026-07-07T12:00,35.4,0.0,6.2,20.5,54100.0,0
2026-07-07T13:00,37.7,0.0,6.9,19.1,54080.0,0
2026-07-07T14:00,39.2,0.0,4.7,19.4,54080.0,1
2026-07-07T15:00,39.9,0.0,1.4,19.1,54080.0,0
2026-07-07T16:00,40.5,0.0,1.3,19.8,54080.0,0
2026-07-07T17:00,40.2,0.0,18.4,20.5,54080.0,0
2026-07-07T18:00,39.0,0.0,19.0,34.6,54080.0,0
2026-07-07T19:00,38.0,0.0,17.6,29.2,54080.0,0
2026-07-07T20:00,35.3,0.0,20.9,29.2,54100.0,0
2026-07-07T21:00,30.9,0.0,21.8,31.0,47280.0,0
2026-07-07T22:00,26.4,0.0,21.0,31.3,39920.0,0
2026-07-07T23:00,24.0,0.0,26.1,40.3,32360.0,0
2026-07-08T00:00,23.6,0.0,19.1,28.4,28680.0,2
2026-07-08T01:00,23.1,0.0,10.9,21.6,28680.0,0
2026-07-08T02:00,22.3,0.0,5.4,12.2,24060.0,0
2026-07-08T03:00,21.2,0.0,5.2,9.7,760.0,0
2026-07-08T04:00,20.4,0.0,7.7,6.5,300.0,0
2026-07-08T05:00,19.9,0.0,12.5,23.4,160.0,3
2026-07-08T06:00,20.3,0.0,13.5,20.9,780.0,3
2026-07-08T07:00,20.6,0.0,11.3,22.7,3780.0,3
2026-07-08T08:00,21.9,0.0,9.4,17.3,27400.0,1
2026-07-08T09:00,24.1,0.0,11.4,19.8,35820.0,1
2026-07-08T10:00,26.2,0.0,13.3,20.2,36460.0,0
2026-07-08T11:00,28.5,0.0,8.8,19.1,39920.0,0
2026-07-08T12:00,30.7,0.0,5.8,18.7,43060.0,0
2026-07-08T13:00,33.0,0.0,5.5,17.6,47280.0,0
2026-07-08T14:00,34.7,0.0,3.7,20.5,47280.0,0
2026-07-08T15:00,36.5,0.0,4.6,19.8,54100.0,0
2026-07-08T16:00,37.5,0.0,8.2,26.3,54100.0,0
2026-07-08T17:00,38.3,0.0,6.3,27.7,54100.0,0
2026-07-08T18:00,37.6,0.0,17.0,30.6,54100.0,0
2026-07-08T19:00,35.2,0.0,22.4,33.8,47280.0,0
2026-07-08T20:00,34.2,0.0,18.0,28.1,47260.0,0
2026-07-08T21:00,30.4,0.0,13.6,24.1,43060.0,0
2026-07-08T22:00,27.9,0.0,10.8,17.3,43060.0,0
2026-07-08T23:00,25.8,0.0,9.2,16.9,39900.0,0
2026-07-09T00:00,24.5,0.0,6.7,11.5,39900.0,0
2026-07-09T01:00,23.5,0.0,6.9,9.0,39900.0,0
2026-07-09T02:00,22.5,0.0,6.3,7.6,36440.0,0
2026-07-09T03:00,21.6,0.0,8.6,9.4,36440.0,0
2026-07-09T04:00,20.8,0.0,7.7,11.2,32340.0,0
2026-07-09T05:00,20.6,0.0,13.7,15.5,28660.0,3
2026-07-09T06:00,21.3,0.0,11.1,21.2,24040.0,0
2026-07-09T07:00,20.6,0.0,6.5,13.3,24040.0,2
2026-07-09T08:00,21.3,0.0,7.9,15.1,24040.0,0
2026-07-09T09:00,23.3,0.0,14.4,21.6,36420.0,0
2026-07-09T10:00,26.0,0.0,3.6,14.0,39880.0,0
2026-07-09T11:00,29.1,0.0,4.6,12.2,43040.0,0
2026-07-09T12:00,31.8,0.0,4.1,16.2,47260.0,0
2026-07-09T13:00,34.4,0.0,5.5,16.6,54080.0,0
2026-07-09T14:00,36.5,0.0,8.7,20.2,54080.0,0
2026-07-09T15:00,38.0,0.0,9.2,27.0,54060.0,0
2026-07-09T16:00,38.6,0.0,13.2,28.4,54060.0,0
2026-07-09T17:00,39.2,0.0,10.6,28.1,54060.0,0
2026-07-09T18:00,39.5,0.0,13.6,27.4,54060.0,0
2026-07-09T19:00,39.1,0.0,14.0,28.8,54060.0,0
2026-07-09T20:00,37.7,0.0,14.7,26.3,54080.0,0
2026-07-09T21:00,35.3,0.0,12.9,20.2,54080.0,0
2026-07-09T22:00,32.7,0.0,12.9,19.1,54080.0,0
2026-07-09T23:00,30.7,0.0,8.4,17.6,54080.0,0
2026-07-10T00:00,28.5,0.0,6.2,12.2,54080.0,0
2026-07-10T01:00,27.3,0.0,8.3,14.4,54080.0,0
2026-07-10T02:00,26.5,0.0,3.7,13.0,47240.0,0
2026-07-10T03:00,25.6,0.0,5.8,9.4,47240.0,3
2026-07-10T04:00,23.1,0.0,12.8,7.9,47240.0,0
2026-07-10T05:00,21.9,0.0,8.3,7.2,47240.0,3
2026-07-10T06:00,21.1,0.0,5.9,5.8,47240.0,0
2026-07-10T07:00,20.9,0.0,4.3,9.4,47240.0,3
2026-07-10T08:00,22.6,0.0,10.8,23.4,43020.0,3
2026-07-10T09:00,24.6,0.0,11.7,18.0,43020.0,3
2026-07-10T10:00,27.5,0.0,11.6,19.4,47240.0,3
2026-07-10T11:00,30.4,0.0,7.6,19.4,47240.0,2
2026-07-10T12:00,32.9,0.0,5.6,16.6,47240.0,0
2026-07-10T13:00,35.0,0.0,4.0,7.6,47240.0,0
2026-07-10T14:00,36.5,0.0,5.7,16.9,47240.0,0
2026-07-10T15:00,36.1,0.0,20.6,21.2,47240.0,0
2026-07-10T16:00,35.3,0.0,13.6,28.8,47240.0,0
2026-07-10T17:00,35.7,0.0,15.5,24.1,3500.0,0
2026-07-10T18:00,35.7,0.0,16.2,23.8,12800.0,0
2026-07-10T19:00,34.3,0.0,16.7,25.2,47240.0,0
2026-07-10T20:00,31.5,0.0,20.8,31.7,47240.0,3
2026-07-10T21:00,29.8,0.0,11.9,38.2,47240.0,51
2026-07-10T22:00,28.0,0.0,19.0,11.5,39860.0,53
2026-07-10T23:00,27.1,0.0,18.7,54.7,39860.0,3
2026-07-11T00:00,24.5,0.2,24.0,34.9,36380.0,63
2026-07-11T01:00,24.2,0.0,14.4,22.0,36380.0,51
2026-07-11T02:00,23.9,0.0,13.2,4.0,43000.0,3
2026-07-11T03:00,22.0,0.0,6.2,11.9,43000.0,3
2026-07-11T04:00,22.0,0.0,11.4,9.4,39840.0,3
2026-07-11T05:00,21.8,0.0,5.1,6.1,36380.0,3
2026-07-11T06:00,20.7,0.0,9.4,6.5,36380.0,3
2026-07-11T07:00,20.9,0.0,14.8,8.6,36380.0,3
2026-07-11T08:00,21.6,0.0,13.3,19.4,36380.0,3
2026-07-11T09:00,23.5,0.0,8.6,15.8,39840.0,1
2026-07-11T10:00,25.2,0.0,12.9,18.4,43000.0,0
2026-07-11T11:00,27.3,0.0,15.6,25.6,47220.0,0
2026-07-11T12:00,30.4,0.0,13.5,24.8,47220.0,0
2026-07-11T13:00,32.7,0.0,13.6,22.7,54060.0,0
2026-07-11T14:00,34.7,0.0,13.5,26.3,54060.0,0
2026-07-11T15:00,36.0,0.0,14.3,23.8,54060.0,0
2026-07-11T16:00,36.7,0.0,17.2,27.4,54060.0,3
2026-07-11T17:00,37.1,0.0,16.5,29.9,54040.0,1
2026-07-11T18:00,37.1,0.0,16.8,29.5,54040.0,0
2026-07-11T19:00,36.9,0.0,17.9,28.1,54040.0,0
2026-07-11T20:00,35.8,0.0,15.7,26.3,54040.0,0
2026-07-11T21:00,34.1,0.0,10.5,18.4,54040.0,0
2026-07-11T22:00,31.7,0.0,10.1,18.0,54040.0,0
2026-07-11T23:00,30.0,0.0,9.6,15.8,54040.0,0
2026-07-12T00:00,29.7,0.0,16.2,5.4,54040.0,0
2026-07-12T01:00,28.4,0.0,15.4,21.6,54040.0,0
2026-07-12T02:00,27.2,0.0,13.7,18.7,54060.0,0
2026-07-12T03:00,25.9,0.0,11.1,17.6,47220.0,0
2026-07-12T04:00,24.6,0.0,11.2,16.2,47220.0,3
2026-07-12T05:00,24.1,0.0,12.2,18.4,42980.0,0
2026-07-12T06:00,23.6,0.0,14.5,23.0,42980.0,3
2026-07-12T07:00,23.4,0.0,15.5,20.5,39820.0,3
2026-07-12T08:00,24.3,0.0,16.7,23.0,42980.0,0
2026-07-12T09:00,26.9,0.0,18.9,24.5,42980.0,0
2026-07-12T10:00,29.8,0.0,21.2,33.1,47200.0,0
2026-07-12T11:00,32.0,0.0,18.6,32.0,54060.0,0
2026-07-12T12:00,34.3,0.0,19.5,31.0,54060.0,3
2026-07-12T13:00,35.8,0.0,21.8,33.8,54040.0,3
2026-07-12T14:00,37.9,0.0,23.1,36.4,54040.0,3
2026-07-12T15:00,38.9,0.0,21.3,36.0,54040.0,3
2026-07-12T16:00,39.8,0.0,22.3,38.5,54040.0,3
2026-07-12T17:00,39.9,0.0,23.1,40.0,54040.0,0
2026-07-12T18:00,39.9,0.0,24.8,38.5,54020.0,3
2026-07-12T19:00,39.7,0.0,24.4,39.6,54040.0,0
2026-07-12T20:00,38.6,0.0,16.6,34.9,54020.0,3
2026-07-12T21:00,37.1,0.0,10.0,20.2,54020.0,0
2026-07-12T22:00,35.2,0.0,16.5,15.1,54040.0,3
2026-07-12T23:00,31.0,0.0,11.9,36.0,54040.0,0
2026-07-13T00:00,31.4,0.0,15.9,54.7,54040.0,0
2026-07-13T01:00,28.3,0.0,16.9,43.2,54040.0,0
2026-07-13T02:00,26.4,0.0,16.3,49.0,42960.0,0
2026-07-13T03:00,25.7,0.0,20.1,36.7,36340.0,3
2026-07-13T04:00,25.1,0.0,16.0,26.6,39800.0,0
2026-07-13T05:00,24.4,0.0,7.3,17.3,39800.0,0
2026-07-13T06:00,23.6,0.0,13.6,18.4,36320.0,0
2026-07-13T07:00,23.1,0.0,20.0,23.8,28540.0,0
2026-07-13T08:00,23.9,0.0,20.6,27.4,28540.0,0
2026-07-13T09:00,24.7,0.0,20.0,27.0,14700.0,1
2026-07-13T10:00,25.5,0.0,14.7,25.6,6520.0,1
2026-07-13T11:00,27.5,0.0,19.0,29.9,6660.0,3
2026-07-13T12:00,28.7,0.0,17.4,30.6,7700.0,3
2026-07-13T13:00,29.3,0.0,14.0,28.1,42960.0,3
2026-07-13T14:00,29.4,0.0,14.6,28.8,18160.0,3
2026-07-13T15:00,31.9,0.0,12.8,29.5,42960.0,1
2026-07-13T16:00,32.4,0.0,15.7,29.5,42960.0,3
2026-07-13T17:00,32.5,0.0,16.3,30.6,42960.0,1
2026-07-13T18:00,32.3,0.0,10.7,28.4,42960.0,3
2026-07-13T19:00,31.4,0.0,15.1,27.0,47180.0,0
2026-07-13T20:00,29.9,0.0,14.6,27.4,42940.0,3
2026-07-13T21:00,28.2,0.0,10.3,19.8,39780.0,1
2026-07-13T22:00,25.7,0.0,8.1,18.7,36300.0,3
2026-07-13T23:00,24.3,0.0,6.6,14.8,36300.0,3
2026-07-14T00:00,23.2,0.0,5.7,13.0,32200.0,3
2026-07-14T01:00,22.4,0.0,5.3,9.7,28520.0,3
2026-07-14T02:00,21.6,0.0,2.4,5.0,23920.0,3
2026-07-14T03:00,20.8,0.0,4.8,9.7,23920.0,3
2026-07-14T04:00,20.5,0.0,2.5,3.2,23920.0,3
2026-07-14T05:00,19.9,0.0,2.1,3.2,16760.0,3
2026-07-14T06:00,19.6,0.0,3.6,7.2,16760.0,3
2026-07-14T07:00,19.2,0.0,3.6,6.1,16760.0,3
2026-07-14T08:00,20.9,0.0,5.4,7.6,23900.0,3
2026-07-14T09:00,23.5,0.0,7.1,7.9,28520.0,3
2026-07-14T10:00,26.6,0.0,7.4,12.6,36300.0,3
2026-07-14T11:00,29.3,0.0,5.7,13.7,42940.0,3
2026-07-14T12:00,31.7,0.0,5.2,13.7,42940.0,3
2026-07-14T13:00,33.5,0.0,5.6,15.1,47180.0,3
2026-07-14T14:00,35.0,0.0,9.0,24.8,47180.0,3
2026-07-14T15:00,35.8,0.0,8.8,24.5,47160.0,0
2026-07-14T16:00,36.5,0.0,10.4,19.4,47160.0,0
2026-07-14T17:00,37.5,0.0,8.7,16.6,54020.0,0
2026-07-14T18:00,37.9,0.0,11.5,24.1,54020.0,3
2026-07-14T19:00,36.7,0.0,12.0,29.2,54020.0,0
2026-07-14T20:00,35.8,0.0,17.3,24.1,54020.0,0
2026-07-14T21:00,34.3,0.0,14.4,21.6,54020.0,0
2026-07-14T22:00,31.7,0.0,10.5,22.7,54020.0,0
2026-07-14T23:00,30.0,0.0,14.4,21.2,47160.0,0
2026-07-15T00:00,29.0,0.0,13.1,22.3,47160.0,0
2026-07-15T01:00,28.2,0.0,13.4,22.0,4620.0,3
2026-07-15T02:00,27.3,0.0,8.0,20.2,16760.0,0
2026-07-15T03:00,26.1,0.0,14.9,15.5,21020.0,3
2026-07-15T04:00,24.5,0.0,12.8,13.3,2880.0,3
2026-07-15T05:00,23.5,0.0,3.4,1.1,8200.0,3
2026-07-15T06:00,23.2,0.0,5.9,12.6,4060.0,0
2026-07-15T07:00,23.2,0.0,6.4,13.7,3520.0,3
2026-07-15T08:00,24.5,0.0,7.9,14.4,4080.0,3
2026-07-15T09:00,27.1,0.0,6.5,12.2,5040.0,0
2026-07-15T10:00,27.8,0.0,12.5,26.6,23460.0,2
2026-07-15T11:00,28.0,0.0,12.3,31.3,8080.0,1
2026-07-15T12:00,30.1,0.0,9.9,22.7,34980.0,2
2026-07-15T13:00,32.0,0.0,11.0,28.4,39740.0,1
2026-07-15T14:00,33.1,0.0,8.0,28.1,47160.0,3
2026-07-15T15:00,34.0,0.0,3.6,27.0,47160.0,3
2026-07-15T16:00,34.9,0.0,4.7,18.7,47160.0,3
2026-07-15T17:00,33.2,0.0,26.9,40.0,47160.0,0
2026-07-15T18:00,32.2,0.0,22.4,39.2,42900.0,0
2026-07-15T19:00,31.6,0.0,19.5,33.5,42900.0,0
2026-07-15T20:00,30.7,0.0,16.3,29.2,42900.0,3
2026-07-15T21:00,28.5,0.0,15.0,24.5,39740.0,3
2026-07-15T22:00,26.7,0.0,8.1,18.4,36260.0,3
2026-07-15T23:00,25.4,0.0,7.2,12.6,32140.0,3
2026-07-16T00:00,24.2,0.0,7.7,13.3,32140.0,0
2026-07-16T01:00,23.4,0.0,11.4,16.9,28480.0,3
2026-07-16T02:00,22.8,0.0,12.2,18.4,23860.0,3
2026-07-16T03:00,22.4,0.0,11.4,14.0,23860.0,3
2026-07-16T04:00,22.3,0.0,8.6,18.0,16720.0,2
2026-07-16T05:00,22.1,0.0,9.0,14.8,16720.0,3
2026-07-16T06:00,22.1,0.0,9.7,16.9,16720.0,3
2026-07-16T07:00,22.3,0.0,5.4,11.9,16720.0,3
2026-07-16T08:00,22.7,0.0,1.1,5.8,420.0,3
2026-07-16T09:00,24.2,0.0,4.1,12.6,22720.0,3
2026-07-16T10:00,26.0,0.0,0.5,11.2,18400.0,0
2026-07-16T11:00,28.2,0.0,3.8,13.7,18920.0,0
2026-07-16T12:00,30.0,0.0,1.4,17.6,12560.0,0
2026-07-16T13:00,31.8,0.0,3.8,17.3,39720.0,1
2026-07-16T14:00,33.4,0.0,6.7,19.1,10420.0,1
2026-07-16T15:00,32.2,0.0,21.0,26.3,23980.0,1
2026-07-16T16:00,32.4,0.0,18.8,35.6,17740.0,1
2026-07-16T17:00,32.3,0.0,17.4,32.8,21180.0,1
2026-07-16T18:00,31.5,0.0,19.3,35.6,16980.0,0
2026-07-16T19:00,30.7,0.0,17.6,31.0,42900.0,1
2026-07-16T20:00,28.9,0.0,18.2,29.5,39740.0,0
2026-07-16T21:00,26.1,0.0,18.1,35.6,39740.0,0
2026-07-16T22:00,24.9,0.0,16.2,27.4,36260.0,2
2026-07-16T23:00,23.8,0.0,10.1,16.6,32160.0,3
2026-07-17T00:00,23.1,0.0,15.8,45.0,28480.0,3
2026-07-17T01:00,23.5,0.0,7.9,20.5,23880.0,1
2026-07-17T02:00,22.8,0.0,6.2,16.2,19620.0,0
2026-07-17T03:00,21.8,0.0,13.0,27.7,20080.0,3
2026-07-17T04:00,21.9,0.0,8.9,21.2,22160.0,3
2026-07-17T05:00,21.2,0.0,5.9,12.6,21480.0,0
2026-07-17T06:00,21.3,0.0,10.4,19.1,23700.0,0
2026-07-17T07:00,20.8,0.0,8.6,15.8,16880.0,0
2026-07-17T08:00,21.9,0.0,4.9,9.4,8860.0,1
2026-07-17T09:00,24.0,0.0,10.5,18.4,11500.0,2
2026-07-17T10:00,25.8,0.0,13.0,20.5,13480.0,2
2026-07-17T11:00,27.5,0.0,13.7,22.0,25400.0,2
2026-07-17T12:00,29.1,0.0,13.7,24.5,39760.0,2
2026-07-17T13:00,30.1,0.0,14.4,29.5,27780.0,2
2026-07-17T14:00,29.9,0.0,16.5,32.4,4840.0,2
2026-07-17T15:00,31.3,0.0,17.4,30.2,26480.0,3
2026-07-17T16:00,31.6,0.0,16.8,31.0,47200.0,0
2026-07-17T17:00,31.2,0.0,20.6,37.4,42960.0,1
2026-07-17T18:00,30.0,0.0,23.4,38.2,30140.0,0
2026-07-17T19:00,28.9,0.0,20.1,34.2,42960.0,0
2026-07-17T20:00,27.6,0.0,18.2,28.8,42960.0,1
2026-07-17T21:00,25.8,0.0,14.6,24.8,39800.0,2
2026-07-17T22:00,23.7,0.0,12.0,20.5,36320.0,0
2026-07-17T23:00,22.2,0.0,9.4,17.3,36320.0,0
2026-07-18T00:00,21.1,0.0,6.1,12.6,32220.0,3
2026-07-18T01:00,20.2,0.0,5.1,9.0,32220.0,3
2026-07-18T02:00,19.6,0.0,5.8,10.4,23920.0,3
2026-07-18T03:00,19.3,0.0,6.9,12.6,23920.0,2
2026-07-18T04:00,18.7,0.0,6.4,7.9,23920.0,3
2026-07-18T05:00,18.2,0.0,4.0,9.4,23940.0,1
2026-07-18T06:00,17.9,0.0,1.8,6.1,23940.0,0
2026-07-18T07:00,17.0,0.0,1.9,4.0,23940.0,1
2026-07-18T08:00,19.0,0.0,1.3,4.0,23940.0,3
2026-07-18T09:00,22.0,0.0,6.9,13.0,32240.0,3
2026-07-18T10:00,24.1,0.0,8.3,15.5,36340.0,2
2026-07-18T11:00,26.0,0.0,5.2,16.2,39820.0,1
2026-07-18T12:00,28.0,0.0,6.3,17.6,39820.0,3
2026-07-18T13:00,29.8,0.0,7.1,20.2,43000.0,3
2026-07-18T14:00,31.2,0.0,8.6,22.0,47260.0,3
2026-07-18T15:00,32.6,0.0,10.2,25.2,54120.0,3
2026-07-18T16:00,33.1,0.0,7.1,25.2,54120.0,1
2026-07-18T17:00,33.0,0.0,11.2,18.7,41120.0,3
2026-07-18T18:00,32.0,0.0,17.1,29.9,7320.0,0
2026-07-18T19:00,31.0,0.0,19.3,33.1,10220.0,0
2026-07-18T20:00,29.3,0.0,19.6,31.3,43020.0,0
2026-07-18T21:00,27.3,0.0,16.8,26.6,43020.0,0
2026-07-18T22:00,25.2,0.0,10.6,20.9,43020.0,0
2026-07-18T23:00,23.6,0.0,7.6,15.5,43020.0,0
2026-07-19T00:00,22.9,0.0,7.9,12.6,43020.0,0
2026-07-19T01:00,21.9,0.0,6.5,10.1,43020.0,3
2026-07-19T02:00,21.2,0.0,5.9,11.2,39860.0,3
2026-07-19T03:00,20.6,0.0,2.7,6.8,39860.0,3
2026-07-19T04:00,19.9,0.0,1.5,6.5,39860.0,3
2026-07-19T05:00,19.2,0.0,3.9,2.5,39860.0,3
2026-07-19T06:00,18.6,0.0,4.5,5.0,39860.0,2
2026-07-19T07:00,18.1,0.0,6.5,6.8,39880.0,3
2026-07-19T08:00,20.7,0.0,6.4,11.2,39880.0,3
2026-07-19T09:00,24.1,0.0,7.2,13.7,43060.0,0
2026-07-19T10:00,27.2,0.0,8.0,15.5,43060.0,3
2026-07-19T11:00,29.4,0.0,10.0,24.1,47300.0,0
2026-07-19T12:00,31.3,0.0,10.7,23.8,47300.0,0
2026-07-19T13:00,33.3,0.0,13.8,28.8,54160.0,0
2026-07-19T14:00,33.9,0.0,13.4,32.4,54160.0,0
2026-07-19T15:00,34.7,0.0,12.9,31.3,54160.0,0
2026-07-19T16:00,35.2,0.0,15.9,31.0,54160.0,0
2026-07-19T17:00,35.1,0.0,18.4,33.5,54160.0,0
2026-07-19T18:00,34.8,0.0,19.4,33.8,54160.0,0
2026-07-19T19:00,34.0,0.0,23.0,36.7,54160.0,0
2026-07-19T20:00,32.5,0.0,22.9,36.4,54160.0,0
2026-07-19T21:00,30.7,0.0,22.1,34.6,54180.0,0
2026-07-19T22:00,28.7,0.0,20.1,30.2,54180.0,0
2026-07-19T23:00,27.4,0.0,20.3,29.2,54180.0,0
2026-07-20T00:00,26.2,0.0,20.5,30.6,54180.0,0
2026-07-20T01:00,25.2,0.0,21.3,32.4,54180.0,0
2026-07-20T02:00,24.2,0.0,17.2,28.8,47340.0,3
2026-07-20T03:00,23.0,0.0,16.2,25.2,47340.0,0
2026-07-20T04:00,21.9,0.0,15.3,26.6,47340.0,0
2026-07-20T05:00,21.2,0.0,15.4,24.8,47340.0,0
2026-07-20T06:00,20.6,0.0,17.6,26.6,47360.0,0
2026-07-20T07:00,19.7,0.0,14.9,23.4,47360.0,0
2026-07-20T08:00,20.4,0.0,15.7,24.5,47360.0,0
2026-07-20T09:00,22.0,0.0,17.6,27.0,47360.0,3
2026-07-20T10:00,23.7,0.0,18.1,26.6,47360.0,0
2026-07-20T11:00,25.8,0.0,15.9,27.0,47360.0,3
2026-07-20T12:00,27.8,0.0,17.2,28.4,54200.0,3
2026-07-20T13:00,29.3,0.0,19.0,30.2,54220.0,3
2026-07-20T14:00,30.7,0.0,17.3,31.3,54220.0,3
2026-07-20T15:00,32.3,0.0,16.4,30.6,54200.0,3
2026-07-20T16:00,33.2,0.0,15.6,31.0,54200.0,0
2026-07-20T17:00,33.2,0.0,16.4,29.2,54220.0,0
2026-07-20T18:00,33.6,0.0,16.9,27.4,54220.0,0
2026-07-20T19:00,33.3,0.0,17.4,29.9,54220.0,0
2026-07-20T20:00,31.8,0.0,20.8,33.8,54220.0,0
2026-07-20T21:00,30.1,0.0,19.3,29.9,54220.0,0
2026-07-20T22:00,28.2,0.0,17.0,26.6,54220.0,0
2026-07-20T23:00,26.7,0.0,20.2,29.5,54240.0,0
2026-07-21T00:00,25.3,0.0,20.5,27.0,54240.0,0
2026-07-21T01:00,24.2,0.0,17.2,28.8,54240.0,0
2026-07-21T02:00,23.2,0.0,18.5,28.1,54240.0,0
2026-07-21T03:00,22.1,0.0,19.4,30.6,54240.0,0
2026-07-21T04:00,21.2,0.0,19.2,30.6,54240.0,0
2026-07-21T05:00,20.4,0.0,15.9,24.8,47400.0,0
2026-07-21T06:00,19.6,0.0,15.5,25.2,47400.0,0
2026-07-21T07:00,18.7,0.0,14.7,25.2,47420.0,0
2026-07-21T08:00,19.2,0.0,14.6,23.0,47420.0,0
2026-07-21T09:00,20.9,0.0,18.5,25.6,47420.0,0
2026-07-21T10:00,22.6,0.0,17.9,30.2,47420.0,0
2026-07-21T11:00,24.6,0.0,17.4,29.5,54260.0,0
2026-07-21T12:00,26.9,0.0,17.7,30.6,54260.0,0
2026-07-21T13:00,29.1,0.0,20.1,32.4,54260.0,0
2026-07-21T14:00,30.9,0.0,20.5,33.5,54260.0,0
2026-07-21T15:00,32.2,0.0,18.6,35.3,54260.0,0
2026-07-21T16:00,33.0,0.0,21.7,35.3,54260.0,0
2026-07-21T17:00,33.4,0.0,23.0,37.4,54260.0,0
2026-07-21T18:00,33.2,0.0,24.0,38.2,54260.0,0
2026-07-21T19:00,32.5,0.0,23.2,38.9,54260.0,0
2026-07-21T20:00,31.6,0.0,22.5,36.0,54260.0,0
2026-07-21T21:00,29.6,0.0,18.2,34.6,54280.0,0
2026-07-21T22:00,27.2,0.0,18.2,23.8,54280.0,0
2026-07-21T23:00,25.4,0.0,14.4,22.0,54280.0,0
2026-07-22T00:00,24.2,0.0,15.9,29.5,54280.0,0
2026-07-22T01:00,23.3,0.0,16.9,26.6,54280.0,0
2026-07-22T02:00,22.3,0.0,15.9,25.2,54280.0,0
2026-07-22T03:00,20.4,0.0,13.0,20.9,54300.0,0
2026-07-22T04:00,19.4,0.0,12.3,20.5,54300.0,0
2026-07-22T05:00,18.6,0.0,10.8,20.2,47460.0,0
2026-07-22T06:00,18.1,0.0,13.4,21.6,47460.0,0
2026-07-22T07:00,17.2,0.0,10.4,22.7,47480.0,2
2026-07-22T08:00,18.7,0.0,11.8,18.0,47480.0,0
2026-07-22T09:00,21.3,0.0,15.8,22.3,47480.0,0
2026-07-22T10:00,23.8,0.0,15.3,24.5,54300.0,0
2026-07-22T11:00,26.5,0.0,16.1,27.4,54300.0,2
2026-07-22T12:00,28.8,0.0,17.8,31.7,54300.0,0
2026-07-22T13:00,30.7,0.0,18.4,32.0,54300.0,0
2026-07-22T14:00,32.2,0.0,17.7,32.8,54300.0,2
2026-07-22T15:00,33.3,0.0,17.6,32.4,54300.0,0
2026-07-22T16:00,34.3,0.0,17.6,30.2,54300.0,0
2026-07-22T17:00,34.7,0.0,15.4,29.2,54300.0,0
2026-07-22T18:00,34.6,0.0,14.6,28.8,54300.0,3
2026-07-22T19:00,34.3,0.0,14.7,25.9,54320.0,3
2026-07-22T20:00,33.3,0.0,14.2,24.1,54320.0,3
2026-07-22T21:00,31.1,0.0,14.6,24.8,54320.0,3
2026-07-22T22:00,28.9,0.0,15.3,21.2,54320.0,3
2026-07-22T23:00,27.1,0.0,14.5,22.7,54320.0,3
2026-07-23T00:00,25.4,0.0,14.2,28.8,54340.0,3
2026-07-23T01:00,24.6,0.0,14.3,23.0,54340.0,3
2026-07-23T02:00,23.5,0.0,14.3,22.0,54340.0,3
2026-07-23T03:00,21.8,0.0,10.8,23.4,54340.0,3
2026-07-23T04:00,20.7,0.0,10.8,20.2,54340.0,3
2026-07-23T05:00,19.9,0.0,10.9,17.6,47520.0,3
2026-07-23T06:00,19.1,0.0,10.5,18.0,47520.0,3
2026-07-23T07:00,18.2,0.0,10.3,15.5,47520.0,3
2026-07-23T08:00,19.5,0.0,10.0,14.4,43280.0,0
2026-07-23T09:00,22.3,0.0,13.5,19.1,47540.0,0
2026-07-23T10:00,25.0,0.0,14.3,23.4,47540.0,0
2026-07-23T11:00,27.4,0.0,13.4,24.1,47540.0,0
2026-07-23T12:00,29.9,0.0,17.4,28.8,54360.0,0
2026-07-23T13:00,31.9,0.0,16.0,29.5,54360.0,0
2026-07-23T14:00,33.6,0.0,12.2,26.6,54360.0,0
2026-07-23T15:00,34.8,0.0,13.3,27.4,54360.0,0
2026-07-23T16:00,35.3,0.0,13.9,29.9,54360.0,0
2026-07-23T17:00,35.4,0.0,17.4,32.4,54360.0,0
2026-07-23T18:00,34.9,0.0,17.9,31.7,54360.0,0
2026-07-23T19:00,34.1,0.0,19.4,32.8,54360.0,0
2026-07-23T20:00,33.0,0.0,17.5,29.5,54360.0,0
2026-07-23T21:00,31.2,0.0,14.1,24.5,54380.0,0
2026-07-23T22:00,28.4,0.0,11.5,17.3,54380.0,0
2026-07-23T23:00,26.4,0.0,12.9,20.2,54380.0,0
2026-07-24T00:00,24.7,0.0,11.9,22.3,54380.0,0
2026-07-24T01:00,23.7,0.0,14.1,23.4,54400.0,0
2026-07-24T02:00,22.9,0.0,14.1,26.3,54400.0,0
2026-07-24T03:00,21.2,0.0,10.9,23.4,54400.0,0
2026-07-24T04:00,19.8,0.0,9.7,18.0,47580.0,0
2026-07-24T05:00,19.0,0.0,10.7,17.3,47580.0,0
2026-07-24T06:00,18.5,0.0,10.5,17.3,47580.0,0
2026-07-24T07:00,17.8,0.0,10.5,15.8,43340.0,0
2026-07-24T08:00,19.6,0.0,10.9,17.6,43340.0,0
2026-07-24T09:00,22.4,0.0,13.9,23.4,47600.0,2
2026-07-24T10:00,25.1,0.0,13.4,23.0,47600.0,0
2026-07-24T11:00,27.8,0.0,12.4,22.7,54420.0,0
2026-07-24T12:00,30.6,0.0,14.7,25.2,54400.0,0
2026-07-24T13:00,32.7,0.0,13.9,28.1,54420.0,0
2026-07-24T14:00,34.6,0.0,12.9,27.7,54400.0,0
2026-07-24T15:00,35.8,0.0,8.4,26.3,54400.0,0
2026-07-24T16:00,36.6,0.0,6.0,20.9,54400.0,0
2026-07-24T17:00,37.2,0.0,3.0,15.5,54420.0,0
2026-07-24T18:00,37.4,0.0,7.6,14.4,54420.0,0
2026-07-24T19:00,36.7,0.0,6.2,18.4,54420.0,0
2026-07-24T20:00,32.3,0.0,20.2,31.0,54420.0,0
2026-07-24T21:00,29.7,0.0,19.5,27.0,54440.0,3
2026-07-24T22:00,27.3,0.0,22.8,31.3,7940.0,51
2026-07-24T23:00,24.9,0.0,21.2,23.0,9400.0,0
2026-07-25T00:00,22.0,0.0,23.4,37.1,10620.0,3
2026-07-25T01:00,22.0,0.0,13.3,28.1,5340.0,3
2026-07-25T02:00,21.8,0.0,21.8,34.6,10360.0,2
2026-07-25T03:00,21.6,0.0,15.1,39.2,22320.0,0
2026-07-25T04:00,21.0,0.0,18.4,40.7,31540.0,3
2026-07-25T05:00,21.1,0.0,21.9,35.3,28900.0,3
2026-07-25T06:00,21.0,0.0,20.1,32.4,11860.0,3
2026-07-25T07:00,21.2,0.0,25.9,27.0,11920.0,0
2026-07-25T08:00,21.8,0.0,25.9,40.0,28920.0,0
2026-07-25T09:00,22.6,0.0,24.4,48.2,36740.0,0
2026-07-25T10:00,24.1,0.0,20.6,37.4,40220.0,2
2026-07-25T11:00,24.6,0.0,21.5,39.6,4140.0,0
2026-07-25T12:00,27.0,0.0,19.1,36.4,6680.0,3
2026-07-25T13:00,25.9,0.0,16.3,37.8,14380.0,3
2026-07-25T14:00,27.3,0.0,15.3,34.2,6180.0,3
2026-07-25T15:00,25.2,0.0,12.1,25.6,5200.0,0
2026-07-25T16:00,28.0,0.0,16.1,26.6,19800.0,3
2026-07-25T17:00,28.1,0.0,16.4,31.7,40240.0,3
2026-07-25T18:00,26.8,0.0,18.4,29.5,43420.0,3
2026-07-25T19:00,25.2,0.0,15.6,32.0,18060.0,3
2026-07-25T20:00,23.4,0.0,19.2,25.6,7880.0,3
2026-07-25T21:00,22.6,0.0,21.6,33.8,9480.0,3
2026-07-25T22:00,21.2,0.0,22.3,30.2,26120.0,2
2026-07-25T23:00,20.9,0.0,22.7,28.1,28940.0,3
2026-07-26T00:00,20.7,0.0,22.1,25.9,31280.0,2
2026-07-26T01:00,20.3,0.0,19.6,32.4,31920.0,2
2026-07-26T02:00,20.1,0.0,16.5,27.4,28920.0,3
2026-07-26T03:00,19.8,0.0,13.7,24.8,27000.0,1
2026-07-26T04:00,19.4,0.0,11.5,25.6,28660.0,3
2026-07-26T05:00,19.2,0.0,12.3,23.8,29720.0,3
2026-07-26T06:00,18.7,0.0,13.3,21.2,28740.0,0
2026-07-26T07:00,17.9,0.0,9.7,15.1,28960.0,0
2026-07-26T08:00,18.8,0.0,8.4,15.8,35460.0,0
2026-07-26T09:00,20.7,0.0,11.1,21.2,36860.0,1
2026-07-26T10:00,22.4,0.0,15.5,26.6,40280.0,2
2026-07-26T11:00,23.6,0.0,17.2,27.7,43460.0,1
2026-07-26T12:00,25.1,0.0,19.8,31.7,43460.0,2
2026-07-26T13:00,25.7,0.0,23.1,34.9,47720.0,2
2026-07-26T14:00,26.8,0.0,22.5,36.7,47720.0,1
2026-07-26T15:00,27.1,0.0,23.5,37.8,30420.0,2
2026-07-26T16:00,26.9,0.0,22.3,40.3,47720.0,0
2026-07-26T17:00,24.5,0.0,29.4,42.1,43460.0,3
2026-07-26T18:00,23.6,0.0,24.1,40.3,21420.0,2
2026-07-26T19:00,22.4,0.0,21.2,36.4,16120.0,3
2026-07-26T20:00,22.4,0.0,20.4,31.0,19520.0,3
2026-07-26T21:00,22.0,0.0,16.3,27.4,36820.0,3
2026-07-26T22:00,21.5,0.0,16.6,26.6,20360.0,3
2026-07-26T23:00,21.4,0.0,17.1,26.6,8320.0,3
2026-07-27T00:00,20.8,0.0,16.3,26.3,13320.0,3
2026-07-27T01:00,20.7,0.0,17.7,20.9,10720.0,3
2026-07-27T02:00,20.4,0.1,14.4,27.7,5760.0,3
2026-07-27T03:00,19.8,0.0,12.8,20.2,4660.0,3
2026-07-27T04:00,19.3,0.0,8.9,16.6,19440.0,3
2026-07-27T05:00,19.1,0.0,6.6,13.7,23380.0,3
2026-07-27T06:00,18.8,0.0,6.9,21.6,16640.0,0
2026-07-27T07:00,18.2,0.0,5.8,13.3,23520.0,0
2026-07-27T08:00,18.6,0.0,4.7,10.8,24360.0,3
2026-07-27T09:00,19.9,0.0,7.6,19.4,32740.0,0
2026-07-27T10:00,21.4,0.0,12.1,21.2,32420.0,1
2026-07-27T11:00,22.3,0.0,11.0,23.4,40340.0,3
2026-07-27T12:00,23.7,0.0,6.4,22.7,40340.0,2
2026-07-27T13:00,25.1,0.0,8.5,19.8,43520.0,3
2026-07-27T14:00,25.8,0.0,6.5,22.0,43520.0,1
2026-07-27T15:00,27.2,0.0,5.3,18.0,47780.0,0
2026-07-27T16:00,28.2,0.0,2.9,17.3,47780.0,0
2026-07-27T17:00,29.0,0.0,6.2,17.6,47780.0,0
2026-07-27T18:00,29.2,0.0,8.7,14.8,47780.0,0
2026-07-27T19:00,27.8,0.0,19.2,30.2,47800.0,0
2026-07-27T20:00,27.6,0.0,7.2,25.9,47800.0,0
2026-07-27T21:00,24.7,0.0,14.3,24.1,43540.0,0
2026-07-27T22:00,22.1,0.0,10.7,18.4,43540.0,0
2026-07-27T23:00,20.4,0.0,7.4,12.6,40360.0,0
2026-07-28T00:00,19.1,0.0,7.9,10.4,40360.0,0
2026-07-28T01:00,18.3,0.0,7.2,11.9,40380.0,0
2026-07-28T02:00,17.6,0.0,5.5,9.7,36900.0,0
2026-07-28T03:00,16.8,0.0,2.9,11.5,32780.0,0
2026-07-28T04:00,16.4,0.0,7.9,11.2,32780.0,0
2026-07-28T05:00,16.1,0.0,8.3,12.6,32780.0,0
2026-07-28T06:00,15.6,0.0,4.4,10.1,32780.0,0
2026-07-28T07:00,15.0,0.0,3.5,7.2,36900.0,0
2026-07-28T08:00,16.8,0.0,3.6,5.0,36900.0,0
2026-07-28T09:00,21.0,0.0,7.6,10.8,36900.0,0
2026-07-28T10:00,24.8,0.0,9.1,15.1,40400.0,0
2026-07-28T11:00,27.5,0.0,8.1,17.3,43580.0,0
2026-07-28T12:00,29.9,0.0,8.8,17.6,47840.0,0
2026-07-28T13:00,31.7,0.0,10.6,22.0,47840.0,0
2026-07-28T14:00,33.1,0.0,10.5,24.5,54620.0,0
2026-07-28T15:00,34.2,0.0,4.0,22.3,54640.0,0
2026-07-28T16:00,35.4,0.0,3.0,17.6,54640.0,0
2026-07-28T17:00,36.8,0.0,7.6,14.8,54640.0,0
2026-07-28T18:00,37.2,0.0,3.4,14.4,54640.0,0
2026-07-28T19:00,36.5,0.0,12.9,28.1,54640.0,0
2026-07-28T20:00,35.2,0.0,11.5,17.3,54640.0,0
2026-07-28T21:00,33.0,0.0,7.1,13.0,54640.0,0
2026-07-28T22:00,28.9,0.0,5.6,10.4,47860.0,0
2026-07-28T23:00,25.9,0.0,3.8,7.6,43600.0,0
2026-07-29T00:00,23.8,0.0,2.7,4.3,43600.0,0
2026-07-29T01:00,22.3,0.0,3.6,4.3,43600.0,0
2026-07-29T02:00,20.9,0.0,2.6,5.8,40440.0,0
2026-07-29T03:00,19.4,0.0,4.0,4.7,40440.0,0
2026-07-29T04:00,18.1,0.0,2.4,4.0,40440.0,0
2026-07-29T05:00,17.1,0.0,4.6,7.6,40440.0,0
2026-07-29T06:00,17.8,0.0,0.8,8.3,36960.0,0
2026-07-29T07:00,16.3,0.0,4.7,4.0,36960.0,0
2026-07-29T08:00,17.9,0.0,3.3,4.7,36960.0,0
2026-07-29T09:00,23.3,0.0,7.6,10.4,40440.0,0
2026-07-29T10:00,27.7,0.0,10.4,15.8,43620.0,0
2026-07-29T11:00,31.1,0.0,11.9,19.1,47900.0,0
2026-07-29T12:00,34.5,0.0,11.0,20.5,54680.0,0
2026-07-29T13:00,37.1,0.0,10.7,21.2,54680.0,0
2026-07-29T14:00,39.2,0.0,6.7,19.4,54680.0,0
2026-07-29T15:00,40.8,0.0,12.5,29.5,54680.0,0
2026-07-29T16:00,41.2,0.0,8.3,24.5,54680.0,0
2026-07-29T17:00,40.8,0.0,21.9,27.4,54680.0,0
2026-07-29T18:00,39.0,0.0,20.9,36.4,54680.0,0
2026-07-29T19:00,37.5,0.0,18.2,28.8,54700.0,0
2026-07-29T20:00,35.5,0.0,16.4,25.9,54700.0,0
2026-07-29T21:00,31.8,0.0,16.3,22.7,54700.0,0
2026-07-29T22:00,28.7,0.0,13.4,18.7,47920.0,0
2026-07-29T23:00,25.9,0.0,13.8,20.9,43660.0,0
2026-07-30T00:00,23.8,0.0,12.2,12.2,43660.0,0
2026-07-30T01:00,22.7,0.0,11.8,17.3,40480.0,0
2026-07-30T02:00,22.2,0.0,9.2,15.5,37000.0,3
2026-07-30T03:00,21.8,0.0,10.2,15.5,32880.0,0
2026-07-30T04:00,21.3,0.0,11.0,18.4,29160.0,0
2026-07-30T05:00,20.9,0.0,12.3,17.6,24500.0,0
2026-07-30T06:00,20.9,0.0,15.5,22.3,24500.0,0
2026-07-30T07:00,21.0,0.0,10.0,25.6,16420.0,0
2026-07-30T08:00,21.5,0.0,5.7,11.5,24200.0,3
2026-07-30T09:00,22.5,0.0,5.6,49.7,29180.0,3
2026-07-30T10:00,23.5,0.0,14.8,16.6,20140.0,0
2026-07-30T11:00,27.0,0.0,9.4,24.8,35300.0,0
2026-07-30T12:00,29.0,0.0,8.3,16.9,43680.0,0
2026-07-30T13:00,30.3,0.0,7.7,18.4,43700.0,0
2026-07-30T14:00,31.6,0.0,8.4,19.1,47960.0,0
2026-07-30T15:00,32.4,0.0,11.4,26.3,43700.0,1
2026-07-30T16:00,32.9,0.0,18.4,33.8,43700.0,0
2026-07-30T17:00,32.4,0.0,13.8,32.4,43700.0,0
2026-07-30T18:00,31.0,0.0,18.1,35.3,43700.0,3
2026-07-30T19:00,29.5,0.0,16.9,29.9,40520.0,3
2026-07-30T20:00,27.6,0.0,16.3,27.0,40540.0,3
2026-07-30T21:00,25.4,0.0,14.6,23.4,40540.0,3
2026-07-30T22:00,23.4,0.0,11.7,21.6,37060.0,0
2026-07-30T23:00,22.0,0.0,8.4,17.3,37060.0,0
2026-07-31T00:00,20.8,0.0,5.6,11.5,37060.0,0
2026-07-31T01:00,20.0,0.0,7.3,17.6,32940.0,0
2026-07-31T02:00,19.6,0.0,10.0,16.6,29220.0,0
2026-07-31T03:00,19.2,0.0,6.2,14.8,29220.0,0
2026-07-31T04:00,18.9,0.0,8.7,16.6,29220.0,3
2026-07-31T05:00,18.8,0.0,4.2,12.2,13720.0,3
2026-07-31T06:00,19.1,0.0,7.2,12.6,16760.0,3
2026-07-31T07:00,19.1,0.0,6.3,14.0,17280.0,3
2026-07-31T08:00,19.7,0.0,6.8,15.5,17040.0,3
2026-07-31T09:00,20.9,0.0,9.0,23.0,29240.0,3
2026-07-31T10:00,23.1,0.0,9.0,18.7,37080.0,0
2026-07-31T11:00,25.2,0.0,11.6,20.9,37080.0,0
2026-07-31T12:00,26.8,0.0,13.4,23.4,40580.0,3
2026-07-31T13:00,26.7,0.0,15.3,27.0,43760.0,3
2026-07-31T14:00,26.6,0.0,17.6,29.2,43760.0,3
2026-07-31T15:00,28.0,0.0,17.0,29.9,43760.0,3
2026-07-31T16:00,27.9,0.0,18.3,29.9,43760.0,3
2026-07-31T17:00,27.8,0.0,20.8,32.4,43760.0,2
2026-07-31T18:00,27.4,0.0,20.8,36.4,43760.0,1
2026-07-31T19:00,26.2,0.0,19.4,32.8,43760.0,3
2026-07-31T20:00,24.5,0.0,19.7,30.6,40600.0,0
2026-07-31T21:00,22.5,0.0,17.7,29.9,37100.0,0
2026-07-31T22:00,20.7,0.0,12.4,25.2,37120.0,0
2026-07-31T23:00,19.5,0.0,9.0,19.8,33000.0,0
2026-08-01T00:00,18.7,0.0,6.5,13.7,29260.0,1
2026-08-01T01:00,18.0,0.0,5.5,12.6,29260.0,0
2026-08-01T02:00,17.3,0.0,4.3,7.6,24600.0,0
2026-08-01T03:00,16.7,0.0,7.1,7.9,24600.0,0
2026-08-01T04:00,16.1,0.0,4.6,6.5,24600.0,0
2026-08-01T05:00,15.6,0.0,6.4,7.9,24600.0,0
2026-08-01T06:00,15.1,0.0,6.1,9.7,24600.0,2
2026-08-01T07:00,14.7,0.0,5.1,6.1,24600.0,2
2026-08-01T08:00,16.0,0.0,4.4,5.0,29280.0,3
2026-08-01T09:00,19.3,0.0,3.9,7.2,33020.0,3
2026-08-01T10:00,22.2,0.0,6.3,14.0,37140.0,0
2026-08-01T11:00,24.2,0.0,1.8,12.2,40620.0,0
2026-08-01T12:00,26.3,0.0,1.5,17.3,40620.0,0
2026-08-01T13:00,28.2,0.0,2.8,13.7,43800.0,1
2026-08-01T14:00,29.6,0.0,3.7,14.0,43820.0,1
2026-08-01T15:00,31.0,0.0,9.8,17.3,48080.0,1
2026-08-01T16:00,31.8,0.0,7.7,24.1,48080.0,1
2026-08-01T17:00,32.2,0.0,8.7,22.3,48080.0,0
2026-08-01T18:00,32.4,0.0,7.0,19.4,48080.0,0
2026-08-01T19:00,30.8,0.0,20.3,35.6,54860.0,0
2026-08-01T20:00,29.2,0.0,17.1,29.5,48100.0,0
2026-08-01T21:00,26.9,0.0,12.6,22.0,43820.0,0
2026-08-01T22:00,24.9,0.0,10.3,15.8,43840.0,1
2026-08-01T23:00,23.3,0.0,6.9,12.2,43840.0,0
2026-08-02T00:00,22.3,0.0,4.3,7.9,43840.0,0
2026-08-02T01:00,21.4,0.0,4.3,5.4,43840.0,3
2026-08-02T02:00,20.4,0.0,5.4,6.8,40660.0,0
2026-08-02T03:00,19.5,0.0,4.4,5.0,43840.0,0
2026-08-02T04:00,18.6,0.0,2.9,3.2,43840.0,0
2026-08-02T05:00,18.0,0.0,3.1,2.5,43840.0,0
2026-08-02T06:00,17.4,0.0,5.6,5.0,43860.0,3
2026-08-02T07:00,16.7,0.0,4.3,5.0,43860.0,0
2026-08-02T08:00,18.2,0.0,6.0,6.5,40680.0,0
2026-08-02T09:00,21.9,0.0,6.2,10.4,43860.0,0
2026-08-02T10:00,24.9,0.0,4.8,10.4,43860.0,0
2026-08-02T11:00,28.1,0.0,3.9,14.8,48140.0,0
2026-08-02T12:00,30.8,0.0,0.4,15.5,48140.0,0
2026-08-02T13:00,33.1,0.0,3.4,13.7,54900.0,0
2026-08-02T14:00,34.5,0.0,4.5,17.6,54900.0,0
2026-08-02T15:00,36.0,0.0,5.2,18.4,54900.0,0
2026-08-02T16:00,36.7,0.0,5.2,15.5,54900.0,0
2026-08-02T17:00,37.8,0.0,10.6,16.2,54900.0,0
2026-08-02T18:00,35.2,0.0,24.7,41.8,54900.0,0
2026-08-02T19:00,32.9,0.0,21.1,35.3,54900.0,0
2026-08-02T20:00,30.8,0.0,20.1,32.0,54900.0,0
2026-08-02T21:00,27.9,0.0,15.1,27.0,48160.0,0
2026-08-02T22:00,25.6,0.0,13.8,23.0,48160.0,0
2026-08-02T23:00,23.8,0.0,11.5,16.2,43900.0,0
2026-08-03T00:00,23.0,0.0,10.9,13.0,40720.0,0
2026-08-03T01:00,22.3,0.0,9.3,14.0,40720.0,3
2026-08-03T02:00,21.5,0.0,11.0,18.4,33120.0,3
2026-08-03T03:00,21.0,0.0,10.2,18.0,33120.0,3
2026-08-03T04:00,20.6,0.0,9.7,16.9,29380.0,3
2026-08-03T05:00,20.3,0.0,9.7,16.9,29380.0,3
2026-08-03T06:00,20.0,0.0,7.4,11.5,24700.0,3
2026-08-03T07:00,19.9,0.0,7.4,11.5,29380.0,3
2026-08-03T08:00,20.4,0.0,8.5,12.2,3000.0,3
2026-08-03T09:00,21.5,0.0,4.4,9.4,4220.0,51
2026-08-03T10:00,23.4,0.0,11.9,15.5,7360.0,3
2026-08-03T11:00,24.9,0.0,4.5,19.4,31300.0,3
2026-08-03T12:00,26.8,0.0,1.5,18.7,37260.0,3
2026-08-03T13:00,28.1,0.0,1.8,15.8,29860.0,3
2026-08-03T14:00,29.1,0.0,1.4,23.8,15820.0,3
2026-08-03T15:00,31.1,0.0,7.2,23.0,22120.0,3
2026-08-03T16:00,31.3,0.0,6.7,18.0,40760.0,3
2026-08-03T17:00,30.7,0.0,4.0,31.3,40760.0,3
2026-08-03T18:00,30.2,0.0,16.1,33.5,40760.0,3
2026-08-03T19:00,28.3,0.0,18.9,30.6,40760.0,3
2026-08-03T20:00,26.9,0.0,15.9,24.1,40760.0,3
2026-08-03T21:00,24.6,0.0,16.8,27.0,3920.0,2
2026-08-03T22:00,23.1,0.0,10.2,22.0,16840.0,3
2026-08-03T23:00,22.2,0.0,8.3,12.6,29420.0,3
2026-08-04T00:00,21.9,0.0,8.0,22.0,29420.0,3
2026-08-04T01:00,21.0,0.0,6.6,10.4,24740.0,3
2026-08-04T02:00,20.4,0.0,2.7,8.6,24740.0,3
2026-08-04T03:00,20.4,0.0,4.7,13.3,24740.0,3
2026-08-04T04:00,19.6,0.0,7.6,16.2,17440.0,0
2026-08-04T05:00,19.2,0.0,8.0,13.3,17440.0,2
2026-08-04T06:00,19.2,0.0,8.6,9.7,17440.0,3
2026-08-04T07:00,19.0,0.0,6.8,10.4,10800.0,3
2026-08-04T08:00,19.7,0.0,3.9,10.1,300.0,2
2026-08-04T09:00,21.5,0.0,3.9,12.2,3400.0,1
2026-08-04T10:00,23.7,0.0,7.4,14.0,15600.0,1
2026-08-04T11:00,25.6,0.0,9.1,22.3,16440.0,1
2026-08-04T12:00,27.3,0.0,7.6,22.0,15180.0,0
2026-08-04T13:00,29.1,0.0,8.3,22.0,15080.0,0
2026-08-04T14:00,30.4,0.0,11.2,26.3,48260.0,0
2026-08-04T15:00,30.7,0.0,8.0,23.8,6080.0,3
2026-08-04T16:00,31.3,0.0,11.5,25.6,12180.0,3
2026-08-04T17:00,30.8,0.0,16.5,28.4,48260.0,2
2026-08-04T18:00,30.1,0.0,16.1,32.0,48260.0,1
2026-08-04T19:00,29.2,0.0,16.8,29.2,44000.0,1
2026-08-04T20:00,27.5,0.0,20.9,29.9,40820.0,0
2026-08-04T21:00,25.7,0.0,16.1,27.7,40820.0,2
2026-08-04T22:00,23.8,0.0,11.2,21.6,37340.0,3
2026-08-04T23:00,22.4,0.0,9.0,19.4,33220.0,0
2026-08-05T00:00,21.5,0.0,9.3,16.6,33220.0,0
2026-08-05T01:00,20.7,0.0,7.9,13.0,29480.0,0
2026-08-05T02:00,19.9,0.0,5.4,9.7,24800.0,0
2026-08-05T03:00,19.5,0.0,4.7,9.7,24800.0,0
2026-08-05T04:00,19.3,0.0,4.7,8.6,24800.0,0
2026-08-05T05:00,19.2,0.0,3.9,5.0,24800.0,0
2026-08-05T06:00,18.9,0.0,7.3,8.6,24380.0,2
2026-08-05T07:00,18.8,0.0,8.0,14.4,24540.0,3
2026-08-05T08:00,19.6,0.0,6.6,10.8,11740.0,3
2026-08-05T09:00,21.5,0.0,6.0,9.7,19400.0,3
2026-08-05T10:00,22.9,0.0,7.5,14.0,32180.0,3
2026-08-05T11:00,24.2,0.0,7.9,16.2,40860.0,3
2026-08-05T12:00,26.2,0.0,8.5,20.2,44040.0,3
2026-08-05T13:00,27.0,0.0,8.0,24.8,48320.0,3
2026-08-05T14:00,27.5,0.0,10.5,22.3,48320.0,3
2026-08-05T15:00,29.5,0.0,10.4,26.6,48320.0,2
2026-08-05T16:00,29.6,0.0,13.2,28.1,48320.0,1
2026-08-05T17:00,29.3,0.0,13.3,33.5,48320.0,3
2026-08-05T18:00,28.8,0.0,14.5,30.6,48320.0,0
2026-08-05T19:00,27.6,0.0,16.6,28.1,48340.0,0
2026-08-05T20:00,26.1,0.0,17.1,26.3,48340.0,0
2026-08-05T21:00,24.1,0.0,13.8,23.4,44060.0,2
2026-08-05T22:00,22.4,0.0,10.4,19.4,44060.0,0
2026-08-05T23:00,21.1,0.0,7.2,13.3,40900.0,3
2026-08-06T00:00,21.2,0.0,9.5,16.6,40900.0,3
2026-08-06T01:00,20.4,0.0,10.3,17.6,37400.0,3
2026-08-06T02:00,19.6,0.0,10.9,18.4,37420.0,3
2026-08-06T03:00,19.6,0.0,12.3,21.2,37420.0,1
2026-08-06T04:00,19.3,0.0,10.8,20.5,37420.0,3
2026-08-06T05:00,19.2,0.0,10.0,16.2,37420.0,3
2026-08-06T06:00,18.8,0.0,9.6,12.2,37420.0,0
2026-08-06T07:00,17.2,0.0,6.9,11.2,37420.0,3
2026-08-06T08:00,18.4,0.0,8.2,13.7,37420.0,3
2026-08-06T09:00,19.8,0.0,9.7,15.1,40920.0,3
2026-08-06T10:00,21.1,0.0,6.9,15.1,40920.0,3
2026-08-06T11:00,22.7,0.0,5.4,16.2,44100.0,0
2026-08-06T12:00,24.5,0.0,5.8,18.0,44100.0,0
2026-08-06T13:00,26.3,0.0,6.5,20.2,48380.0,0
2026-08-06T14:00,27.9,0.0,8.0,23.8,48380.0,0
2026-08-06T15:00,30.0,0.0,9.7,18.7,48380.0,0
2026-08-06T16:00,30.7,0.0,10.4,23.4,55120.0,0
2026-08-06T17:00,30.2,0.0,8.7,32.8,55120.0,0
2026-08-06T18:00,30.4,0.0,11.1,21.6,55120.0,0
2026-08-06T19:00,29.0,0.0,16.6,29.5,55120.0,0
2026-08-06T20:00,27.3,0.0,12.7,27.7,55120.0,0
2026-08-06T21:00,24.6,0.0,15.0,23.4,48400.0,0
2026-08-06T22:00,22.2,0.0,9.7,20.5,44120.0,0
2026-08-06T23:00,20.6,0.0,8.7,14.8,44120.0,0
2026-08-07T00:00,19.9,0.0,7.7,13.0,44140.0,0
2026-08-07T01:00,18.8,0.0,4.4,8.3,40960.0,0
2026-08-07T02:00,17.9,0.0,6.1,8.3,40960.0,0
2026-08-07T03:00,17.3,0.0,5.1,7.6,40960.0,0
2026-08-07T04:00,16.6,0.0,6.1,7.2,40960.0,0
2026-08-07T05:00,16.1,0.0,5.1,6.8,40960.0,0
2026-08-07T06:00,15.5,0.0,3.7,5.0,40960.0,0
2026-08-07T07:00,14.7,0.0,2.3,6.1,40980.0,0
2026-08-07T08:00,15.6,0.0,0.7,2.5,40980.0,0
2026-08-07T09:00,20.6,0.0,5.8,7.2,44160.0,0
2026-08-07T10:00,23.9,0.0,7.2,14.4,48440.0,0
2026-08-07T11:00,26.4,0.0,5.1,14.8,48440.0,0
2026-08-07T12:00,28.8,0.0,6.9,19.4,55160.0,0
2026-08-07T13:00,30.5,0.0,10.0,26.3,55160.0,0
2026-08-07T14:00,31.7,0.0,11.0,24.8,55160.0,0
2026-08-07T15:00,32.8,0.0,10.1,24.1,55160.0,0
2026-08-07T16:00,33.7,0.0,7.4,22.0,55160.0,0
2026-08-07T17:00,34.1,0.0,7.6,22.7,55160.0,0
2026-08-07T18:00,34.6,0.0,5.8,16.9,55160.0,0
2026-08-07T19:00,34.1,0.0,3.9,19.1,55160.0,0
2026-08-07T20:00,33.2,0.0,12.0,21.2,55160.0,0
2026-08-07T21:00,30.8,0.0,15.1,23.4,55180.0,0
2026-08-07T22:00,28.1,0.0,15.2,24.5,55180.0,0
2026-08-07T23:00,25.7,0.0,13.3,23.8,55180.0,0
2026-08-08T00:00,24.1,0.0,8.6,16.9,55180.0,3
2026-08-08T01:00,22.7,0.0,5.4,9.4,55180.0,3
2026-08-08T02:00,22.0,0.0,6.7,13.0,48480.0,3
2026-08-08T03:00,21.4,0.0,6.4,11.5,48480.0,0
2026-08-08T04:00,20.8,0.0,7.4,10.4,48480.0,0
2026-08-08T05:00,20.0,0.0,5.2,7.2,48480.0,0
2026-08-08T06:00,19.6,0.0,8.7,13.0,48480.0,0
2026-08-08T07:00,18.7,0.0,6.2,13.3,44200.0,0
2026-08-08T08:00,20.1,0.0,8.1,10.4,44220.0,0
2026-08-08T09:00,23.4,0.0,4.6,6.8,44220.0,0
2026-08-08T10:00,26.6,0.0,4.4,11.2,48500.0,0
2026-08-08T11:00,30.3,0.0,5.4,15.5,48500.0,0
2026-08-08T12:00,33.0,0.0,6.2,17.3,55200.0,0
2026-08-08T13:00,34.8,0.0,5.9,20.9,55220.0,0
2026-08-08T14:00,36.0,0.0,7.1,25.2,55200.0,0
2026-08-08T15:00,37.2,0.0,8.2,23.8,55220.0,0
2026-08-08T16:00,38.2,0.0,8.5,23.4,55220.0,0
2026-08-08T17:00,38.6,0.0,3.8,20.9,55220.0,0
2026-08-08T18:00,39.2,0.0,6.5,16.9,55220.0,0
2026-08-08T19:00,38.8,0.0,5.8,22.0,55220.0,0
2026-08-08T20:00,35.2,0.0,10.7,31.3,55220.0,0
2026-08-08T21:00,32.1,0.0,17.3,27.4,55220.0,3
2026-08-08T22:00,30.3,0.0,14.2,14.8,55240.0,3
2026-08-08T23:00,23.4,3.1,48.0,45.7,48520.0,61
2026-08-09T00:00,22.7,0.6,11.4,26.3,4760.0,61
2026-08-09T01:00,21.0,0.1,25.6,27.7,41080.0,63
2026-08-09T02:00,21.3,0.0,7.9,15.8,44260.0,3
2026-08-09T03:00,21.2,0.0,7.7,23.0,41080.0,3
2026-08-09T04:00,21.4,0.0,4.0,5.8,41080.0,3
2026-08-09T05:00,20.7,0.0,3.0,10.1,41080.0,0
2026-08-09T06:00,20.0,0.0,7.6,7.9,41080.0,0
2026-08-09T07:00,20.8,0.0,17.3,11.5,3600.0,3
2026-08-09T08:00,21.0,0.0,16.6,19.8,31260.0,0
2026-08-09T09:00,22.4,0.0,6.7,13.0,37600.0,3
2026-08-09T10:00,24.6,0.0,10.8,20.5,41100.0,3
2026-08-09T11:00,26.7,0.0,11.3,32.0,44280.0,3
2026-08-09T12:00,29.0,0.0,12.4,24.1,10880.0,0
2026-08-09T13:00,29.5,0.0,6.6,25.6,55260.0,0
2026-08-09T14:00,32.0,0.0,10.5,27.4,44280.0,0
2026-08-09T15:00,33.3,0.0,11.9,27.7,55280.0,0
2026-08-09T16:00,35.1,0.0,8.0,22.0,55280.0,0
2026-08-09T17:00,36.1,0.0,3.7,21.2,55280.0,0
2026-08-09T18:00,36.4,0.0,4.8,13.7,40660.0,0
2026-08-09T19:00,34.8,0.0,17.3,27.0,55280.0,1
2026-08-09T20:00,33.5,0.0,18.4,28.4,5380.0,3
2026-08-09T21:00,30.2,0.0,11.3,25.2,17920.0,3
2026-08-09T22:00,29.2,0.0,10.1,23.0,41120.0,3
2026-08-09T23:00,23.9,4.4,16.6,16.2,3080.0,3
2026-08-10T00:00,23.7,0.0,9.5,20.9,13380.0,53
2026-08-10T01:00,22.9,0.0,7.0,20.2,11700.0,61
2026-08-10T02:00,23.0,0.0,4.4,19.8,17360.0,3
2026-08-10T03:00,20.5,0.0,6.7,19.8,2480.0,3
2026-08-10T04:00,20.1,0.0,7.3,15.5,14100.0,3
2026-08-10T05:00,20.6,0.0,4.1,16.2,12260.0,3
2026-08-10T06:00,20.3,0.0,7.8,13.3,13420.0,0
2026-08-10T07:00,20.2,0.0,10.4,7.9,13520.0,3
2026-08-10T08:00,20.5,0.0,6.9,9.7,2500.0,2
2026-08-10T09:00,22.4,0.0,5.9,14.4,20060.0,0
2026-08-10T10:00,24.0,0.0,3.4,20.2,21620.0,2
2026-08-10T11:00,25.7,0.0,7.5,17.3,36200.0,1
2026-08-10T12:00,27.4,0.0,3.3,16.9,37680.0,0
2026-08-10T13:00,29.8,0.0,3.5,19.1,14020.0,2
2026-08-10T14:00,31.8,0.0,7.6,20.2,20360.0,3
2026-08-10T15:00,32.9,0.0,6.1,22.0,11080.0,0
2026-08-10T16:00,33.6,0.0,5.1,23.0,44360.0,0
2026-08-10T17:00,35.6,0.0,1.1,19.1,48640.0,3
2026-08-10T18:00,34.9,0.0,5.6,25.2,48640.0,1
2026-08-10T19:00,32.7,0.0,8.6,26.6,48640.0,3
2026-08-10T20:00,31.0,0.0,19.7,27.0,13580.0,0
2026-08-10T21:00,28.1,0.0,13.6,22.7,44360.0,1
2026-08-10T22:00,25.5,0.0,11.0,18.4,41180.0,0
2026-08-10T23:00,23.9,0.0,9.7,13.0,41180.0,0
2026-08-11T00:00,22.8,0.0,10.4,15.5,41200.0,0
2026-08-11T01:00,22.0,0.0,7.8,14.4,37700.0,0
2026-08-11T02:00,21.5,0.0,8.2,10.8,37700.0,0
2026-08-11T03:00,20.7,0.0,9.0,9.0,37720.0,0
2026-08-11T04:00,20.1,0.0,3.3,7.6,37720.0,0
2026-08-11T05:00,19.7,0.0,4.4,6.5,37720.0,0
2026-08-11T06:00,19.3,0.0,6.5,5.8,33580.0,0
2026-08-11T07:00,18.7,0.0,8.8,6.1,29840.0,0
2026-08-11T08:00,19.8,0.0,6.3,7.6,29840.0,2
2026-08-11T09:00,22.1,0.0,9.2,14.4,33600.0,0
2026-08-11T10:00,25.4,0.0,4.8,11.9,37720.0,0
2026-08-11T11:00,28.6,0.0,6.3,15.1,41220.0,0
2026-08-11T12:00,31.1,0.0,7.1,17.6,44400.0,0
2026-08-11T13:00,33.0,0.0,1.9,16.2,44400.0,0
2026-08-11T14:00,34.3,0.0,1.3,15.5,48680.0,0
2026-08-11T15:00,35.6,0.0,3.3,17.3,55380.0,1
2026-08-11T16:00,37.0,0.0,7.2,24.1,23960.0,1
2026-08-11T17:00,37.3,0.0,7.0,24.5,24000.0,0
2026-08-11T18:00,37.4,0.0,9.2,21.6,55380.0,0
2026-08-11T19:00,35.8,0.0,15.8,27.0,55380.0,0
2026-08-11T20:00,35.3,0.0,14.1,24.8,55380.0,0
2026-08-11T21:00,32.5,0.0,12.2,15.8,55400.0,0
2026-08-11T22:00,30.0,0.0,10.1,16.9,48700.0,0
2026-08-11T23:00,28.0,0.0,7.8,16.9,48700.0,0
2026-08-12T00:00,26.4,0.0,6.1,10.8,48720.0,0
2026-08-12T01:00,25.3,0.0,6.8,11.2,44440.0,0
2026-08-12T02:00,24.2,0.0,5.2,7.9,41260.0,0
2026-08-12T03:00,23.9,0.0,6.6,11.5,41260.0,0
2026-08-12T04:00,22.7,0.0,1.1,2.9,41260.0,0
2026-08-12T05:00,21.9,0.0,3.7,3.6,41260.0,0
2026-08-12T06:00,21.5,0.0,6.8,6.8,41260.0,0
2026-08-12T07:00,20.6,0.0,3.4,6.1,41280.0,0
2026-08-12T08:00,21.4,0.0,7.2,10.4,37780.0,0
2026-08-12T09:00,24.6,0.0,3.8,7.9,37780.0,0
2026-08-12T10:00,28.9,0.0,5.9,11.5,41280.0,0
2026-08-12T11:00,32.9,0.0,8.4,20.2,44460.0,0
2026-08-12T12:00,35.3,0.0,7.8,23.4,48740.0,0
2026-08-12T13:00,36.9,0.0,6.6,20.9,48740.0,0
2026-08-12T14:00,38.1,0.0,5.4,21.2,55440.0,0
2026-08-12T15:00,38.3,0.0,2.9,19.8,55420.0,1
2026-08-12T16:00,39.4,0.0,4.7,19.8,55420.0,1
2026-08-12T17:00,39.7,0.0,6.8,17.6,55440.0,1
2026-08-12T18:00,38.9,0.0,8.8,32.8,55440.0,1
2026-08-12T19:00,37.9,0.0,16.3,29.9,55440.0,0
2026-08-12T20:00,36.7,0.0,16.5,26.6,55440.0,0
2026-08-12T21:00,33.4,0.0,9.6,17.6,55440.0,0
2026-08-12T22:00,30.7,0.0,5.9,14.4,55440.0,0
2026-08-12T23:00,29.1,0.0,10.3,17.3,48780.0,0
2026-08-13T00:00,28.1,0.0,12.3,20.2,48780.0,0
2026-08-13T01:00,27.0,0.0,8.2,13.7,48780.0,0
2026-08-13T02:00,25.9,0.0,7.7,11.9,44500.0,0
2026-08-13T03:00,24.3,0.0,1.1,9.4,44500.0,0
2026-08-13T04:00,23.1,0.0,3.6,5.0,44500.0,0
2026-08-13T05:00,22.9,0.0,4.5,6.8,41320.0,0
2026-08-13T06:00,22.5,0.0,2.8,5.0,41320.0,0
2026-08-13T07:00,21.2,0.0,5.2,7.6,41340.0,0
2026-08-13T08:00,22.3,0.0,3.4,5.0,37840.0,0
2026-08-13T09:00,26.6,0.0,1.1,3.6,41340.0,0
2026-08-13T10:00,31.0,0.0,3.8,8.3,44520.0,0
2026-08-13T11:00,34.4,0.0,5.0,17.3,48800.0,0
2026-08-13T12:00,36.2,0.0,3.7,19.8,55480.0,0
2026-08-13T13:00,37.7,0.0,1.4,17.6,55480.0,0
2026-08-13T14:00,39.5,0.0,4.9,19.8,55480.0,0
2026-08-13T15:00,40.2,0.0,2.6,20.2,55480.0,0
2026-08-13T16:00,41.2,0.0,7.6,19.8,55480.0,0
2026-08-13T17:00,41.4,0.0,3.3,17.6,55480.0,0
2026-08-13T18:00,40.7,0.0,13.7,35.3,55480.0,0
2026-08-13T19:00,39.1,0.0,14.6,30.6,55480.0,0
2026-08-13T20:00,37.6,0.0,13.7,24.1,55500.0,0
2026-08-13T21:00,35.0,0.0,10.2,17.6,55500.0,0
2026-08-13T22:00,32.8,0.0,7.2,11.9,55500.0,0
2026-08-13T23:00,30.8,0.0,3.0,8.3,55500.0,0
2026-08-14T00:00,29.2,0.0,4.3,10.8,55500.0,0
2026-08-14T01:00,28.0,0.0,1.8,5.0,55520.0,0
2026-08-14T02:00,26.8,0.0,8.2,7.9,44560.0,0
2026-08-14T03:00,24.2,0.0,11.5,12.6,41380.0,0
2026-08-14T04:00,23.2,0.0,9.9,14.8,37900.0,0
2026-08-14T05:00,22.9,0.0,6.0,8.6,30000.0,3
2026-08-14T06:00,22.4,0.0,7.8,11.5,25260.0,2
2026-08-14T07:00,22.4,0.0,11.2,14.8,25260.0,0
2026-08-14T08:00,22.9,0.0,11.0,16.9,17860.0,3
2026-08-14T09:00,24.6,0.0,12.5,18.7,29400.0,3
2026-08-14T10:00,26.9,0.0,13.2,20.9,37900.0,3
2026-08-14T11:00,29.5,0.0,12.7,21.6,41400.0,3
2026-08-14T12:00,31.9,0.0,12.3,22.3,44580.0,0
2026-08-14T13:00,34.1,0.0,11.8,24.8,44580.0,0
2026-08-14T14:00,35.9,0.0,11.0,25.9,44580.0,1
2026-08-14T15:00,37.3,0.0,18.6,31.3,44600.0,3
2026-08-14T16:00,36.4,0.0,16.2,29.2,48880.0,3
2026-08-14T17:00,35.4,0.0,18.0,31.3,48880.0,3
2026-08-14T18:00,36.1,0.0,9.0,20.2,48880.0,2
2026-08-14T19:00,34.5,0.0,13.4,22.3,48880.0,3
2026-08-14T20:00,30.2,0.0,22.3,30.2,44600.0,1
2026-08-14T21:00,26.2,0.0,22.5,34.2,41420.0,0
2026-08-14T22:00,24.7,0.0,13.3,25.6,37940.0,0
2026-08-14T23:00,24.1,0.0,12.2,23.4,33800.0,3
2026-08-15T00:00,24.1,0.0,10.0,25.9,11960.0,3
2026-08-15T01:00,23.7,0.0,9.6,9.0,26260.0,3
2026-08-15T02:00,22.9,0.3,17.8,20.2,13500.0,3
2026-08-15T03:00,22.5,0.9,21.1,23.4,8060.0,63
2026-08-15T04:00,22.2,0.1,12.7,18.0,17180.0,51
2026-08-15T05:00,21.9,0.0,15.3,29.9,17900.0,3
2026-08-15T06:00,21.7,0.0,7.6,25.9,17900.0,3
2026-08-15T07:00,22.1,0.0,6.3,17.6,16660.0,3
2026-08-15T08:00,22.3,0.0,6.2,15.1,20800.0,3
2026-08-15T09:00,22.7,0.0,5.4,11.2,20020.0,3
2026-08-15T10:00,23.5,0.0,5.2,10.4,25380.0,2
2026-08-15T11:00,24.1,0.1,6.4,16.9,41460.0,3
2026-08-15T12:00,27.3,0.0,13.1,12.6,41460.0,3
2026-08-15T13:00,28.9,0.0,12.3,25.9,44640.0,3
2026-08-15T14:00,30.9,0.0,10.7,22.3,48940.0,3
2026-08-15T15:00,31.5,0.0,11.2,24.5,44660.0,3
2026-08-15T16:00,32.7,0.0,9.1,22.7,20240.0,3
2026-08-15T17:00,33.3,0.0,13.0,23.8,19320.0,2
2026-08-15T18:00,32.6,0.0,20.6,31.0,44660.0,0
2026-08-15T19:00,30.5,0.0,18.5,32.4,44660.0,0
2026-08-15T20:00,28.2,0.0,18.9,30.6,41480.0,0
2026-08-15T21:00,25.9,0.0,17.6,28.4,38000.0,0
2026-08-15T22:00,24.7,0.0,14.4,16.6,38000.0,3
2026-08-15T23:00,23.8,0.0,12.8,24.5,33860.0,3
2026-08-16T00:00,22.7,0.0,9.9,35.6,30100.0,3
2026-08-16T01:00,23.1,0.0,5.7,16.9,30100.0,3
2026-08-16T02:00,22.8,0.0,4.7,7.9,2720.0,3
2026-08-16T03:00,22.2,0.0,9.2,7.2,3300.0,53
2026-08-16T04:00,22.0,0.0,11.6,13.7,8100.0,53
2026-08-16T05:00,21.5,0.0,6.4,12.2,6480.0,3
2026-08-16T06:00,21.1,0.0,4.7,14.4,1940.0,3
2026-08-16T07:00,21.3,0.0,0.4,3.6,1120.0,3
2026-08-16T08:00,21.8,0.0,5.4,4.7,1080.0,3
2026-08-16T09:00,22.5,0.0,3.0,11.5,3880.0,3
2026-08-16T10:00,23.7,0.0,7.6,13.0,25980.0,3
2026-08-16T11:00,24.6,0.0,5.9,14.4,13180.0,3
2026-08-16T12:00,25.8,0.0,9.2,15.1,26200.0,3
2026-08-16T13:00,28.0,0.0,10.1,18.4,17720.0,2
2026-08-16T14:00,29.6,0.0,13.9,24.1,41520.0,2
2026-08-16T15:00,29.9,0.0,14.5,27.0,41520.0,3
2026-08-16T16:00,30.4,0.0,14.2,27.0,29220.0,1
2026-08-16T17:00,30.5,0.0,12.0,28.8,44700.0,1
2026-08-16T18:00,30.5,0.0,15.9,28.1,41520.0,1
2026-08-16T19:00,29.4,0.0,18.6,29.5,41520.0,0
2026-08-16T20:00,27.6,0.0,18.9,26.3,41520.0,0
2026-08-16T21:00,25.1,0.0,14.1,26.3,38020.0,1
2026-08-16T22:00,23.6,0.0,12.3,20.5,38020.0,3
2026-08-16T23:00,22.4,0.0,10.9,19.1,33900.0,0
2026-08-17T00:00,21.7,0.0,10.9,17.3,33880.0,1
2026-08-17T01:00,21.2,0.0,9.5,17.6,30100.0,2
2026-08-17T02:00,21.0,0.0,10.6,17.3,25360.0,3
2026-08-17T03:00,20.9,0.0,12.2,18.0,25360.0,3
2026-08-17T04:00,20.8,0.0,7.6,16.6,25360.0,2
2026-08-17T05:00,20.7,0.0,6.5,14.0,25360.0,2
2026-08-17T06:00,20.8,0.0,5.1,11.9,17380.0,3
2026-08-17T07:00,21.1,0.0,5.7,10.8,17920.0,3
2026-08-17T08:00,21.2,0.0,7.8,15.1,22980.0,2
2026-08-17T09:00,22.7,0.0,9.5,17.3,16540.0,3
2026-08-17T10:00,24.6,0.0,11.6,21.2,23020.0,3
2026-08-17T11:00,26.3,0.0,12.4,20.2,41480.0,3
2026-08-17T12:00,27.8,0.0,12.0,22.0,41480.0,3
2026-08-17T13:00,29.1,0.0,15.5,24.5,29200.0,3
2026-08-17T14:00,29.7,0.0,15.8,29.9,44660.0,3
2026-08-17T15:00,30.1,0.0,18.0,31.3,44640.0,3
2026-08-17T16:00,29.9,0.0,18.3,32.8,41480.0,3
2026-08-17T17:00,29.1,0.0,19.4,34.2,41460.0,1
2026-08-17T18:00,28.5,0.0,19.6,31.0,44640.0,3
2026-08-17T19:00,27.4,0.0,19.6,30.2,41460.0,3
2026-08-17T20:00,26.0,0.0,16.7,27.0,41460.0,3
2026-08-17T21:00,24.6,0.0,13.4,20.2,41460.0,3
2026-08-17T22:00,23.1,0.0,9.1,16.2,37980.0,0
2026-08-17T23:00,21.8,0.0,7.9,11.9,33860.0,0
2026-08-18T00:00,21.2,0.0,6.5,14.4,30060.0,0
2026-08-18T01:00,20.3,0.0,5.2,13.0,25320.0,0
2026-08-18T02:00,19.7,0.0,5.1,7.9,25320.0,0
2026-08-18T03:00,19.0,0.0,6.6,11.2,25320.0,3
2026-08-18T04:00,19.5,0.0,6.8,11.2,25320.0,0
2026-08-18T05:00,18.8,0.0,7.9,10.8,25300.0,0
2026-08-18T06:00,18.3,0.0,8.2,10.1,25300.0,0
2026-08-18T07:00,17.8,0.0,8.4,10.1,25300.0,0
2026-08-18T08:00,18.5,0.0,7.1,9.7,25300.0,0
2026-08-18T09:00,21.4,0.0,9.4,15.8,33840.0,0
2026-08-18T10:00,23.9,0.0,13.1,20.9,37960.0,1
2026-08-18T11:00,26.3,0.0,10.7,23.4,41440.0,3
2026-08-18T12:00,28.2,0.0,9.7,24.1,44600.0,3
2026-08-18T13:00,29.3,0.0,7.0,21.2,44600.0,1
2026-08-18T14:00,30.6,0.0,7.6,20.9,48880.0,1
2026-08-18T15:00,31.6,0.0,4.4,21.2,48880.0,0
2026-08-18T16:00,33.0,0.0,9.5,22.7,48880.0,0
2026-08-18T17:00,33.1,0.0,11.6,29.5,48860.0,3
2026-08-18T18:00,31.2,0.0,20.0,35.3,48860.0,0
2026-08-18T19:00,29.5,0.0,18.7,30.2,44580.0,3
2026-08-18T20:00,27.4,0.0,15.7,26.3,41400.0,0
2026-08-18T21:00,24.1,0.0,14.8,26.3,37940.0,0
2026-08-18T22:00,21.5,0.0,11.5,21.6,37940.0,0
2026-08-18T23:00,20.1,0.0,7.8,14.4,33820.0,0
2026-08-19T00:00,19.4,0.0,4.1,8.6,33820.0,0
2026-08-19T01:00,18.6,0.0,2.6,4.0,33820.0,0
2026-08-19T02:00,17.8,0.0,1.3,3.2,30020.0,0
2026-08-19T03:00,17.3,0.0,2.5,5.0,30020.0,0
2026-08-19T04:00,17.1,0.0,6.0,7.2,30020.0,0
2026-08-19T05:00,16.9,0.0,5.4,8.3,25260.0,0
2026-08-19T06:00,17.9,0.0,1.3,5.0,25260.0,3
2026-08-19T07:00,18.0,0.0,0.7,4.3,440.0,3
2026-08-19T08:00,18.5,0.0,1.6,2.9,100.0,3
2026-08-19T09:00,20.4,0.0,3.1,6.5,17840.0,3
2026-08-19T10:00,22.2,0.0,7.1,15.5,17940.0,3
2026-08-19T11:00,24.6,0.0,9.3,19.8,19580.0,1
2026-08-19T12:00,26.8,0.0,12.3,23.8,41380.0,0
2026-08-19T13:00,29.1,0.0,15.7,29.5,17840.0,0
2026-08-19T14:00,29.9,0.0,21.3,36.0,8540.0,0
2026-08-19T15:00,29.5,0.0,21.6,36.0,12720.0,0
2026-08-19T16:00,29.3,0.0,18.6,35.3,44540.0,0
2026-08-19T17:00,28.9,0.0,20.6,36.7,44520.0,3
2026-08-19T18:00,27.8,0.0,19.2,34.6,44520.0,0
2026-08-19T19:00,26.8,0.0,21.8,32.0,44520.0,0
2026-08-19T20:00,24.9,0.0,19.9,34.2,41360.0,3
2026-08-19T21:00,23.3,0.0,14.5,25.2,41360.0,3
2026-08-19T22:00,22.4,0.0,11.6,22.7,37880.0,3
2026-08-19T23:00,22.2,0.0,9.8,22.7,36340.0,3
2026-08-20T00:00,21.8,0.0,12.6,26.6,37500.0,3
2026-08-20T01:00,21.9,0.0,13.0,18.7,33780.0,3
2026-08-20T02:00,22.1,0.0,13.2,19.8,15680.0,3
2026-08-20T03:00,20.7,1.0,13.5,26.3,8080.0,51
2026-08-20T04:00,20.0,0.1,10.2,19.8,5920.0,51
2026-08-20T05:00,19.4,0.5,7.6,10.1,13400.0,3
2026-08-20T06:00,19.3,0.0,5.9,13.3,6960.0,3
2026-08-20T07:00,19.0,0.0,3.3,6.5,5340.0,3
2026-08-20T08:00,19.3,0.0,2.6,4.0,11480.0,3
2026-08-20T09:00,19.9,0.0,4.2,7.2,28340.0,3
2026-08-20T10:00,20.7,0.0,4.3,8.6,20840.0,3
2026-08-20T11:00,21.7,0.0,4.9,12.2,27280.0,3
2026-08-20T12:00,23.1,0.0,4.7,17.3,41320.0,3
2026-08-20T13:00,24.6,0.0,9.4,19.1,44480.0,3
2026-08-20T14:00,25.7,0.0,10.5,23.0,44480.0,3
2026-08-20T15:00,26.6,0.0,12.7,24.1,44480.0,3
2026-08-20T16:00,26.2,0.0,13.0,28.8,34540.0,3
2026-08-20T17:00,25.4,0.0,13.3,28.1,48760.0,3
2026-08-20T18:00,25.1,0.0,11.6,27.4,48740.0,3
2026-08-20T19:00,23.5,0.0,12.3,25.9,6560.0,3
2026-08-20T20:00,22.4,0.0,15.9,26.6,8200.0,3
2026-08-20T21:00,21.4,0.0,11.0,21.6,8840.0,3
2026-08-20T22:00,20.9,0.0,9.3,18.4,7700.0,51
2026-08-20T23:00,20.2,0.0,7.9,15.5,6920.0,3
2026-08-21T00:00,19.4,0.1,6.6,14.8,4200.0,53
2026-08-21T01:00,18.5,0.0,8.0,11.2,12380.0,3
2026-08-21T02:00,17.7,0.0,6.9,10.4,8620.0,3
2026-08-21T03:00,18.3,0.0,10.6,9.0,9320.0,3
2026-08-21T04:00,18.0,0.1,12.0,19.8,9480.0,51
2026-08-21T05:00,17.7,0.0,8.9,11.5,5200.0,0
2026-08-21T06:00,17.4,0.0,7.1,11.2,12060.0,3
2026-08-21T07:00,17.7,0.0,8.9,13.3,10760.0,3
2026-08-21T08:00,17.8,0.0,9.1,10.8,17580.0,3
2026-08-21T09:00,18.9,0.0,8.1,11.9,6700.0,2
2026-08-21T10:00,20.0,0.3,6.9,17.6,7160.0,51
2026-08-21T11:00,20.5,0.2,6.6,16.2,15020.0,51
2026-08-21T12:00,21.8,0.1,9.5,23.0,5280.0,3
2026-08-21T13:00,23.5,0.4,12.7,27.7,25300.0,3
2026-08-21T14:00,24.7,0.0,15.8,29.5,15340.0,3
2026-08-21T15:00,25.3,0.0,19.0,33.8,18000.0,1
2026-08-21T16:00,25.6,0.0,21.7,32.8,48700.0,3
2026-08-21T17:00,25.6,0.0,22.6,36.7,48700.0,1
2026-08-21T18:00,24.9,0.0,21.4,35.6,25140.0,1
2026-08-21T19:00,24.0,0.0,18.1,32.0,22220.0,0
2026-08-21T20:00,22.7,0.0,16.8,28.1,21400.0,0
2026-08-21T21:00,20.4,0.0,10.8,22.0,41260.0,2
2026-08-21T22:00,18.5,0.0,7.0,15.1,41240.0,0
2026-08-21T23:00,17.4,0.0,6.6,11.2,37800.0,3
2026-08-22T00:00,16.2,0.0,3.5,6.5,37780.0,0
2026-08-22T01:00,15.1,0.0,4.5,5.4,37780.0,0
2026-08-22T02:00,14.3,0.0,2.9,4.7,37780.0,0
2026-08-22T03:00,13.8,0.0,2.5,1.1,37780.0,0
2026-08-22T04:00,13.3,0.0,1.3,2.9,37780.0,3
2026-08-22T05:00,13.7,0.0,2.7,2.5,33700.0,3
2026-08-22T06:00,13.9,0.0,2.9,5.8,33700.0,0
2026-08-22T07:00,12.3,0.0,4.0,4.7,29900.0,1
2026-08-22T08:00,12.8,0.0,5.2,4.3,29900.0,0
2026-08-22T09:00,16.8,0.0,5.9,7.6,33700.0,0
2026-08-22T10:00,20.1,0.0,11.4,15.1,37760.0,0
2026-08-22T11:00,22.2,0.0,10.9,19.4,41220.0,0
2026-08-22T12:00,23.8,0.0,13.0,23.4,41220.0,3
2026-08-22T13:00,25.1,0.0,14.1,26.3,44360.0,0
2026-08-22T14:00,26.3,0.0,13.8,25.2,48640.0,0
2026-08-22T15:00,27.4,0.0,13.3,27.0,48640.0,3
2026-08-22T16:00,28.0,0.0,12.6,24.8,48640.0,0
2026-08-22T17:00,28.8,0.0,11.2,24.5,55260.0,0
2026-08-22T18:00,28.8,0.0,13.7,23.8,48640.0,0
2026-08-22T19:00,28.4,0.0,16.3,26.6,48640.0,2
2026-08-22T20:00,27.2,0.0,15.0,24.5,48620.0,3
2026-08-22T21:00,25.1,0.0,11.5,19.1,48620.0,3
2026-08-22T22:00,23.6,0.0,10.9,14.0,48620.0,3
2026-08-22T23:00,22.3,0.0,10.5,15.1,48620.0,3
2026-08-23T00:00,21.1,0.0,10.9,9.4,48620.0,1
2026-08-23T01:00,20.2,0.0,12.0,17.6,48620.0,3
2026-08-23T02:00,19.8,0.0,11.2,20.2,44340.0,3
2026-08-23T03:00,18.6,0.0,9.7,15.8,44320.0,3
2026-08-23T04:00,17.8,0.0,11.3,14.8,44320.0,3
2026-08-23T05:00,17.1,0.0,9.2,13.3,44320.0,3
2026-08-23T06:00,16.8,0.0,12.7,18.4,41180.0,3
2026-08-23T07:00,16.6,0.0,12.2,16.9,41180.0,1
2026-08-23T08:00,16.9,0.0,7.6,18.4,41180.0,3
2026-08-23T09:00,19.4,0.0,9.9,18.7,41180.0,3
2026-08-23T10:00,22.2,0.0,14.4,22.0,10020.0,3
2026-08-23T11:00,25.2,0.0,13.0,18.7,44320.0,3
2026-08-23T12:00,27.5,0.0,13.4,27.7,48600.0,3
2026-08-23T13:00,30.3,0.0,17.3,29.9,48580.0,3
2026-08-23T14:00,32.0,0.0,17.7,32.0,6840.0,3
2026-08-23T15:00,33.1,0.0,12.7,29.9,48580.0,3
2026-08-23T16:00,33.8,0.0,14.4,26.6,48580.0,3
2026-08-23T17:00,34.3,0.0,13.7,25.9,48580.0,3
2026-08-23T18:00,34.4,0.0,12.0,23.8,48580.0,3
2026-08-23T19:00,34.0,0.0,13.8,23.4,48580.0,3
2026-08-23T20:00,32.8,0.0,12.0,23.8,44280.0,3
2026-08-23T21:00,30.9,0.0,12.0,17.3,44280.0,3
2026-08-23T22:00,29.7,0.0,17.8,29.5,48560.0,3
2026-08-23T23:00,29.0,0.2,0.4,13.0,44280.0,61
2026-08-24T00:00,23.4,3.2,29.1,40.7,44280.0,3
2026-08-24T01:00,22.3,0.0,27.8,49.7,44280.0,3
2026-08-24T02:00,22.0,0.0,19.1,28.1,44280.0,3
2026-08-24T03:00,22.9,0.0,6.7,40.3,44280.0,3
2026-08-24T04:00,23.0,0.0,10.5,9.7,44280.0,3
2026-08-24T05:00,21.7,0.0,8.0,17.6,41120.0,3
2026-08-24T06:00,20.7,0.0,13.8,22.3,37680.0,0
2026-08-24T07:00,19.6,0.0,7.6,16.9,8660.0,0
2026-08-24T08:00,19.6,0.0,14.9,13.7,23200.0,3
2026-08-24T09:00,20.9,0.0,11.2,12.6,24640.0,0
2026-08-24T10:00,23.1,0.0,17.3,27.0,25760.0,0
2026-08-24T11:00,25.7,0.0,21.5,36.4,32360.0,3
2026-08-24T12:00,28.9,0.0,19.6,32.4,41120.0,51
2026-08-24T13:00,29.4,0.0,12.7,30.6,44240.0,2
2026-08-24T14:00,32.9,0.0,19.9,32.0,41100.0,1
2026-08-24T15:00,32.2,0.0,33.4,55.4,4720.0,3
2026-08-24T16:00,32.0,0.0,27.4,46.4,29500.0,3
2026-08-24T17:00,31.9,0.0,21.7,35.6,16200.0,3
2026-08-24T18:00,31.3,0.0,21.8,35.3,18580.0,3
2026-08-24T19:00,29.8,0.0,5.8,31.3,41100.0,3
2026-08-24T20:00,27.9,0.0,9.4,3.2,41100.0,3
2026-08-24T21:00,25.4,0.0,8.0,15.8,41100.0,3
2026-08-24T22:00,23.3,0.0,15.8,34.6,37660.0,3
2026-08-24T23:00,22.7,0.0,18.3,23.4,4960.0,3
2026-08-25T00:00,22.4,0.0,17.8,29.9,36080.0,3
2026-08-25T01:00,21.9,0.0,13.3,24.1,33600.0,3
2026-08-25T02:00,21.3,0.0,5.4,8.3,4200.0,3
2026-08-25T03:00,22.0,0.0,3.7,6.5,11180.0,51
2026-08-25T04:00,21.0,0.0,2.4,3.6,4780.0,53
2026-08-25T05:00,20.7,0.0,5.1,3.6,3220.0,53
2026-08-25T06:00,20.8,0.3,7.3,12.6,25020.0,61
2026-08-25T07:00,20.4,0.0,6.1,15.1,8260.0,3
2026-08-25T08:00,19.9,0.0,6.1,6.5,5700.0,61
2026-08-25T09:00,20.4,0.2,4.7,4.7,6620.0,3
2026-08-25T10:00,21.6,0.2,7.9,8.3,19260.0,3
2026-08-25T11:00,23.7,0.0,12.6,19.8,37620.0,2
2026-08-25T12:00,25.5,0.0,15.6,27.0,11780.0,61
2026-08-25T13:00,25.9,0.0,19.2,31.3,9720.0,2
2026-08-25T14:00,26.7,0.0,16.2,32.0,6520.0,2
2026-08-25T15:00,27.1,0.0,14.5,31.3,12000.0,2
2026-08-25T16:00,27.8,0.0,21.3,31.7,15600.0,3
2026-08-25T17:00,27.6,0.0,21.9,33.8,22120.0,3
2026-08-25T18:00,27.4,0.0,17.4,29.5,32380.0,1
2026-08-25T19:00,26.6,0.0,18.7,29.2,41040.0,0
2026-08-25T20:00,25.4,0.0,12.6,20.9,41040.0,0
2026-08-25T21:00,23.6,0.0,8.0,10.4,37620.0,3
2026-08-25T22:00,22.5,0.0,6.6,7.2,37600.0,3
2026-08-25T23:00,21.6,0.0,4.7,7.6,33560.0,2
2026-08-26T00:00,20.3,0.0,4.0,5.8,29740.0,3
2026-08-26T01:00,19.4,0.0,3.3,6.5,29740.0,3
2026-08-26T02:00,18.6,0.0,1.5,2.2,29740.0,3
2026-08-26T03:00,18.4,0.0,1.8,2.2,24980.0,3
2026-08-26T04:00,18.4,0.0,5.6,4.7,17540.0,3
2026-08-26T05:00,18.1,0.0,5.8,7.2,17540.0,3
2026-08-26T06:00,18.2,0.0,8.0,13.0,17540.0,3
2026-08-26T07:00,18.2,0.0,9.5,16.6,24960.0,3
2026-08-26T08:00,19.0,0.0,11.6,19.8,24960.0,3
2026-08-26T09:00,20.6,0.0,10.9,15.8,29740.0,3
2026-08-26T10:00,23.1,0.0,15.0,20.9,33540.0,3
2026-08-26T11:00,25.3,0.0,15.6,26.6,37580.0,3
2026-08-26T12:00,28.8,0.0,22.6,38.2,41000.0,3
2026-08-26T13:00,30.6,0.0,26.9,43.9,41000.0,3
2026-08-26T14:00,31.5,0.0,21.5,41.8,48420.0,3
2026-08-26T15:00,33.0,0.0,20.4,34.9,48420.0,2
2026-08-26T16:00,33.9,0.0,20.9,36.4,15820.0,1
2026-08-26T17:00,34.4,0.0,19.5,29.5,48400.0,3
2026-08-26T18:00,34.2,0.0,18.7,28.4,7680.0,1
2026-08-26T19:00,33.6,0.0,13.5,29.2,8200.0,0
2026-08-26T20:00,31.9,0.0,6.4,18.4,44120.0,3
2026-08-26T21:00,28.9,0.0,19.7,38.2,41000.0,3
2026-08-26T22:00,26.4,0.0,24.6,33.1,40980.0,3
2026-08-26T23:00,23.7,0.0,22.5,31.3,24880.0,51
2026-08-27T00:00,21.8,1.3,6.6,16.6,36900.0,3
2026-08-27T01:00,21.3,0.0,4.2,10.1,33720.0,3
2026-08-27T02:00,20.4,0.0,7.1,6.1,32360.0,3
2026-08-27T03:00,19.4,0.0,9.4,9.0,29360.0,3
2026-08-27T04:00,18.9,0.0,7.1,9.4,29700.0,3
2026-08-27T05:00,18.5,0.0,6.5,5.8,24920.0,3
2026-08-27T06:00,18.5,0.0,8.1,12.6,24920.0,3
2026-08-27T07:00,18.0,0.0,8.0,16.2,24920.0,3
2026-08-27T08:00,18.5,0.0,4.4,7.9,19880.0,3
2026-08-27T09:00,19.8,0.0,4.3,11.2,24920.0,3
2026-08-27T10:00,21.5,0.0,9.8,15.5,4800.0,3
2026-08-27T11:00,22.9,0.0,14.4,21.2,7760.0,3
2026-08-27T12:00,23.9,0.0,13.2,23.0,7220.0,55
2026-08-27T13:00,24.1,0.5,10.5,13.7,23500.0,3
2026-08-27T14:00,24.6,0.0,9.9,18.0,40960.0,3
2026-08-27T15:00,25.8,0.0,1.1,18.7,44080.0,3
2026-08-27T16:00,27.3,0.0,3.1,24.8,44080.0,3
2026-08-27T17:00,28.3,0.0,7.5,24.1,7160.0,2
2026-08-27T18:00,24.6,0.0,4.1,35.3,23300.0,0
2026-08-27T19:00,24.7,0.6,7.6,16.6,40940.0,3
2026-08-27T20:00,24.6,0.0,5.4,13.7,24380.0,3
2026-08-27T21:00,22.7,0.0,1.8,7.9,24360.0,0
2026-08-27T22:00,21.3,0.0,5.8,14.4,8380.0,3
2026-08-27T23:00,20.7,0.0,8.4,17.6,23440.0,0
2026-08-28T00:00,21.1,0.0,9.4,5.4,24900.0,0
2026-08-28T01:00,20.6,0.0,11.3,13.3,4840.0,3
2026-08-28T02:00,19.9,0.0,10.8,16.6,25840.0,0
2026-08-28T03:00,18.7,0.0,16.4,20.9,11260.0,0
2026-08-28T04:00,18.6,0.0,20.5,29.2,19480.0,1
2026-08-28T05:00,18.0,0.2,19.2,28.4,3820.0,51
2026-08-28T06:00,17.1,0.1,15.8,32.0,3900.0,63
2026-08-28T07:00,16.8,0.6,18.9,34.9,5520.0,53
2026-08-28T08:00,16.8,0.7,24.5,29.9,5380.0,51
2026-08-28T09:00,17.5,0.1,17.8,30.2,16080.0,51
2026-08-28T10:00,20.1,0.0,17.8,34.2,7660.0,0
2026-08-28T11:00,21.6,0.0,27.5,45.7,4260.0,3
2026-08-28T12:00,22.4,0.0,24.9,43.9,9880.0,3
2026-08-28T13:00,22.7,0.0,28.3,38.9,30220.0,1
2026-08-28T14:00,23.1,0.0,27.8,41.4,9360.0,3
2026-08-28T15:00,25.0,0.0,23.1,39.2,14120.0,2
2026-08-28T16:00,25.3,0.0,25.8,37.4,44020.0,0
2026-08-28T17:00,25.3,0.0,23.4,35.6,48300.0,0
2026-08-28T18:00,25.3,0.0,23.5,32.4,48280.0,0
2026-08-28T19:00,24.5,0.0,20.7,33.8,44000.0,0
2026-08-28T20:00,22.8,0.0,20.7,32.4,44000.0,0
2026-08-28T21:00,21.6,0.0,19.0,25.9,16300.0,0
2026-08-28T22:00,21.0,0.0,18.0,28.8,19880.0,3
2026-08-28T23:00,20.1,0.1,16.5,24.5,21240.0,3
2026-08-29T00:00,21.1,0.0,20.3,24.1,17620.0,0
2026-08-29T01:00,20.6,0.0,17.6,28.1,26860.0,0
2026-08-29T02:00,20.3,0.0,17.4,26.3,13920.0,3
2026-08-29T03:00,20.3,0.0,14.7,24.1,18300.0,3
2026-08-29T04:00,20.2,0.0,11.9,22.7,14500.0,3
2026-08-29T05:00,20.4,0.0,11.7,15.5,22800.0,2
2026-08-29T06:00,19.7,0.0,12.5,16.2,22900.0,1
2026-08-29T07:00,18.9,0.0,11.3,13.0,20540.0,3
2026-08-29T08:00,18.6,0.0,12.7,15.5,22920.0,2
2026-08-29T09:00,20.1,0.0,14.3,19.1,17620.0,3
2026-08-29T10:00,22.2,0.0,17.3,26.6,23540.0,3
2026-08-29T11:00,23.7,0.0,18.1,30.6,17240.0,3
2026-08-29T12:00,25.9,0.0,16.3,31.3,19360.0,3
2026-08-29T13:00,26.8,0.0,17.6,33.5,43960.0,1
2026-08-29T14:00,27.6,0.0,17.7,34.9,48240.0,3
2026-08-29T15:00,28.2,0.0,14.4,37.4,48240.0,2
2026-08-29T16:00,28.7,0.0,23.4,37.4,48240.0,3
2026-08-29T17:00,28.2,0.0,24.8,40.0,48240.0,3
2026-08-29T18:00,27.7,0.0,18.7,32.8,43960.0,3
2026-08-29T19:00,26.6,0.0,18.4,32.0,43960.0,0
2026-08-29T20:00,24.6,0.0,19.1,27.4,40840.0,0
2026-08-29T21:00,23.0,0.0,10.8,21.6,40840.0,3
2026-08-29T22:00,21.5,0.0,10.4,19.8,37420.0,0
2026-08-29T23:00,20.5,0.0,9.0,13.7,30200.0,1
2026-08-30T00:00,20.2,0.0,11.2,11.5,28580.0,3
2026-08-30T01:00,19.7,0.0,9.2,14.0,24820.0,3
2026-08-30T02:00,19.1,0.0,7.7,14.0,11800.0,3
2026-08-30T03:00,19.6,0.0,6.3,12.2,10220.0,3
2026-08-30T04:00,19.8,0.0,7.4,10.1,14420.0,3
2026-08-30T05:00,19.7,0.0,4.8,10.8,16200.0,3
2026-08-30T06:00,19.7,0.0,7.0,9.4,13260.0,3
2026-08-30T07:00,19.4,0.0,7.6,9.7,15700.0,3
2026-08-30T08:00,19.6,0.0,8.2,11.5,6480.0,3
2026-08-30T09:00,20.5,0.0,6.2,10.8,9020.0,3
2026-08-30T10:00,21.3,0.0,6.8,11.9,12280.0,3
2026-08-30T11:00,22.4,0.0,4.1,14.4,18520.0,51
2026-08-30T12:00,22.2,0.0,4.4,13.0,16880.0,3
2026-08-30T13:00,23.1,0.0,2.3,10.1,10700.0,3
2026-08-30T14:00,23.9,2.0,15.8,36.0,4660.0,51
2026-08-30T15:00,20.9,0.0,14.6,30.6,13900.0,3
2026-08-30T16:00,22.8,0.0,14.7,28.1,37400.0,3
2026-08-30T17:00,21.7,0.0,13.2,34.6,15540.0,3
2026-08-30T18:00,22.2,0.0,16.3,29.2,40800.0,2
2026-08-30T19:00,22.6,0.0,14.1,28.4,40780.0,0
2026-08-30T20:00,22.0,0.0,11.2,25.6,40780.0,0
2026-08-30T21:00,20.7,0.0,11.9,23.8,37380.0,0
2026-08-30T22:00,19.2,0.0,9.0,16.6,37380.0,3
2026-08-30T23:00,18.0,0.0,9.9,15.5,35020.0,0
2026-08-31T00:00,17.6,0.0,10.2,12.6,31680.0,0
2026-08-31T01:00,17.2,0.0,9.7,14.8,29220.0,0
2026-08-31T02:00,16.5,0.0,10.5,13.0,33380.0,0
2026-08-31T03:00,15.7,0.0,11.3,13.7,33380.0,0
2026-08-31T04:00,16.8,0.0,11.9,13.3,24760.0,2
2026-08-31T05:00,16.1,0.0,11.0,9.0,27760.0,3
2026-08-31T06:00,15.9,0.0,11.9,16.2,15020.0,2
2026-08-31T07:00,15.9,0.0,9.8,14.4,14260.0,3
2026-08-31T08:00,16.7,0.0,10.2,14.8,10360.0,51
2026-08-31T09:00,18.4,0.0,11.8,14.4,13780.0,0
2026-08-31T10:00,20.2,0.0,14.3,22.7,6640.0,2
2026-08-31T11:00,21.5,0.0,15.4,28.4,6900.0,3
2026-08-31T12:00,23.3,0.0,17.7,29.2,9960.0,3
2026-08-31T13:00,24.8,0.0,20.3,33.1,43860.0,2
2026-08-31T14:00,25.9,0.0,20.3,33.1,43860.0,2
2026-08-31T15:00,26.6,0.0,19.1,31.7,43840.0,1
2026-08-31T16:00,26.4,0.0,18.9,30.6,43840.0,1
2026-08-31T17:00,26.2,0.0,18.7,31.0,43840.0,1
2026-08-31T18:00,25.5,0.0,18.7,27.7,43840.0,0
2026-08-31T19:00,24.6,0.0,15.3,24.8,43840.0,0
2026-08-31T20:00,22.9,0.0,14.3,21.2,40740.0,0
2026-08-31T21:00,20.5,0.0,11.4,18.7,37340.0,0
2026-08-31T22:00,18.8,0.0,11.1,15.8,37340.0,0
2026-08-31T23:00,17.5,0.0,9.2,15.8,37340.0,0
2026-09-01T00:00,16.3,0.0,7.6,7.9,33340.0,0
2026-09-01T01:00,15.3,0.0,3.0,6.5,33340.0,0
2026-09-01T02:00,14.6,0.0,4.3,6.5,29500.0,0
2026-09-01T03:00,13.8,0.0,0.4,4.3,29500.0,0
2026-09-01T04:00,12.8,0.0,3.7,2.2,24720.0,1
2026-09-01T05:00,12.2,0.0,2.6,3.2,24720.0,2
2026-09-01T06:00,12.6,0.0,4.2,4.0,24720.0,3
2026-09-01T07:00,12.8,0.0,2.6,2.9,17300.0,0
2026-09-01T08:00,12.1,0.0,5.8,5.4,17300.0,3
2026-09-01T09:00,15.3,0.0,5.3,9.4,24720.0,3
2026-09-01T10:00,19.1,0.0,11.8,14.4,33320.0,3
2026-09-01T11:00,20.8,0.0,13.1,21.6,37320.0,3
2026-09-01T12:00,22.6,0.0,10.2,21.2,40700.0,3
2026-09-01T13:00,23.7,0.0,6.2,21.2,43800.0,3
2026-09-01T14:00,24.9,0.0,6.4,19.1,43800.0,3
2026-09-01T15:00,26.3,0.0,8.7,20.2,43800.0,3
2026-09-01T16:00,26.5,0.0,9.7,21.2,43780.0,3
2026-09-01T17:00,26.6,0.0,6.9,20.5,43780.0,3
2026-09-01T18:00,27.0,0.0,3.6,16.9,43780.0,3
2026-09-01T19:00,26.4,0.0,6.3,14.8,43780.0,0
2026-09-01T20:00,25.0,0.0,9.4,15.5,40680.0,1
2026-09-01T21:00,22.8,0.0,12.6,19.1,40680.0,0
2026-09-01T22:00,20.9,0.0,13.0,18.7,37300.0,0
2026-09-01T23:00,19.3,0.0,11.3,23.8,37300.0,0
2026-09-02T00:00,18.3,0.0,10.0,15.5,37280.0,0
2026-09-02T01:00,17.2,0.0,7.9,14.8,37280.0,1
2026-09-02T02:00,16.5,0.0,6.5,12.2,29460.0,0
2026-09-02T03:00,15.4,0.0,3.4,5.4,29460.0,1
2026-09-02T04:00,15.1,0.0,4.7,4.3,29460.0,3
2026-09-02T05:00,14.4,0.0,2.3,3.6,29460.0,1
2026-09-02T06:00,13.7,0.0,6.3,6.8,29460.0,3
2026-09-02T07:00,13.3,0.0,5.4,6.8,24680.0,3
2026-09-02T08:00,13.2,0.0,4.7,5.8,16160.0,3
2026-09-02T09:00,16.2,0.0,4.0,5.4,29460.0,3
2026-09-02T10:00,20.0,0.0,7.6,10.8,37280.0,3
2026-09-02T11:00,22.0,0.0,8.0,18.4,40660.0,3
2026-09-02T12:00,23.6,0.0,5.1,15.5,40660.0,0
2026-09-02T13:00,25.4,0.0,6.6,18.4,43740.0,0
2026-09-02T14:00,27.0,0.0,7.5,20.1,43740.0,2
2026-09-02T15:00,28.2,0.0,9.1,22.1,48020.0,3
2026-09-02T16:00,28.5,0.0,15.3,29.2,48020.0,3
2026-09-02T17:00,27.9,0.0,15.6,29.5,48000.0,3
2026-09-02T18:00,26.7,0.0,16.0,29.2,48000.0,3
2026-09-02T19:00,25.2,0.0,13.8,28.4,43720.0,3
2026-09-02T20:00,23.1,0.0,13.8,24.1,43720.0,3
2026-09-02T21:00,20.7,0.0,11.8,22.0,40640.0,3
2026-09-02T22:00,18.8,0.0,9.8,17.3,37240.0,3
2026-09-02T23:00,17.3,0.0,6.4,11.5,37240.0,3
2026-09-03T00:00,15.9,0.0,5.3,10.8,33280.0,2
2026-09-03T01:00,15.1,0.0,3.9,4.3,33260.0,1
2026-09-03T02:00,14.3,0.0,2.5,3.2,29440.0,0
2026-09-03T03:00,13.1,0.0,2.6,5.4,29420.0,3
2026-09-03T04:00,12.5,0.0,5.3,4.0,29420.0,0
2026-09-03T05:00,12.6,0.0,5.9,4.7,29420.0,3
2026-09-03T06:00,12.1,0.0,5.4,4.7,29420.0,3
2026-09-03T07:00,11.4,0.0,4.8,4.3,24640.0,3
2026-09-03T08:00,11.6,0.0,3.9,3.2,24640.0,0
2026-09-03T09:00,15.1,0.0,2.1,2.5,24640.0,0
2026-09-03T10:00,20.2,0.0,6.9,13.7,33260.0,0
2026-09-03T11:00,22.5,0.0,7.7,16.9,40600.0,1
2026-09-03T12:00,24.3,0.0,7.6,16.6,40600.0,0
2026-09-03T13:00,26.3,0.0,6.8,17.3,43680.0,0
2026-09-03T14:00,28.4,0.0,6.4,15.8,47960.0,0
2026-09-03T15:00,29.8,0.0,7.6,13.7,47960.0,0
2026-09-03T16:00,30.7,0.0,7.2,17.3,54540.0,0
2026-09-03T17:00,31.9,0.0,5.9,16.9,54520.0,0
2026-09-03T18:00,32.0,0.0,8.2,17.3,54520.0,0
2026-09-03T19:00,31.2,0.0,7.1,16.2,54520.0,0
2026-09-03T20:00,29.7,0.0,7.9,11.9,47940.0,0
2026-09-03T21:00,26.1,0.0,9.6,14.0,47940.0,0
2026-09-03T22:00,23.7,0.0,10.6,15.1,47940.0,0
2026-09-03T23:00,21.8,0.0,9.2,11.5,43660.0,0
2026-09-04T00:00,20.4,0.0,5.3,10.4,43660.0,0
2026-09-04T01:00,19.4,0.0,6.8,10.4,40580.0,0
2026-09-04T02:00,18.6,0.0,7.2,12.2,37200.0,0
2026-09-04T03:00,18.4,0.0,9.0,10.8,37200.0,0
2026-09-04T04:00,17.3,0.0,7.5,10.1,37200.0,0
2026-09-04T05:00,16.8,0.0,4.8,6.5,37200.0,0
2026-09-04T06:00,15.7,0.0,3.1,5.4,37180.0,0
2026-09-04T07:00,15.0,0.0,4.2,7.9,37180.0,2
2026-09-04T08:00,15.5,0.0,5.5,7.9,37180.0,0
2026-09-04T09:00,19.1,0.0,5.8,9.0,37180.0,0
2026-09-04T10:00,23.9,0.0,4.8,8.6,40560.0,0
2026-09-04T11:00,27.9,0.0,3.8,9.4,43640.0,0
2026-09-04T12:00,30.8,0.0,3.2,15.8,47900.0,0
2026-09-04T13:00,32.7,0.0,2.1,19.1,54480.0,0
2026-09-04T14:00,34.4,0.0,2.9,20.9,54480.0,0
2026-09-04T15:00,35.9,0.0,10.6,24.8,54480.0,0
2026-09-04T16:00,36.2,0.0,12.4,30.2,54460.0,0
2026-09-04T17:00,35.8,0.0,13.2,29.5,54460.0,0
2026-09-04T18:00,34.7,0.0,16.4,28.8,54460.0,0
2026-09-04T19:00,31.8,0.0,16.9,30.6,47900.0,0
2026-09-04T20:00,29.9,0.0,14.8,24.5,47880.0,0
2026-09-04T21:00,25.6,0.0,12.2,24.5,43620.0,0
2026-09-04T22:00,22.9,0.0,9.9,16.2,43600.0,0
2026-09-04T23:00,20.6,0.0,7.9,13.7,40520.0,2
2026-09-05T00:00,19.3,0.0,7.1,8.3,37160.0,0
2026-09-05T01:00,17.8,0.0,5.7,5.8,33200.0,2
2026-09-05T02:00,17.1,0.0,4.3,6.5,24560.0,3
2026-09-05T03:00,17.4,0.0,7.0,9.0,17140.0,3
2026-09-05T04:00,18.2,0.0,8.4,10.4,480.0,3
2026-09-05T05:00,18.4,0.0,7.2,14.4,200.0,3
2026-09-05T06:00,18.7,0.0,8.2,18.7,180.0,3
2026-09-05T07:00,18.5,0.0,8.5,19.8,120.0,3
2026-09-05T08:00,18.7,0.0,3.9,16.2,220.0,3
2026-09-05T09:00,19.7,0.0,4.9,11.2,1360.0,2
2026-09-05T10:00,20.7,0.0,9.3,13.0,4360.0,3
2026-09-05T11:00,22.5,0.0,9.5,15.8,14100.0,3
2026-09-05T12:00,24.8,0.0,9.5,18.4,20320.0,0
2026-09-05T13:00,27.2,0.0,11.5,21.6,40500.0,1
2026-09-05T14:00,29.3,0.0,11.2,22.3,43580.0,2
2026-09-05T15:00,30.3,0.0,12.9,23.8,47840.0,0
2026-09-05T16:00,31.2,0.0,11.1,24.5,47840.0,0
2026-09-05T17:00,32.2,0.0,13.4,20.9,47840.0,0
2026-09-05T18:00,32.6,0.0,13.7,22.3,47840.0,0
2026-09-05T19:00,32.6,0.0,14.1,23.4,47840.0,0
2026-09-05T20:00,31.2,0.0,12.7,22.7,47840.0,3
2026-09-05T21:00,28.2,0.0,9.4,14.4,47820.0,3
2026-09-05T22:00,26.1,0.0,7.7,13.7,47820.0,3
2026-09-05T23:00,25.2,0.0,11.3,21.6,43560.0,2
2026-09-06T00:00,24.0,0.0,9.2,13.7,43540.0,3
2026-09-06T01:00,23.4,0.0,8.7,12.6,43540.0,3
2026-09-06T02:00,22.8,0.0,7.8,13.3,40460.0,3
2026-09-06T03:00,22.6,0.0,9.2,13.7,40460.0,3
2026-09-06T04:00,22.8,0.0,8.9,10.4,40460.0,3
2026-09-06T05:00,22.6,0.0,8.1,15.1,40460.0,3
2026-09-06T06:00,22.0,0.0,4.8,3.6,40460.0,1
2026-09-06T07:00,22.2,0.0,3.6,4.3,40460.0,3
2026-09-06T08:00,21.8,0.0,10.2,19.1,37100.0,3
2026-09-06T09:00,23.7,0.0,10.9,26.3,37100.0,3
2026-09-06T10:00,25.6,0.0,15.7,27.0,40460.0,3
2026-09-06T11:00,28.1,0.0,9.7,22.0,40440.0,3
2026-09-06T12:00,31.2,0.0,8.4,11.2,43520.0,3
2026-09-06T13:00,32.4,0.0,5.2,16.9,47800.0,3
2026-09-06T14:00,33.2,0.0,2.9,19.4,54360.0,3
2026-09-06T15:00,33.6,0.0,1.8,19.4,54360.0,3
2026-09-06T16:00,35.0,0.0,5.4,14.8,54340.0,0
2026-09-06T17:00,37.0,0.0,22.3,25.9,54340.0,3
2026-09-06T18:00,33.7,0.0,25.1,37.1,54340.0,0
2026-09-06T19:00,31.8,0.0,17.4,33.8,54340.0,1
2026-09-06T20:00,28.9,0.0,5.7,19.1,43500.0,0
2026-09-06T21:00,26.3,0.0,2.5,10.8,40420.0,1
2026-09-06T22:00,24.8,0.0,12.2,19.4,40420.0,0
2026-09-06T23:00,23.7,0.0,15.1,23.0,37060.0,0
2026-09-07T00:00,22.6,0.0,13.9,20.9,33120.0,0
2026-09-07T01:00,21.7,0.0,15.0,23.0,24480.0,2
2026-09-07T02:00,21.2,0.0,10.3,16.6,24480.0,0
2026-09-07T03:00,21.0,0.0,10.9,18.0,24480.0,1
2026-09-07T04:00,21.2,0.0,12.0,18.7,17060.0,3
2026-09-07T05:00,21.4,0.0,11.6,17.6,17060.0,3
2026-09-07T06:00,20.9,0.0,11.6,23.0,16840.0,3
2026-09-07T07:00,20.5,0.0,6.5,19.4,15240.0,3
2026-09-07T08:00,20.2,0.0,7.2,13.0,16680.0,3
2026-09-07T09:00,21.2,0.0,8.7,12.6,29260.0,3
2026-09-07T10:00,22.8,0.0,11.2,17.3,37040.0,3
2026-09-07T11:00,24.6,0.0,9.8,20.5,40400.0,3
2026-09-07T12:00,26.1,0.0,7.7,21.6,40400.0,3
2026-09-07T13:00,28.3,0.0,8.1,20.5,40400.0,3
2026-09-07T14:00,29.7,0.0,10.0,22.7,43460.0,2
2026-09-07T15:00,30.5,0.0,13.5,28.8,43460.0,0
2026-09-07T16:00,30.7,0.0,15.5,27.0,43460.0,0
2026-09-07T17:00,30.3,0.0,16.8,31.0,43460.0,0
2026-09-07T18:00,29.1,0.0,17.4,28.8,43460.0,0
2026-09-07T19:00,27.6,0.0,17.3,28.1,40380.0,0
2026-09-07T20:00,25.0,0.0,16.3,27.7,40380.0,0
2026-09-07T21:00,23.1,0.0,10.5,18.4,37020.0,0
2026-09-07T22:00,21.8,0.0,10.2,21.6,33100.0,0
2026-09-07T23:00,20.4,0.0,8.2,18.4,33100.0,0
2026-09-08T00:00,19.5,0.0,7.0,10.4,29240.0,0
2026-09-08T01:00,19.5,0.0,6.5,12.6,24440.0,3
2026-09-08T02:00,19.2,0.0,5.1,11.2,24440.0,3
2026-09-08T03:00,19.2,0.0,3.6,9.7,24440.0,3
2026-09-08T04:00,19.3,0.0,3.8,6.1,24440.0,3
2026-09-08T05:00,19.2,0.0,4.7,0.4,5080.0,3
2026-09-08T06:00,19.3,0.0,7.2,12.2,5540.0,3
2026-09-08T07:00,19.4,0.0,5.6,11.5,9300.0,3
2026-09-08T08:00,19.2,0.0,5.2,11.2,8440.0,3
2026-09-08T09:00,20.2,0.0,8.9,14.8,32560.0,3
2026-09-08T10:00,21.4,0.0,11.2,19.1,36400.0,2
2026-09-08T11:00,22.4,0.0,14.7,22.7,17620.0,3
2026-09-08T12:00,24.2,0.0,18.9,31.7,23360.0,3
2026-09-08T13:00,23.9,0.0,20.4,31.7,26000.0,3
2026-09-08T14:00,25.1,0.0,26.9,33.8,21320.0,3
2026-09-08T15:00,27.2,0.0,23.9,37.8,43400.0,3
2026-09-08T16:00,27.0,0.0,26.8,43.2,43400.0,3
2026-09-08T17:00,23.8,0.0,27.9,40.0,40340.0,3
2026-09-08T18:00,22.9,0.0,23.9,38.9,7620.0,51
2026-09-08T19:00,22.0,0.1,19.6,33.5,4260.0,55
2026-09-08T20:00,19.8,0.0,19.2,29.5,9920.0,51
2026-09-08T21:00,18.6,0.0,16.6,24.8,26060.0,3
2026-09-08T22:00,17.9,0.0,7.4,22.3,21420.0,3
2026-09-08T23:00,18.2,0.0,8.0,15.1,30380.0,3
2026-09-09T00:00,17.8,0.0,9.7,22.7,30160.0,3
2026-09-09T01:00,17.0,0.0,11.0,18.7,27920.0,3
2026-09-09T02:00,15.9,0.0,11.6,13.0,36980.0,3
2026-09-09T03:00,15.6,0.0,7.4,16.9,36980.0,0
2026-09-09T04:00,15.2,0.0,8.0,10.8,36460.0,0
2026-09-09T05:00,13.8,0.0,7.6,11.9,29820.0,0
2026-09-09T06:00,14.1,0.0,6.6,11.9,27840.0,0
2026-09-09T07:00,13.7,0.0,2.9,11.9,32960.0,0
2026-09-09T08:00,12.3,0.0,4.5,11.9,15700.0,0
2026-09-09T09:00,14.1,0.0,4.8,7.9,34880.0,0
2026-09-09T10:00,16.7,0.0,12.0,13.3,40300.0,0
2026-09-09T11:00,19.6,0.0,13.0,18.7,47640.0,0
2026-09-09T12:00,21.0,0.0,17.1,28.8,47620.0,0
2026-09-09T13:00,22.1,0.0,15.5,31.3,47620.0,0
2026-09-09T14:00,22.7,0.0,16.0,32.8,47620.0,0
2026-09-09T15:00,23.0,0.0,14.2,27.0,47620.0,2
2026-09-09T16:00,22.7,0.0,15.8,30.6,47620.0,2
2026-09-09T17:00,23.2,0.0,16.8,32.4,47620.0,2
2026-09-09T18:00,22.6,0.0,17.9,32.0,47620.0,0
2026-09-09T19:00,21.7,0.0,17.4,27.4,47620.0,0
2026-09-09T20:00,19.7,0.0,14.3,23.8,47620.0,0
2026-09-09T21:00,17.7,0.0,9.9,19.4,43340.0,0
2026-09-09T22:00,16.2,0.0,6.9,15.1,40280.0,0
2026-09-09T23:00,14.6,0.0,5.9,14.0,40280.0,0
2026-09-10T00:00,13.4,0.0,5.1,4.7,40280.0,0
2026-09-10T01:00,12.9,0.0,4.7,5.8,40280.0,0
2026-09-10T02:00,12.0,0.0,5.6,2.9,36940.0,0
2026-09-10T03:00,11.2,0.0,4.3,4.7,36940.0,0
2026-09-10T04:00,10.4,0.0,6.1,1.1,36920.0,2
2026-09-10T05:00,9.7,0.0,5.4,4.7,36920.0,3
2026-09-10T06:00,10.8,0.0,2.8,3.2,33020.0,3
2026-09-10T07:00,10.9,0.0,0.4,2.5,33020.0,3
2026-09-10T08:00,8.5,0.0,3.4,4.7,33020.0,3
2026-09-10T09:00,11.2,0.0,4.4,5.8,33000.0,3
2026-09-10T10:00,14.7,0.0,4.8,5.8,36920.0,3
2026-09-10T11:00,18.6,0.0,5.2,11.5,40240.0,3
2026-09-10T12:00,21.2,0.0,5.8,15.1,43300.0,3
2026-09-10T13:00,22.6,0.0,7.4,17.3,47580.0,1
2026-09-10T14:00,23.5,0.0,2.2,16.9,47560.0,0
2026-09-10T15:00,24.3,0.0,3.6,13.0,54120.0,0
2026-09-10T16:00,25.1,0.0,2.8,16.2,54120.0,0
2026-09-10T17:00,26.7,0.0,13.2,19.4,54100.0,0
2026-09-10T18:00,24.4,0.0,17.8,36.0,47560.0,0
2026-09-10T19:00,23.2,0.0,16.8,28.1,47560.0,0
2026-09-10T20:00,21.3,0.0,15.1,23.8,43280.0,3
2026-09-10T21:00,18.9,0.0,10.2,17.3,40220.0,0
2026-09-10T22:00,17.0,0.0,6.2,14.0,40220.0,0
2026-09-10T23:00,15.5,0.0,4.9,9.4,40220.0,0
2026-09-11T00:00,14.2,0.0,5.9,8.3,40220.0,0
2026-09-11T01:00,13.5,0.0,4.7,6.1,40220.0,0
2026-09-11T02:00,13.0,0.0,1.5,4.7,36880.0,0
2026-09-11T03:00,11.8,0.0,4.7,4.3,36880.0,3
2026-09-11T04:00,11.4,0.0,5.2,4.0,36880.0,0
2026-09-11T05:00,10.9,0.0,3.2,3.6,32980.0,3
2026-09-11T06:00,10.4,0.0,4.3,2.9,32980.0,2
2026-09-11T07:00,10.3,0.0,4.8,4.0,32980.0,1
2026-09-11T08:00,10.5,0.0,4.4,5.8,32980.0,0
2026-09-11T09:00,12.9,0.0,4.1,2.9,36880.0,0
2026-09-11T10:00,16.9,0.0,8.8,11.9,36880.0,0
2026-09-11T11:00,21.0,0.0,13.5,18.4,40200.0,0
2026-09-11T12:00,23.1,0.0,14.6,28.1,43240.0,3
2026-09-11T13:00,24.2,0.0,12.6,28.4,43240.0,0
2026-09-11T14:00,25.5,0.0,12.9,25.6,47520.0,0
2026-09-11T15:00,25.8,0.0,12.3,26.6,47520.0,2
2026-09-11T16:00,26.4,0.0,13.4,24.1,47500.0,2
2026-09-11T17:00,25.8,0.0,15.5,25.9,47500.0,3
2026-09-11T18:00,24.6,0.0,20.9,32.4,47500.0,0
2026-09-11T19:00,23.3,0.0,20.3,30.6,43240.0,0
2026-09-11T20:00,21.7,0.0,15.8,24.8,40180.0,2
2026-09-11T21:00,19.7,0.0,9.7,15.5,40180.0,0
2026-09-11T22:00,18.0,0.0,6.9,11.2,36860.0,0
2026-09-11T23:00,16.8,0.0,5.8,10.4,36860.0,0
2026-09-12T00:00,16.0,0.0,6.0,13.0,36840.0,2
2026-09-12T01:00,15.2,0.0,3.3,4.3,36840.0,2
2026-09-12T02:00,14.3,0.0,3.3,3.2,32940.0,1
2026-09-12T03:00,13.6,0.0,2.4,4.3,32940.0,3
2026-09-12T04:00,12.7,0.0,3.2,2.5,29080.0,1
2026-09-12T05:00,13.3,0.0,4.5,5.8,29080.0,0
2026-09-12T06:00,13.0,0.0,3.1,4.0,29080.0,2
2026-09-12T07:00,11.2,0.0,5.4,5.4,24280.0,3
2026-09-12T08:00,11.7,0.0,5.6,5.8,24280.0,3
2026-09-12T09:00,14.7,0.0,3.6,7.9,24280.0,3
2026-09-12T10:00,18.4,0.0,3.9,5.8,29080.0,3
2026-09-12T11:00,22.1,0.0,6.0,10.4,36820.0,0
2026-09-12T12:00,24.8,0.0,7.6,14.4,43200.0,3
2026-09-12T13:00,26.3,0.0,9.3,22.7,43180.0,3
2026-09-12T14:00,27.3,0.0,9.7,22.3,47460.0,3
2026-09-12T15:00,28.1,0.0,8.9,25.6,47460.0,3
2026-09-12T16:00,28.9,0.0,9.8,22.3,47460.0,0
2026-09-12T17:00,29.5,0.0,13.3,20.9,47460.0,0
2026-09-12T18:00,29.1,0.0,12.7,22.0,47440.0,3
2026-09-12T19:00,27.8,0.0,18.3,25.2,47440.0,3
2026-09-12T20:00,25.5,0.0,18.2,23.4,47440.0,3
2026-09-12T21:00,22.7,0.0,13.2,23.4,40120.0,3
2026-09-12T22:00,20.9,0.0,12.3,20.2,36800.0,1
2026-09-12T23:00,19.4,0.0,10.4,19.4,36800.0,0
2026-09-13T00:00,18.0,0.0,7.9,14.4,36800.0,0
2026-09-13T01:00,17.2,0.0,8.8,16.2,36800.0,0
2026-09-13T02:00,16.6,0.0,7.6,11.9,32920.0,0
2026-09-13T03:00,16.1,0.0,7.7,9.7,32920.0,0
2026-09-13T04:00,15.5,0.0,6.6,10.8,32920.0,0
2026-09-13T05:00,14.8,0.0,5.6,7.9,32920.0,0
2026-09-13T06:00,14.3,0.0,6.6,9.4,32900.0,0
2026-09-13T07:00,13.7,0.0,3.1,5.8,32900.0,0
2026-09-13T08:00,13.3,0.0,3.3,5.8,32900.0,0
2026-09-13T09:00,16.0,0.0,4.1,7.9,32900.0,0
2026-09-13T10:00,20.7,0.0,8.4,10.4,36780.0,0
2026-09-13T11:00,24.3,0.0,4.7,11.5,43140.0,1
2026-09-13T12:00,27.1,0.0,6.4,16.6,47400.0,1
2026-09-13T13:00,29.0,0.0,8.9,18.7,53940.0,0
2026-09-13T14:00,29.9,0.0,8.2,22.3,53940.0,0
2026-09-13T15:00,30.9,0.0,7.2,19.8,53940.0,0
2026-09-13T16:00,31.6,0.0,10.5,20.9,53940.0,0
2026-09-13T17:00,31.8,0.0,6.2,22.0,53920.0,0
2026-09-13T18:00,31.6,0.0,8.4,18.4,53920.0,3
2026-09-13T19:00,30.8,0.0,10.7,16.2,53920.0,3
2026-09-13T20:00,28.6,0.0,13.2,21.2,47380.0,3
2026-09-13T21:00,25.1,0.0,13.0,19.1,47380.0,3
2026-09-13T22:00,23.3,0.0,10.4,16.9,43120.0,3
2026-09-13T23:00,21.9,0.0,9.6,15.8,43120.0,3
2026-09-14T00:00,21.1,0.0,10.9,14.8,43120.0,3
2026-09-14T01:00,20.4,0.0,9.3,14.0,40080.0,3
2026-09-14T02:00,19.5,0.0,6.6,12.2,40060.0,3
2026-09-14T03:00,18.8,0.0,7.1,11.5,40060.0,1
2026-09-14T04:00,17.7,0.0,6.6,9.4,40060.0,0
2026-09-14T05:00,17.1,0.0,5.1,7.2,40060.0,0
2026-09-14T06:00,16.5,0.0,6.5,7.2,36760.0,0
2026-09-14T07:00,15.8,0.0,4.9,8.3,36740.0,0
2026-09-14T08:00,15.7,0.0,4.0,7.9,36740.0,0
2026-09-14T09:00,18.6,0.0,3.7,9.4,36740.0,0
2026-09-14T10:00,23.1,0.0,6.7,11.9,40060.0,0
2026-09-14T11:00,26.7,0.0,5.1,13.0,43080.0,1
2026-09-14T12:00,29.4,0.0,5.8,15.1,47360.0,1
2026-09-14T13:00,31.6,0.0,8.2,19.1,53880.0,0
2026-09-14T14:00,33.1,0.0,8.1,20.9,53860.0,0
2026-09-14T15:00,34.1,0.0,5.9,21.2,53860.0,0
2026-09-14T16:00,34.5,0.0,6.9,21.6,53860.0,3
2026-09-14T17:00,34.9,0.0,7.6,21.2,53860.0,3
2026-09-14T18:00,34.6,0.0,6.9,18.0,53860.0,3
2026-09-14T19:00,33.8,0.0,5.4,14.0,53860.0,2
2026-09-14T20:00,31.2,0.0,16.3,15.8,53860.0,0
2026-09-14T21:00,27.9,0.0,13.0,20.9,47340.0,0
2026-09-14T22:00,25.8,0.0,10.9,17.3,47320.0,0
2026-09-14T23:00,24.1,0.0,9.1,14.8,43060.0,0
2026-09-15T00:00,23.1,0.0,9.5,15.1,43060.0,0
2026-09-15T01:00,21.8,0.0,6.8,11.5,43060.0,0
2026-09-15T02:00,20.7,0.0,5.4,12.2,43060.0,0
2026-09-15T03:00,19.4,0.0,3.3,11.2,43040.0,0
2026-09-15T04:00,18.3,0.0,1.5,2.9,43040.0,0
2026-09-15T05:00,17.5,0.0,1.5,1.1,40020.0,0
2026-09-15T06:00,16.5,0.0,1.8,1.4,40020.0,0
2026-09-15T07:00,15.5,0.0,3.6,6.1,40020.0,0
2026-09-15T08:00,15.7,0.0,3.4,5.0,36700.0,0
2026-09-15T09:00,19.1,0.0,1.8,6.8,40000.0,0
2026-09-15T10:00,23.8,0.0,5.3,8.3,43040.0,0
2026-09-15T11:00,27.5,0.0,9.0,16.9,47300.0,0
2026-09-15T12:00,30.7,0.0,12.0,21.2,47300.0,0
2026-09-15T13:00,33.2,0.0,14.6,27.0,53820.0,0
2026-09-15T14:00,34.2,0.0,18.2,33.1,53820.0,0
2026-09-15T15:00,34.1,0.0,20.6,32.8,47300.0,0
2026-09-15T16:00,32.6,0.0,28.0,42.5,47280.0,0
2026-09-15T17:00,30.8,0.0,25.4,37.8,47280.0,2
2026-09-15T18:00,29.1,0.0,24.4,36.7,43020.0,0
2026-09-15T19:00,27.0,0.0,23.1,37.8,47280.0,0
2026-09-15T20:00,23.3,0.0,20.4,35.3,43020.0,0
2026-09-15T21:00,20.9,0.0,19.1,32.0,36680.0,3
2026-09-15T22:00,20.1,0.0,17.3,29.2,32820.0,0
2026-09-15T23:00,19.7,0.0,16.8,27.0,28940.0,0
2026-09-16T00:00,19.4,0.0,17.8,30.2,28300.0,0
2026-09-16T01:00,19.1,0.0,16.0,29.5,28660.0,2
2026-09-16T02:00,19.4,0.0,14.6,24.5,32820.0,3
2026-09-16T03:00,19.5,0.0,15.0,23.4,36680.0,3
2026-09-16T04:00,19.4,0.0,12.5,22.3,32820.0,3
2026-09-16T05:00,18.8,0.0,16.8,25.6,35380.0,51
2026-09-16T06:00,18.1,0.0,16.0,25.9,39980.0,3
2026-09-16T07:00,16.4,0.0,15.2,30.6,39980.0,2
2026-09-16T08:00,15.5,0.0,12.7,20.2,36680.0,1
2026-09-16T09:00,15.9,0.0,11.5,21.6,36680.0,0
2026-09-16T10:00,18.0,0.0,13.8,23.4,40000.0,2
2026-09-16T11:00,20.0,0.0,12.1,24.8,43020.0,0
2026-09-16T12:00,21.7,0.0,13.7,27.0,43020.0,0
2026-09-16T13:00,23.0,0.0,11.4,27.0,47280.0,1
2026-09-16T14:00,24.0,0.0,11.1,24.8,47280.0,2
2026-09-16T15:00,24.6,0.0,14.6,27.4,53820.0,2
2026-09-16T16:00,24.4,0.0,14.7,28.1,53820.0,3
2026-09-16T17:00,24.7,0.0,16.7,29.5,47300.0,3
2026-09-16T18:00,23.7,0.0,20.2,33.8,47300.0,0
2026-09-16T19:00,22.0,0.0,20.1,33.8,43040.0,0
2026-09-16T20:00,19.8,0.0,18.8,28.8,33280.0,0
2026-09-16T21:00,18.0,0.0,13.3,25.6,40020.0,0
2026-09-16T22:00,16.8,0.0,8.5,16.9,36720.0,0
2026-09-16T23:00,15.5,0.0,3.6,4.7,36720.0,0
2026-09-17T00:00,14.5,0.0,4.0,5.0,36720.0,0
2026-09-17T01:00,13.8,0.0,4.5,4.3,32860.0,0
2026-09-17T02:00,13.4,0.0,4.0,5.0,28980.0,0
2026-09-17T03:00,12.2,0.0,7.0,5.0,29000.0,3
2026-09-17T04:00,11.7,0.0,6.3,6.5,29000.0,3
2026-09-17T05:00,11.2,0.0,5.6,4.7,29000.0,3
2026-09-17T06:00,11.2,0.0,4.6,4.3,29000.0,3
2026-09-17T07:00,11.3,0.0,8.0,6.5,29000.0,3
2026-09-17T08:00,10.9,0.0,7.6,11.2,500.0,3
2026-09-17T09:00,12.7,0.0,4.4,7.2,4420.0,3
2026-09-17T10:00,16.0,0.0,8.2,11.5,32180.0,3
2026-09-17T11:00,18.8,0.0,8.0,13.0,11840.0,3
2026-09-17T12:00,20.3,0.0,12.0,19.1,11900.0,3
2026-09-17T13:00,19.8,0.0,10.5,23.4,11540.0,3
2026-09-17T14:00,21.2,0.0,6.5,18.4,7260.0,3
2026-09-17T15:00,22.2,0.0,7.5,24.5,9220.0,3
2026-09-17T16:00,23.3,0.0,16.6,30.2,43080.0,3
2026-09-17T17:00,23.3,0.0,18.6,27.4,43080.0,3
2026-09-17T18:00,22.3,0.0,20.1,31.3,43080.0,3
2026-09-17T19:00,21.4,0.0,16.9,25.9,43080.0,3
2026-09-17T20:00,19.7,0.0,14.7,26.6,40060.0,3
2026-09-17T21:00,18.5,0.0,9.0,15.1,36760.0,3
2026-09-17T22:00,17.3,0.0,9.1,15.1,36760.0,3
2026-09-17T23:00,16.4,0.0,8.7,10.1,36760.0,3
2026-09-18T00:00,15.2,0.0,7.6,7.6,36780.0,3
2026-09-18T01:00,15.9,0.0,9.8,10.4,36780.0,3
2026-09-18T02:00,16.0,0.0,10.5,13.7,32920.0,3
2026-09-18T03:00,15.9,0.0,10.9,11.9,32920.0,3
2026-09-18T04:00,15.3,0.0,13.7,15.1,32920.0,3
2026-09-18T05:00,15.6,0.0,11.8,15.1,32920.0,0
2026-09-18T06:00,14.8,0.0,11.5,10.4,10260.0,3
2026-09-18T07:00,15.1,0.0,5.3,7.9,3680.0,53
2026-09-18T08:00,15.2,0.2,1.9,7.9,22660.0,51
2026-09-18T09:00,16.0,0.0,4.0,6.5,21280.0,3
2026-09-18T10:00,17.5,0.0,7.1,15.1,26700.0,3
2026-09-18T11:00,19.1,0.0,8.9,18.4,29260.0,2
2026-09-18T12:00,20.3,0.0,13.6,20.2,34640.0,2
2026-09-18T13:00,21.6,0.0,12.3,22.7,40100.0,1
2026-09-18T14:00,22.5,0.0,9.7,22.7,43120.0,3
2026-09-18T15:00,23.5,0.0,12.4,24.1,43120.0,3
2026-09-18T16:00,24.2,0.0,13.3,25.2,47380.0,3
2026-09-18T17:00,23.9,0.0,11.1,22.0,47380.0,3
2026-09-18T18:00,23.6,0.0,10.5,20.9,47380.0,3
2026-09-18T19:00,21.8,0.0,16.9,25.9,43120.0,3
2026-09-18T20:00,19.2,0.0,14.0,26.3,43140.0,2
2026-09-18T21:00,17.0,0.0,9.8,20.5,40120.0,3
2026-09-18T22:00,15.3,0.0,7.4,15.5,40120.0,3
2026-09-18T23:00,14.1,0.0,5.4,11.5,40120.0,3
2026-09-19T00:00,13.4,0.0,5.5,5.8,36820.0,3
2026-09-19T01:00,12.4,0.0,3.7,3.6,36820.0,2
2026-09-19T02:00,11.5,0.0,2.7,2.5,36820.0,3
2026-09-19T03:00,10.6,0.0,4.7,4.3,36820.0,3
2026-09-19T04:00,10.0,0.0,5.4,5.0,36840.0,1
2026-09-19T05:00,9.9,0.0,5.4,6.1,36840.0,3
2026-09-19T06:00,9.5,0.0,5.2,5.0,36840.0,3
2026-09-19T07:00,9.0,0.0,5.3,5.4,36840.0,0
2026-09-19T08:00,9.3,0.0,3.2,5.0,32980.0,0
2026-09-19T09:00,11.0,0.0,3.4,5.4,29120.0,0
2026-09-19T10:00,16.2,0.0,4.9,8.3,36840.0,0
2026-09-19T11:00,19.6,0.0,3.8,10.1,40140.0,0
2026-09-19T12:00,21.8,0.0,3.1,12.6,43160.0,0
2026-09-19T13:00,23.5,0.0,4.7,16.9,43160.0,0
2026-09-19T14:00,24.8,0.0,5.1,19.8,43160.0,0
2026-09-19T15:00,26.0,0.0,6.4,17.6,47420.0,0
2026-09-19T16:00,26.9,0.0,6.1,18.4,47420.0,0
2026-09-19T17:00,27.5,0.0,4.9,16.2,47420.0,0
2026-09-19T18:00,27.4,0.0,9.0,16.9,47420.0,2
2026-09-19T19:00,26.2,0.0,11.7,21.6,47420.0,0
2026-09-19T20:00,24.0,0.0,10.8,13.0,43180.0,0
2026-09-19T21:00,21.2,0.0,12.4,15.1,43180.0,0
2026-09-19T22:00,19.2,0.0,13.6,19.8,40160.0,0
2026-09-19T23:00,18.2,0.0,14.6,20.9,36880.0,0
2026-09-20T00:00,17.3,0.0,11.0,20.5,36880.0,0
2026-09-20T01:00,16.1,0.0,8.6,14.0,36880.0,0
2026-09-20T02:00,15.2,0.0,8.2,10.4,36880.0,0
2026-09-20T03:00,14.6,0.0,8.4,14.8,33020.0,0
2026-09-20T04:00,13.8,0.0,5.8,11.2,33020.0,0
2026-09-20T05:00,13.1,0.0,6.9,12.6,33020.0,0
2026-09-20T06:00,12.8,0.0,6.6,12.6,29160.0,0
2026-09-20T07:00,12.2,0.0,5.7,5.8,29160.0,0
2026-09-20T08:00,12.2,0.0,6.1,8.6,29160.0,3
2026-09-20T09:00,14.0,0.0,4.5,5.0,29160.0,0
2026-09-20T10:00,18.1,0.0,7.1,11.5,33040.0,0
2026-09-20T11:00,21.5,0.0,6.4,13.3,36900.0,0
2026-09-20T12:00,24.7,0.0,8.9,18.0,40200.0,0
2026-09-20T13:00,26.8,0.0,11.2,22.7,43220.0,0
2026-09-20T14:00,28.0,0.0,11.3,24.8,47460.0,1
2026-09-20T15:00,28.8,0.0,11.1,24.8,47460.0,0
2026-09-20T16:00,29.1,0.0,14.9,25.6,47460.0,0
2026-09-20T17:00,28.8,0.0,15.6,25.2,53960.0,3
2026-09-20T18:00,28.2,0.0,13.9,24.8,53960.0,3
2026-09-20T19:00,27.3,0.0,15.9,20.9,47460.0,3
2026-09-20T20:00,25.0,0.0,10.3,16.9,47460.0,3
2026-09-20T21:00,21.9,0.0,8.9,13.3,43220.0,3
2026-09-20T22:00,19.8,0.0,9.8,16.9,40220.0,2
2026-09-20T23:00,18.4,0.0,9.5,14.8,36920.0,3
2026-09-21T00:00,17.1,0.0,7.6,18.4,36920.0,3
2026-09-21T01:00,16.3,0.0,7.7,13.0,36920.0,3
2026-09-21T02:00,16.0,0.0,9.7,14.8,36940.0,3
2026-09-21T03:00,15.5,0.0,9.5,13.0,36940.0,3
2026-09-21T04:00,14.8,0.0,8.0,8.6,36940.0,3
2026-09-21T05:00,14.4,0.0,8.5,9.7,36940.0,3
2026-09-21T06:00,13.7,0.0,8.3,10.1,36940.0,3
2026-09-21T07:00,13.1,0.0,8.7,12.2,36940.0,3
2026-09-21T08:00,13.1,0.0,8.6,13.7,33080.0,2
2026-09-21T09:00,14.8,0.0,7.3,11.9,33080.0,3
2026-09-21T10:00,18.3,0.0,9.9,16.2,36940.0,0
2026-09-21T11:00,21.6,0.0,13.5,23.4,36960.0,3
2026-09-21T12:00,24.5,0.0,15.3,24.1,40240.0,3
2026-09-21T13:00,26.9,0.0,16.0,26.6,43260.0,3
2026-09-21T14:00,29.0,0.0,15.7,28.4,47500.0,3
2026-09-21T15:00,30.0,0.0,15.9,29.9,47500.0,3
2026-09-21T16:00,30.5,0.0,17.5,28.1,47500.0,3
2026-09-21T17:00,30.5,0.0,17.7,30.2,47500.0,3
2026-09-21T18:00,29.5,0.0,19.8,28.8,47500.0,3
2026-09-21T19:00,28.3,0.0,18.6,28.4,47500.0,3
2026-09-21T20:00,26.0,0.0,16.9,23.0,47500.0,3
2026-09-21T21:00,24.0,0.0,14.8,21.6,47500.0,3
2026-09-21T22:00,22.8,0.0,14.9,21.6,47500.0,3
2026-09-21T23:00,21.9,0.0,14.6,24.8,54020.0,3
2026-09-22T00:00,20.9,0.0,14.5,21.6,47520.0,3
2026-09-22T01:00,20.0,0.0,14.4,20.2,47520.0,3
2026-09-22T02:00,19.0,0.0,12.7,19.4,47520.0,3
2026-09-22T03:00,18.0,0.0,12.6,18.7,43280.0,1
2026-09-22T04:00,16.9,0.0,11.5,17.6,43280.0,0
2026-09-22T05:00,16.1,0.0,11.4,19.4,43300.0,0
2026-09-22T06:00,15.1,0.0,9.4,16.2,43300.0,0
2026-09-22T07:00,13.9,0.0,9.4,15.8,43300.0,0
2026-09-22T08:00,13.1,0.0,8.9,14.8,43300.0,0
2026-09-22T09:00,14.3,0.0,10.5,15.1,43300.0,0
2026-09-22T10:00,17.3,0.0,15.0,22.0,43300.0,0
2026-09-22T11:00,20.2,0.0,16.8,25.2,47520.0,0
2026-09-22T12:00,22.4,0.0,14.1,24.1,47540.0,0
2026-09-22T13:00,25.1,0.0,11.9,25.2,54040.0,0
2026-09-22T14:00,27.0,0.0,14.8,23.0,54040.0,0
2026-09-22T15:00,29.0,0.0,14.6,24.5,54020.0,0
2026-09-22T16:00,30.0,0.0,14.0,26.3,54020.0,0
2026-09-22T17:00,30.6,0.0,13.2,24.8,54020.0,0
2026-09-22T18:00,30.5,0.0,12.2,22.7,54020.0,0
2026-09-22T19:00,29.9,0.0,11.5,18.7,54020.0,0
2026-09-22T20:00,26.7,0.0,5.9,10.8,54040.0,0
2026-09-22T21:00,23.1,0.0,6.8,5.8,54040.0,0
2026-09-22T22:00,21.1,0.0,6.4,6.8,54060.0,0
2026-09-22T23:00,20.4,0.0,11.1,16.6,54060.0,0
2026-09-23T00:00,18.6,0.0,8.7,12.6,54060.0,3
2026-09-23T01:00,17.3,0.0,5.9,8.6,54060.0,2
2026-09-23T02:00,15.7,0.0,3.9,3.6,54060.0,0
2026-09-23T03:00,14.6,0.0,3.9,6.1,54060.0,1
2026-09-23T04:00,13.6,0.0,7.1,6.8,54060.0,1
2026-09-23T05:00,13.5,0.0,4.5,7.6,47560.0,0
2026-09-23T06:00,12.6,0.0,1.8,3.2,47560.0,0
2026-09-23T07:00,10.2,0.0,1.3,4.0,47560.0,0
2026-09-23T08:00,10.2,0.0,1.1,1.8,43340.0,0
2026-09-23T09:00,12.5,0.0,4.1,5.8,43340.0,0
2026-09-23T10:00,18.0,0.0,5.5,9.7,47580.0,0
2026-09-23T11:00,21.5,0.0,3.4,9.4,47580.0,0
2026-09-23T12:00,24.4,0.0,2.2,6.1,54080.0,0
2026-09-23T13:00,27.5,0.0,3.3,12.2,54080.0,0
2026-09-23T14:00,29.8,0.0,5.3,14.8,54060.0,0
2026-09-23T15:00,30.9,0.0,2.2,14.4,54060.0,0
2026-09-23T16:00,32.1,0.0,5.1,16.2,54060.0,0
2026-09-23T17:00,32.2,0.0,9.2,18.7,54060.0,0
2026-09-23T18:00,31.4,0.0,12.4,27.4,54060.0,0
2026-09-23T19:00,30.4,0.0,7.8,15.1,54060.0,3
2026-09-23T20:00,27.0,0.0,6.2,8.3,54060.0,3
2026-09-23T21:00,22.9,0.0,7.3,10.1,54080.0,1
2026-09-23T22:00,20.9,0.0,6.7,8.6,54080.0,0
2026-09-23T23:00,19.3,0.0,5.6,6.8,54100.0,0
2026-09-24T00:00,17.7,0.0,4.7,5.8,54100.0,0
2026-09-24T01:00,16.8,0.0,5.4,6.5,54100.0,3
2026-09-24T02:00,17.1,0.0,3.5,9.4,47600.0,0
2026-09-24T03:00,15.9,0.0,2.5,11.5,47600.0,0
2026-09-24T04:00,13.6,0.0,1.8,3.6,47600.0,0
2026-09-24T05:00,12.7,0.0,4.5,4.0,43380.0,3
2026-09-24T06:00,12.2,0.0,1.9,1.8,43380.0,0
2026-09-24T07:00,11.8,0.0,6.5,7.2,43400.0,0
2026-09-24T08:00,12.1,0.0,6.3,7.6,40380.0,0
2026-09-24T09:00,13.5,0.0,3.3,7.2,40380.0,3
2026-09-24T10:00,18.1,0.0,5.7,8.3,43400.0,2
2026-09-24T11:00,22.6,0.0,6.4,10.4,47620.0,0
2026-09-24T12:00,27.0,0.0,7.9,16.2,54120.0,0
2026-09-24T13:00,29.8,0.0,7.7,16.2,54120.0,0
2026-09-24T14:00,31.9,0.0,9.8,18.7,54100.0,3
2026-09-24T15:00,33.6,0.0,12.0,20.5,54100.0,3
2026-09-24T16:00,34.2,0.0,10.1,23.4,54100.0,3
2026-09-24T17:00,34.9,0.0,11.6,18.0,54100.0,3
2026-09-24T18:00,34.6,0.0,11.0,20.9,54100.0,2
2026-09-24T19:00,33.3,0.0,11.0,18.0,54100.0,3
2026-09-24T20:00,30.1,0.0,12.2,15.1,54100.0,3
2026-09-24T21:00,26.5,0.0,9.4,15.8,54100.0,3
2026-09-24T22:00,23.8,0.0,8.7,8.6,54100.0,3
2026-09-24T23:00,21.6,0.0,3.8,5.8,54120.0,3
2026-09-25T00:00,20.5,0.0,5.4,4.7,54140.0,3
2026-09-25T01:00,19.2,0.0,8.7,7.6,54140.0,3
2026-09-25T02:00,17.7,0.0,5.5,10.8,47640.0,3
2026-09-25T03:00,17.2,0.0,5.2,6.1,47640.0,3
2026-09-25T04:00,16.0,0.0,7.8,5.8,43440.0,0
2026-09-25T05:00,15.1,0.0,9.4,13.0,43440.0,0
2026-09-25T06:00,15.2,0.0,8.3,13.7,43440.0,0
2026-09-25T07:00,15.0,0.0,8.8,11.2,37160.0,0
2026-09-25T08:00,15.3,0.0,5.0,6.8,29440.0,0
2026-09-25T09:00,16.7,0.0,11.5,10.4,33300.0,0
2026-09-25T10:00,20.7,0.0,16.8,23.0,37160.0,0
2026-09-25T11:00,24.2,0.0,18.0,26.6,40440.0,0
2026-09-25T12:00,26.8,0.0,21.8,27.0,43460.0,0
2026-09-25T13:00,28.7,0.0,21.3,32.8,47660.0,0
2026-09-25T14:00,29.4,0.0,20.3,32.8,43460.0,0
2026-09-25T15:00,29.6,0.0,19.9,32.4,43460.0,0
2026-09-25T16:00,29.2,0.0,20.0,31.7,43460.0,0
2026-09-25T17:00,27.8,0.0,20.5,31.0,40460.0,0
2026-09-25T18:00,26.3,0.0,19.2,28.4,40460.0,0
2026-09-25T19:00,24.0,0.0,18.0,27.0,37180.0,0
2026-09-25T20:00,22.0,0.0,15.9,25.2,37180.0,0
2026-09-25T21:00,20.8,0.0,12.2,18.0,32040.0,3
2026-09-25T22:00,20.3,0.0,10.9,16.2,28800.0,3
2026-09-25T23:00,20.6,0.0,10.6,18.0,29460.0,3
2026-09-26T00:00,20.8,0.0,10.1,14.8,29080.0,3
2026-09-26T01:00,20.6,0.0,8.0,9.7,23740.0,3
2026-09-26T02:00,20.5,0.0,6.5,10.1,29480.0,3
2026-09-26T03:00,19.8,0.0,7.3,8.6,28940.0,3
2026-09-26T04:00,18.9,0.0,11.2,15.1,29480.0,3
2026-09-26T05:00,18.5,0.0,5.1,5.8,29480.0,3
2026-09-26T06:00,18.2,0.0,3.9,6.1,24660.0,3
2026-09-26T07:00,18.0,0.0,4.0,4.7,24680.0,3
2026-09-26T08:00,17.9,0.0,4.1,5.4,24680.0,0
2026-09-26T09:00,18.6,0.0,4.2,5.4,29500.0,3
2026-09-26T10:00,20.0,0.0,7.7,11.5,37220.0,3
2026-09-26T11:00,21.5,0.0,9.0,19.8,40500.0,3
2026-09-26T12:00,23.4,0.0,10.8,20.5,43500.0,0
2026-09-26T13:00,24.9,0.0,8.4,22.3,43500.0,0
2026-09-26T14:00,26.1,0.0,7.3,22.7,43500.0,0
2026-09-26T15:00,27.2,0.0,1.8,21.6,47700.0,0
2026-09-26T16:00,28.1,0.0,6.9,16.2,47700.0,0
2026-09-26T17:00,28.0,0.0,6.5,1.8,47700.0,0
2026-09-26T18:00,27.5,0.0,7.6,18.0,47700.0,0
2026-09-26T19:00,26.5,0.0,8.3,16.2,47720.0,0
2026-09-26T20:00,24.8,0.0,1.5,11.2,47720.0,3
2026-09-26T21:00,21.3,0.0,10.1,17.3,43520.0,3
2026-09-26T22:00,19.8,0.0,9.8,12.2,40520.0,3
2026-09-26T23:00,18.5,0.0,5.1,9.7,37240.0,3
2026-09-27T00:00,17.8,0.0,4.0,4.7,37240.0,0
2026-09-27T01:00,16.8,0.0,4.0,6.5,33380.0,0
2026-09-27T02:00,16.1,0.0,0.8,1.1,29540.0,0
2026-09-27T03:00,15.0,0.0,2.8,4.3,29540.0,0
2026-09-27T04:00,14.7,0.0,5.2,3.2,24720.0,3
2026-09-27T05:00,15.4,0.0,3.4,6.5,29540.0,3
2026-09-27T06:00,15.7,0.0,3.8,10.4,33400.0,3
2026-09-27T07:00,16.1,0.0,5.8,9.4,37260.0,3
2026-09-27T08:00,16.7,0.0,4.5,8.6,33400.0,3
2026-09-27T09:00,17.8,0.0,7.3,11.5,37260.0,0
2026-09-27T10:00,19.9,0.0,7.5,14.8,37260.0,1
2026-09-27T11:00,22.2,0.0,13.2,21.2,40540.0,3
2026-09-27T12:00,24.8,0.0,6.8,19.8,43540.0,3
2026-09-27T13:00,26.8,0.0,4.7,16.6,43540.0,3
2026-09-27T14:00,29.1,0.0,5.7,18.4,47740.0,3
2026-09-27T15:00,30.3,0.0,7.1,18.4,47740.0,3
2026-09-27T16:00,31.1,0.0,7.1,22.0,47740.0,3
2026-09-27T17:00,30.2,0.0,4.6,17.3,47740.0,3
2026-09-27T18:00,28.6,0.0,5.9,21.2,47760.0,3
2026-09-27T19:00,27.7,0.0,10.3,15.1,47760.0,3
2026-09-27T20:00,25.4,0.0,10.8,15.1,43560.0,3
2026-09-27T21:00,23.5,0.0,7.6,10.8,40560.0,3
2026-09-27T22:00,22.5,0.0,10.8,15.8,40560.0,3
2026-09-27T23:00,21.6,0.0,9.7,15.1,40580.0,3
2026-09-28T00:00,20.9,0.0,9.4,16.9,37300.0,3
2026-09-28T01:00,20.4,0.0,10.2,19.8,36820.0,3
2026-09-28T02:00,20.1,0.0,10.4,15.1,33640.0,3
2026-09-28T03:00,19.7,0.0,11.2,15.1,15360.0,3
2026-09-28T04:00,19.6,0.0,20.2,23.0,29600.0,3
2026-09-28T05:00,19.3,0.1,18.0,14.0,6000.0,51
2026-09-28T06:00,19.4,0.0,19.2,18.4,11480.0,51
2026-09-28T07:00,19.0,0.0,20.8,29.5,27080.0,53
2026-09-28T08:00,19.6,0.0,18.1,30.6,13000.0,3
2026-09-28T09:00,19.8,0.2,18.5,29.9,36240.0,51
2026-09-28T10:00,20.7,0.0,16.7,24.8,37320.0,3
2026-09-28T11:00,22.0,0.0,21.5,33.5,40600.0,3
2026-09-28T12:00,24.7,0.0,23.8,33.1,40600.0,3
2026-09-28T13:00,26.1,0.0,21.7,38.2,43600.0,3
2026-09-28T14:00,27.1,0.0,15.5,28.8,43600.0,3
2026-09-28T15:00,29.5,0.0,13.6,27.4,43600.0,3
2026-09-28T16:00,29.9,0.0,10.1,22.7,47800.0,3
2026-09-28T17:00,30.2,0.0,8.0,20.5,47800.0,3
2026-09-28T18:00,29.9,0.0,7.2,18.7,47800.0,3
2026-09-28T19:00,29.1,0.0,5.0,17.3,47800.0,3
2026-09-28T20:00,27.4,0.0,9.4,14.8,43620.0,3
2026-09-28T21:00,25.8,0.0,9.3,13.0,43620.0,3
2026-09-28T22:00,24.7,0.0,10.7,15.5,8900.0,3
2026-09-28T23:00,24.3,0.0,12.2,17.3,3480.0,3
2026-09-29T00:00,24.4,0.0,14.9,20.5,24700.0,3
2026-09-29T01:00,23.9,0.0,16.7,19.4,24820.0,3
2026-09-29T02:00,19.9,2.8,19.2,45.7,2280.0,3
2026-09-29T03:00,20.7,2.7,5.7,22.7,17400.0,53
2026-09-29T04:00,19.6,0.1,19.0,33.1,6220.0,3
2026-09-29T05:00,19.1,0.0,11.7,20.2,6220.0,3
2026-09-29T06:00,19.3,0.0,13.0,10.4,17180.0,51
2026-09-29T07:00,18.8,0.0,17.2,23.4,17320.0,53
2026-09-29T08:00,18.9,0.0,14.3,25.6,24840.0,3
2026-09-29T09:00,19.6,0.0,11.2,19.4,24840.0,3
2026-09-29T10:00,21.3,0.0,16.4,24.8,29660.0,3
2026-09-29T11:00,23.2,0.0,16.9,27.4,37380.0,3
2026-09-29T12:00,25.7,0.0,19.2,28.8,40660.0,3
2026-09-29T13:00,27.3,0.0,22.6,40.0,47820.0,3
2026-09-29T14:00,28.8,0.0,21.3,40.7,47820.0,3
2026-09-29T15:00,29.7,0.0,20.8,36.7,54300.0,3
2026-09-29T16:00,30.0,0.0,23.2,38.5,54320.0,3
2026-09-29T17:00,30.3,0.0,19.3,38.2,13580.0,3
2026-09-29T18:00,29.5,0.0,17.6,29.5,39320.0,3
2026-09-29T19:00,28.7,0.0,16.7,29.2,54320.0,3
2026-09-29T20:00,26.9,0.0,7.3,21.6,47840.0,3
2026-09-29T21:00,25.1,0.0,7.6,10.8,47840.0,3
2026-09-29T22:00,25.4,0.0,13.7,16.6,47840.0,3
2026-09-29T23:00,25.6,0.0,17.8,29.9,47840.0,3
2026-09-30T00:00,24.5,0.0,21.4,29.5,43660.0,3
2026-09-30T01:00,23.9,0.0,20.9,34.6,43680.0,3
2026-09-30T02:00,23.2,0.0,19.5,29.2,40680.0,3
2026-09-30T03:00,22.8,0.0,16.6,26.3,40680.0,3
2026-09-30T04:00,22.6,0.0,17.6,24.5,40680.0,3
2026-09-30T05:00,22.3,0.0,13.2,25.2,40680.0,3
2026-09-30T06:00,22.1,0.0,13.4,22.7,40680.0,3
2026-09-30T07:00,22.1,0.0,12.2,20.9,37420.0,3
2026-09-30T08:00,22.0,0.0,14.1,19.4,10880.0,3
2026-09-30T09:00,22.0,0.0,13.9,23.8,3740.0,3
2026-09-30T10:00,23.0,0.0,14.2,23.4,24940.0,51
2026-09-30T11:00,23.5,0.0,13.4,25.2,6580.0,51
2026-09-30T12:00,23.0,0.0,11.1,38.5,31260.0,3
2026-09-30T13:00,24.5,0.0,6.8,19.8,10260.0,3
2026-09-30T14:00,25.7,0.0,9.4,30.2,40400.0,3
2026-09-30T15:00,27.3,0.0,12.7,24.1,40700.0,3
2026-09-30T16:00,28.2,0.0,11.1,25.2,40720.0,3
2026-09-30T17:00,26.9,0.0,16.5,24.1,7940.0,3
2026-09-30T18:00,19.9,0.5,18.8,42.1,21320.0,51
2026-09-30T19:00,18.9,0.5,10.7,25.9,15080.0,63
2026-09-30T20:00,18.5,4.6,10.7,28.4,2180.0,51
2026-09-30T21:00,16.9,4.4,27.2,34.9,1360.0,53
2026-09-30T22:00,15.8,9.7,18.8,28.1,1840.0,63
2026-09-30T23:00,16.4,0.9,6.6,12.2,5340.0,53
2026-10-01T00:00,16.0,0.0,9.0,7.6,4140.0,51
2026-10-01T01:00,16.1,0.0,10.3,12.6,23340.0,3
2026-10-01T02:00,16.4,0.0,10.4,13.7,17260.0,3
2026-10-01T03:00,15.9,0.0,8.2,14.4,16480.0,3
2026-10-01T04:00,16.9,0.0,9.3,16.9,9400.0,3
2026-10-01T05:00,17.0,0.0,9.4,15.8,16880.0,3
2026-10-01T06:00,17.2,0.0,6.8,12.6,29300.0,3
2026-10-01T07:00,16.7,0.0,6.4,14.0,11360.0,3
2026-10-01T08:00,17.0,0.0,7.9,9.7,16000.0,3
2026-10-01T09:00,17.6,0.0,7.6,10.4,29760.0,63
2026-10-01T10:00,17.9,0.0,5.9,9.0,33620.0,63
2026-10-01T11:00,18.5,0.0,6.1,14.0,37480.0,3
2026-10-01T12:00,18.8,0.0,6.9,19.1,40760.0,1
2026-10-01T13:00,19.6,0.0,5.1,18.7,40760.0,2
2026-10-01T14:00,20.3,0.0,7.7,15.8,34820.0,3
2026-10-01T15:00,22.4,0.0,6.6,16.6,40760.0,3
2026-10-01T16:00,22.7,0.0,7.8,19.1,43740.0,3
2026-10-01T17:00,22.5,0.0,1.6,19.1,43760.0,1
2026-10-01T18:00,22.3,0.0,8.7,18.7,43760.0,0
2026-10-01T19:00,20.4,0.0,10.8,23.8,40760.0,3
2026-10-01T20:00,19.4,0.0,8.3,10.8,40780.0,1
2026-10-01T21:00,17.6,0.0,8.2,14.8,40780.0,3
2026-10-01T22:00,16.3,0.0,8.4,16.2,40780.0,0
2026-10-01T23:00,15.6,0.0,9.5,15.5,40780.0,2
2026-10-02T00:00,15.5,0.0,9.6,13.3,37500.0,2
2026-10-02T01:00,14.6,0.0,8.0,15.8,37500.0,1
2026-10-02T02:00,14.6,0.0,10.2,20.5,37520.0,3
2026-10-02T03:00,13.9,0.0,8.3,17.6,37520.0,3
2026-10-02T04:00,15.1,0.0,8.7,14.0,33660.0,3
2026-10-02T05:00,14.7,0.0,8.7,16.9,33660.0,3
2026-10-02T06:00,13.6,0.0,6.9,11.9,33660.0,3
2026-10-02T07:00,12.4,0.0,6.6,7.9,33660.0,3
2026-10-02T08:00,12.2,0.0,5.2,7.6,33680.0,3
2026-10-02T09:00,12.8,0.0,4.9,6.8,33680.0,3
2026-10-02T10:00,15.9,0.0,7.4,11.2,33680.0,3
2026-10-02T11:00,18.4,0.0,11.7,15.8,37540.0,3
2026-10-02T12:00,20.4,0.0,9.2,16.9,37540.0,3
2026-10-02T13:00,21.7,0.0,11.0,19.1,40800.0,3
2026-10-02T14:00,22.6,0.0,12.8,23.0,43800.0,3
2026-10-02T15:00,24.5,0.0,13.9,21.2,43800.0,3
2026-10-02T16:00,25.1,0.0,11.8,22.3,43800.0,3
2026-10-02T17:00,25.5,0.0,13.1,19.8,43800.0,3
2026-10-02T18:00,24.8,0.0,12.6,20.5,43800.0,3
2026-10-02T19:00,23.7,0.0,11.6,15.1,40820.0,3
2026-10-02T20:00,22.1,0.0,7.6,11.5,40820.0,3
2026-10-02T21:00,20.2,0.0,5.6,7.2,37560.0,3
2026-10-02T22:00,19.0,0.0,7.2,8.6,37560.0,3
2026-10-02T23:00,17.9,0.0,6.8,8.3,37560.0,3
